Quote_TR,,Author,Topic
"Başarı, kişinin hayatta ulaştığı konumla değil, aştığı engellerle ölçülmelidir.",Success is to be measured not so much by the position that one has reached in life as by the obstacles which he has overcome.,Booker T. Washington,success
"Başarılı olmaya değil, değerli olmaya çalışın.","Strive not to be a success, but rather to be of value.",Albert Einstein,success
"Her zaman kendiniz olun, kendinizi ifade edin, kendinize inanın, dışarı çıkıp başarılı bir kişilik aramayın ve onu kopyalamayın.","Always be yourself, express yourself, have faith in yourself, do not go out and look for a successful personality and duplicate it.",Bruce Lee,success
Başarı mutluluğun anahtarı değildir. Mutluluk başarının anahtarıdır. Yaptığınız işi severseniz başarılı olursunuz.,"Success is not the key to happiness. Happiness is the key to success. If you love what you are doing, you will be successful.",Albert Schweitzer,success
"Hayat ne kadar zor görünürse görünsün, her zaman yapabileceğiniz ve başarabileceğiniz bir şey vardır.","However difficult life may seem, there is always something you can do and succeed at.",Stephen Hawking,success
"Başarı istediğini elde etmekse, mutluluk elde ettiğini istemektir.",Success is getting what you want. Happiness is wanting what you get.,Dale Carnegie,success
"Başarı, düştüğünüzde bir kez daha ayağa kalkmaktan ibarettir.",Success consists of getting up just one more time than you fall.,Oliver Goldsmith,success
Yenilmezlik savunmada yatar; zafer olasılığı ise saldırıdadır.,Invincibility lies in the defence; the possibility of victory in the attack.,Sun Tzu,success
"Başarılı olmak için başarısız olmanız gerekir, böylece bir dahaki sefere ne yapmamanız gerektiğini bilirsiniz.","In order to succeed you must fail, so that you know what not to do the next time.",Anthony J. D'Angelo,success
"Başarının formülü: Erken kalkın, çok çalışın, petrole kavuşun.","Formula for success: rise early, work hard, strike oil.",J. Paul Getty,success
Başarılı oluyorlar çünkü yapabileceklerini düşünüyorlar.,"They succeed, because they think they can.",Virgil,success
Başarı dokuz kez düşüp on kez kalkmaktır.,Success is falling nine times and getting up ten.,Jon Bon Jovi,success
"Başarılı olmak için dahi, ileri görüşlü, hatta üniversite mezunu olmanıza gerek yok. Sadece bir çerçeveye ve bir hayale ihtiyacınız var.",You don't have to be a genius or a visionary or even a college graduate to be successful. You just need a framework and a dream.,Michael Dell,success
Bir canın bile sen yaşadığın için daha rahat nefes aldığını bilmek. Bu başarılı olmaktır.,To know even one life has breathed easier because you have lived. This is to have succeeded.,Bessie Anderson Stanley,success
"Yenilgi, başarısızlıkların en kötüsü değildir. Denememek gerçek başarısızlıktır.",Defeat is not the worst of failures. Not to have tried is the true failure.,George Edward Woodberry,success
Başarı sonsuza kadar sürmez ve başarısızlık ölümcül değildir.,Success is not forever and failure isn't fatal.,Don Shula,success
"Başarısızlık, ders alırsak başarıdır.",Failure is success if we learn from it.,Malcolm Forbes,success
"Başarı, her gün uygulanan birkaç basit disiplinden ibarettir.","Success is nothing more than a few simple disciplines, practiced every day.",Jim Rohn,success
"Başarı, deneyenler ve denemeye devam edenler tarafından elde edilir ve sürdürülür.",Success is achieved and maintained by those who try and keep trying.,W. Clement Stone,success
"Başarılı olmak için kalbinizin işinizde, işinizin de kalbinizde olması gerekir.","To be successful, you have to have your heart in your business and your business in your heart.",Thomas J. Watson,success
"Başarılı bir insanla diğerleri arasındaki fark; güç eksikliği, bilgi eksikliği değil, irade eksikliğidir.","The difference between a successful person and others is not a lack of strength, not a lack of knowledge, but rather a lack of will.",Vince Lombardi,success
"Başarı, olabileceğinizin en iyisi olmak için elinizden gelenin en iyisini yaptığınızı bilmekten gelir.",Success comes from knowing that you did your best to become the best that you are capable of becoming.,John Wooden,success
Gerçekten nefret ettiğiniz bir şeyde başarılı olmaktansa sevdiğiniz bir şeyde başarısız olmak daha iyidir.,It is better to be a failure at something you love than to be a success at something you hate.,George Burns,success
"Başarı, önceden belirlenmiş, değerli kişisel hedeflerin aşamalı olarak gerçekleştirilmesidir.","Success is the progressive realization of predetermined, worthwhile, personal goals.",Paul J. Meyer,success
Geleceği etkili bir şekilde tasarlamak için öncelikle geçmişinizi bırakmalısınız.,"To design the future effectively, you must first let go of your past.",Charles J. Givens,success
Kendinize olan inancınız ve sıkı çalışmanız size her zaman başarı kazandıracaktır.,Self-belief and hard work will always earn you success.,Virat Kohli,success
"Başarı bir varış noktası değil, bir yolculuktur. Nasıl yapıldığı, çoğu zaman sonuçtan daha önemlidir.","Success is a journey, not a destination. The doing is often more important than the outcome.",Arthur Ashe,success
"Biraz daha azim, biraz daha çaba ve umutsuz görünen başarısızlıklar muhteşem bir başarıya dönüşebilir.","A little more persistence, a little more effort, and what seemed hopeless failure may turn to glorious success.",Elbert Hubbard,success
"Başarı neye sahip olduğunuzda değil, kim olduğunuzdadır.","Success is not in what you have, but who you are.",Bo Bennett,success
"Başarıya doğru ilk adım, kendinizi ilk bulduğunuz ortamın esiri olmayı reddettiğinizde atılır.",The first step toward success is taken when you refuse to be a captive of the environment in which you first find yourself.,Mark Caine,success
"Başarı, değerli bir hedefin veya idealin aşamalı olarak gerçekleştirilmesidir.",Success is the progressive realization of a worthy goal or ideal.,Earl Nightingale,success
"Başarısızlık mevsimi, başarı tohumlarını ekmek için en iyi zamandır.",The season of failure is the best time for sowing the seeds of success.,Paramahansa Yogananda,success
Para ve başarı insanları değiştirmez; sadece zaten orada olanı güçlendirirler.,Money and success don't change people; they merely amplify what is already there.,Will Smith,success
"Başarı asla hata yapmamak değil, aynı hatayı ikinci kez yapmamaktır.",Success does not consist in never making mistakes but in never making the same one a second time.,George Bernard Shaw,success
"Azim, başarının büyük bir unsurudur. Kapıyı yeterince uzun süre ve yeterince yüksek sesle çalarsanız, birilerini uyandıracağınızdan emin olabilirsiniz.","Perseverance is a great element of success. If you only knock long enough and loud enough at the gate, you are sure to wake up somebody.",Henry Wadsworth Longfellow,success
Başarı oranınızı artırmak istiyorsanız başarısızlık oranınızı ikiye katlayın.,"If you want to increase your success rate, double your failure rate.",Thomas J. Watson,success
Başarıya giden yol büyük ve kararlı eylemlerde bulunmaktan geçer.,"The path to success is to take massive, determined action.",Tony Robbins,success
Olumlu eyleminiz olumlu düşünceyle birleştiğinde başarı ile sonuçlanır.,Your positive action combined with positive thinking results in success.,Shiv Khera,success
"Gerçek başarı, başarısız olma korkusunu yenmektir.",True success is overcoming the fear of being unsuccessful.,Paul Sweeney,success
"Erteleme, en yaygın ve en ölümcül hastalıklardan biridir. Başarı ve mutluluk üzerindeki etkisi ağırdır.",Procrastination is one of the most common and deadliest of diseases and its toll on success and happiness is heavy.,Wayne Gretzky,success
Edindiğiniz her beceri başarı şansınızı ikiye katlar.,Every skill you acquire doubles your odds of success.,Scott Adams,success
Size başarının formülünü veremem ama başarısızlığın formülünü verebilirim: Herkesi memnun etmeye çalışın.,"I cannot give you the formula for success, but I can give you the formula for failure - which is: Try to please everybody.",Herbert Bayard Swope,success
Başarısızlık başarının anahtarıdır; Her hata bize bir şeyler öğretir.,Failure is the key to success; each mistake teaches us something.,Morihei Ueshiba,success
Başarı başarı üzerine kurulmaz. Başarısızlık üzerine inşa edilmiştir. Hayal kırıklığı üzerine inşa edilmiştir. Bazen felaket üzerine kuruludur.,Success is not built on success. It's built on failure. It's built on frustration. Sometimes its built on catastrophe.,Sumner Redstone,success
Her başarı yalnızca daha zor bir soruna giriş bileti satın alır.,Each success only buys an admission ticket to a more difficult problem.,Henry Kissinger,success
Başarı yüzde 99 başarısızlıktır.,Success is 99 percent failure.,Soichiro Honda,success
"Başarı, olmanız gerektiğine inandığınız kişi olma cesaretine, kararlılığına ve isteğine sahip olmak anlamına gelir.","Success means having the courage, the determination, and the will to become the person you believe you were meant to be.",George A. Sheehan,success
"Başarı neredeyse tamamen motivasyona ve kararlılığa bağlıdır. Kazanmanın sırrı, başka bir çaba göstermek veya başka bir yaklaşımı denemek için gereken ekstra enerjidir.",Success is almost totally dependent upon drive and persistence. The extra energy required to make another effort or try another approach is the secret of winning.,Denis Waitley,success
"Her zaman doğru kararları veremeyeceğimizi, bazen fena halde batıracağımızı kabul etmemiz gerekiyor; başarısızlığın başarının zıttı olmadığını, başarının bir parçası olduğunu anlamalıyız.","We need to accept that we won't always make the right decisions, that we'll screw up royally sometimes - understanding that failure is not the opposite of success, it's part of success.",Arianna Huffington,success
Hiçbir şey kolay gelmez. Başarı sadece kucağınıza düşmez. Bunun için her gün dışarı çıkıp mücadele etmelisiniz.,Nothing comes easy. Success doesn't just drop on your lap. You have to go out and fight for it every day.,Dana White,success
"Bazı insanlar başarıyı hayal eder, bazıları ise her sabah kalkıp bunu gerçekleştirir.","Some people dream of success, while other people get up every morning and make it happen.",Wayne Huizenga,success
Başarısızlık başarının bir parçasıdır.,Failure is a part of success.,Hank Aaron,success
Başarısızlığın tadını çıkarın ve ondan ders alın. Başarıdan asla ders alamazsınız.,Enjoy failure and learn from it. You can never learn from success.,James Dyson,success
"Başarınızın bir ölçüsü, sizinle çalışan diğer kişileri ne ölçüde geliştirdiğinizdir. Başkalarını geliştirirken, kendinizi geliştireceksiniz.","One measure of your success will be the degree to which you build up others who work with you. While building up others, you will build up yourself.",James E. Casey,success
"Başarı bir varış noktası değil, bir yolculuktur.","Success is a journey, not a destination.",Ben Sweetland,success
"Orada ne kadar uzun süre beklerseniz, sizin lehinize bir şeyin olma ihtimali o kadar artar. Ne kadar zor görünürse görünsün, ne kadar uzun süre ısrar ederseniz, başarı olasılığınız da o kadar artar.","The longer you hang in there, the greater the chance that something will happen in your favor. No matter how hard it seems, the longer you persist, the more likely your success.",Jack Canfield,success
Sıradan bir şeyi alışılmadık derecede iyi yapmak başarıyı getirir.,To do a common thing uncommonly well brings success.,Henry J. Heinz,success
İyi olan hiçbir şey kolay elde edilmez ve başarıya giden bir asansör yoktur. Merdivenleri kullanmalısın.,"Nothing good comes easy, and there's no elevator to success. You've got to take the stairs.",Carlos Correa,success
Her başarısızlık başarıya giden bir adımdır.,Every failure is a step to success.,William Whewell,success
"Başarının anahtarı iradedir. Başarılı insanlar, ne hissederlerse hissetsinler, ilgisizliğin, şüphenin veya korkunun üstesinden gelmek için iradelerini kullanarak çabalarlar.","Willpower is the key to success. Successful people strive no matter what they feel by applying their will to overcome apathy, doubt or fear.",Dan Millman,success
Bahaneler her zaman başarıyı yok eder.,Excuses destroy success every time.,Jon Taffer,success
"Başarı, incelikli ve karmaşık teoride uzmanlaşmak değil, daha ziyade sağduyuyu alışılmadık düzeylerde disiplin ve kararlılıkla kucaklamak meselesidir.","Success is not a matter of mastering subtle, sophisticated theory but rather of embracing common sense with uncommon levels of discipline and persistence.",Patrick Lencioni,success
"Eğer insanların içindeki en iyiyi ortaya çıkarabilirseniz, başarı da gelecektir.","If you can bring out the best in people, the success will follow.",Dawn Staley,success
"Hırs başarıya giden yoldur, ısrar ise varacağınız araçtır.","Ambition is the path to success, persistence is the vehicle you arrive in.",William Eardley IV,success
"Herhangi bir çabadaki başarı, bunun gerçek benliğinizin ne ölçüde bir ifadesi olduğuna bağlıdır.",Success in any endeavor depends on the degree to which it is an expression of your true self.,Ralph Marston,success
Başarının ölçüsü mutluluk ve huzurdur.,The measure of success is happiness and peace of mind.,Bobby Davro,success
"Başarı, zayıf yönlerimizi ortadan kaldırarak değil, güçlü yönlerimizi geliştirerek elde edilir.","Success is achieved by developing our strengths, not by eliminating our weaknesses.",Marilyn vos Savant,success
Başarıya giden kısayollar yoktur. Kendinize inanmalı ve asla pes etmemelisiniz.,"There are no shortcuts to success. You have to believe in yourself, and never give up.",Neha Dhupia,success
"Başarının sırrı, insanın hatasını fark etmesi, nerede hata yaptığını anlaması ve bu hatayı düzeltmek için adım atmasıdır.","The secret of success lies in realising one's mistake, understanding where one went wrong and taking steps to rectify that mistake.",J. Jayalalithaa,success
Sanırım bir dereceye kadar başarısızlık korkusuyla motive oluyorum ve başarıya ulaşmak için işleri gerektiği gibi yapmadığınızda neler olabileceğini bilmek beni motive ediyor.,I guess I'm motivated by the fear of failure to some degree and knowing what can happen when you don't do things the way you need to do them to have success.,Nick Saban,success
Durmaksızın tek bir amacı takip etmek: Başarının sırrı budur.,"To follow, without halt, one aim: that's the secret of success.",Anna Pavlova,success
"Başarı ve başarısızlıkta da durum aynıdır. Her zaman ivme olayı vardır, ancak geçmişte olanları arkanızda bırakmanız gerekir.","It's the same with success and failure. There's always the momentum thing, but you just have to put whatever happened in the past behind you.",Ben Stokes,success
Başarının gerçekten bir sırrı yok. Başarınızı kendiniz yaratırsınız.,There's really no secret to success. You make your own success.,Alex Morgan,success
Başarı bir gecede gerçekleşmez.,Success doesn't happen overnight.,Petra Collins,success
"Başarı asla başarısız olmamak değil, her düştüğünde ayağa kalkabilmektir!","Success is not in never failing, but rising everytime you fall!",Jonathan Taylor Thomas,success
"Disiplinli olduğunuz sürece başarılı olabilirsiniz. Disiplin, yapmanız gereken her şeyi yapmanızı sağlayan şeydir.","As long as you have discipline, you can be a success. Discipline is what makes you do everything you need to do.",Anthony Joshua,success
Paylaşılmayan başarı başarısızlıktır.,Success unshared is failure.,John Paul DeJoria,success
"Hepimiz belli bir düzeyde güçle doğduk. Başarının anahtarı, bu doğuştan gelen gücü keşfetmek ve onu her gün yolumuza çıkan zorluklarla başa çıkmak için kullanmaktır.",We were all born with a certain degree of power. The key to success is discovering this innate power and using it daily to deal with whatever challenges come our way.,Les Brown,success
Para başarıyı garanti etmez.,Money does not guarantee success.,Jose Mourinho,success
Başarıyı kişisel olarak bireyin kendisine ve hemcinslerine yaptığı katkılarla ölçtüğümü itiraf etmeliyim.,I must admit that I personally measure success in terms of the contributions an individual makes to her or his fellow human beings.,Margaret Mead,success
Başarı paylaşıldıkça güzeldir.,Success is best when it's shared.,Howard Schultz,success
Başarısızlığı kabul edebildiğinizde eğlenebilir ve başarıya ulaşabilirsiniz.,"Once you can accept failure, you can have fun and success.",Rickey Henderson,success
"Unutmayın, iyi hayatlara sahip olanlar hayalperestler değil, gerçekleştirenlerdir. ","Remember, it isn't the dreamers who have good lives - it's the doers. ",Homer Hickam,success
"Başarı bir süreçtir, bir zihin kalitesi ve varoluş biçimidir, yaşamın içtenlikle onaylanmasıdır.","Success is a process, a quality of mind and way of being, an outgoing affirmation of life.",Alex Noble,success
Bir gecede başarı diye bir şey yoktur.,There's no such thing as an overnight success.,Tory Burch,success
"Kazanan, umutlu, canlı, neşeli zihin tutumudur. İyimserlik başarıyı inşa eder; karamsarlık başarı katilidir.","It is the hopeful, buoyant, cheerful attitude of mind that wins. Optimism is a success builder; pessimism an achievement killer.",Orison Swett Marden,success
"Başarının sırrı, acının ve zevkin sizi kullanması yerine, acıyı ve zevki nasıl kullanacağınızı öğrenmektir. Bunu yaparsanız hayatınızın kontrolü sizdedir. Eğer yapmazsan hayat seni kontrol eder.","The secret of success is learning how to use pain and pleasure instead of having pain and pleasure use you. If you do that, you're in control of your life. If you don't, life controls you.",Tony Robbins,success
Başarı tamamen kararlılıkla ve uzun vadede doğru olanı yapmakla ilgilidir.,Success is all about persistence and doing the right thing for the long term.,Bruce Rauner,success
"Başarı, terimin genel kabul görmüş anlamıyla, içimizdeki güçleri maksimum düzeyde deneyimleme ve gerçekleştirme fırsatı anlamına gelir.","Success, in a generally accepted sense of the term, means the opportunity to experience and to realize to the maximum the forces that are within us.",David Sarnoff,success
Başarının çok dikenli bir pakette geldiğini öğrendim. Kabul edip etmemek size kalmış.,I've learned that success comes in a very prickly package. Whether you choose to accept it or not is up to you.,Sandra Bullock,success
"Başarı asla nihai değildir, başarısızlık asla ölümcül değildir. Önemli olan cesarettir.","Success is never final, failure is never fatal. It's courage that counts.",John Wooden,success
Başarı genellikle kolay veya hızlı değildir.,Success is not usually easy or fast.,Henry Mancini,success
Başarıyla doğduk. Başarısızlıklarımıza dikkat çekenler ve bize başarısızlık olarak atfettikleri şeyler yalnızca başkalarıdır.,"We're born with success. It is only others who point out our failures, and what they attribute to us as failure.",Whoopi Goldberg,success
"Başarıdan hiçbir şey öğrenemezsiniz, yalnızca başarısızlıktan öğrenirsiniz.","You cannot learn anything from success, you only learn from failure.",Jim Dale,success
"Terinizin tadını çıkarın çünkü çok çalışmak başarıyı garanti etmez, ancak o olmadan hiçbir şansınız yoktur.","Enjoy your sweat because hard work doesn't guarantee success, but without it you don't have a chance.",Alex Rodriguez,success
Başarıya giden yolda daima başarısızlığı geçersiniz.,You always pass failure on your way to success.,Mickey Rooney,success
Hiçbir şey başarı kadar başarılı olamaz derler. Ve kesinlikle başarısızlık kadar başarısız olan hiçbir şey yoktur.,"Nothing succeeds, they say, like success. And certainly nothing fails like failure.",Margaret Drabble,success
Başarıya giden yol ile başarısızlığa giden yol neredeyse aynıdır.,The road to success and the road to failure are almost exactly the same.,Colin R. Davis,success
Başarının çalışmaktan önce geldiği tek yer sözlüktür.,The only place success comes before work is in the dictionary.,Vince Lombardi,success
Başarı genellikle onu arayamayacak kadar meşgul olanların başına gelir.,Success usually comes to those who are too busy to be looking for it.,Henry David Thoreau,success
"Başarının herhangi bir sırrı varsa, o da diğer kişinin bakış açısını anlama ve olayları kendi açınızdan olduğu kadar o kişinin açısından da görebilme yeteneğinde yatmaktadır.","If there is any one secret of success, it lies in the ability to get the other person's point of view and see things from that person's angle as well as from your own.",Henry Ford,success
"Büyük insanların çoğu, en büyük başarılarına, en büyük başarısızlıklarının sadece bir adım ötesinde ulaştılar.",Most great people have attained their greatest success just one step beyond their greatest failure.,Napoleon Hill,success
Sözlükte bile çaba ve mücadelenin başarıdan önce geldiğini daima unutmayın.,"Always remember that striving and struggle precede success, even in the dictionary.",Sarah Ban Breathnach,success
Termodinamiğin Dördüncü Yasası: Başarı olasılığı neredeyse bir değilse sıfıra yakındır.,"Fourth Law of Thermodynamics: If the probability of success is not almost one, then it is damn near zero.",David R. Ellis,success
Mutlu olmak çok önemli. Her şeyde başarı mutluluktan geçer.,Being happy is of the utmost importance. Success in anything is through happiness.,Maharishi Mahesh Yogi,success
Her zaman parlak ışıklar olmuyor. Bazen başarıya ulaşabilmek için karanlık tünellerden geçmeniz gerekir.,There's not always bright lights. Sometimes you have to go through dark tunnels to be able to get to the success.,DeSean Jackson,success
Başarı kalıcı değildir ve başarısızlık ölümcül değildir.,Success isn't permanent and failure isn't fatal.,Mike Ditka,success
Hiçbir şeyin tadı başarı gibi değildir.,Nothing tastes like success.,Kartik Aaryan,success
Başarınızın sırrını kendinize sorun. Cevabınızı dinleyin ve uygulayın.,"Ask yourself the secret of your success. Listen to your answer, and practice it.",Richard Bach,success
"Başarınız ve mutluluğunuz sizin elinizdedir. Mutlu olmaya kararlı olun; neşeniz ve siz, zorluklara karşı yenilmez bir ordu oluşturacaksınız.","Your success and happiness lies in you. Resolve to keep happy, and your joy and you shall form an invincible host against difficulties.",Helen Keller,success
"Başarı mükemmelliğin, sıkı çalışmanın, başarısızlıktan öğrenmenin, sadakatin ve ısrarın sonucudur.","Success is the result of perfection, hard work, learning from failure, loyalty, and persistence.",Colin Powell,success
"Sağlam karakter, kişiye yaşamın acil durumlarından etkilenmek yerine üstesinden gelebilmesi için gereken gücü sağlar. Başarısızlık... başarıya giden yoldur.",Sound character provides the power with which a person may ride the emergencies of life instead of being overwhelmed by them. Failure is... the highway to success.,Og Mandino,success
"Üstün insan, üstesinden gelinecek zorluğu ilk ilgi alanı haline getirir; başarı ancak daha sonra gelir.",The superior man makes the difficulty to be overcome his first interest; success only comes later.,Confucius,success
Başarı da başarısızlık da hayatın bir parçasıdır. İkisi de kalıcı değil.,Success and failure are both part of life. Both are not permanent.,Shah Rukh Khan,success
Yaptığınız işi sevmediğiniz sürece asla başarıya ulaşamazsınız.,You never achieve success unless you like what you are doing.,Dale Carnegie,success
Başarının sırrı çok sayıda insanı rahatsız etmektir.,The secret to success is to offend the greatest number of people.,George Bernard Shaw,success
Başarı bir sonuçtur ve bir amaç olmamalıdır.,Success is a consequence and must not be a goal.,Gustave Flaubert,success
"Başarı istediğini elde etmektir. Mutluluk, elde ettiğini sevmektir.",Success is getting what you want. Happiness is liking what you get.,"H. Jackson Brown, Jr.",success
"Arzu, motivasyonun anahtarıdır, ancak aradığınız başarıya ulaşmanızı sağlayacak olan şey, hedefinizin aralıksız peşinde koşma kararlılığı ve kararlılığıdır - mükemmelliğe bağlılık.","Desire is the key to motivation, but it's the determination and commitment to unrelenting pursuit of your goal - a commitment to excellence - that will enable you to attain the success you seek.",Mario Andretti,success
"Büyük bir sosyal başarı, kartlarını sanki sade biriymiş gibi dikkatli oynayan güzel bir kızdır.",A great social success is a pretty girl who plays her cards as carefully as if she were plain.,F. Scott Fitzgerald,success
İnsanın yaptığı işte mutlu olabilmesi için şu üç şeye ihtiyaç vardır: İşe uygun olması gerekir. Çok fazla şey yapmamaları gerekiyor. Ve bunda bir başarı duygusu da olmalı.,"In order that people may be happy in their work, these three things are needed: They must be fit for it. They must not do too much of it. And they must have a sense of success in it.",John Ruskin,success
Başarı merdiveninin tepeleri hiçbir zaman kalabalık değildir.,The ladder of success is never crowded at the top.,Napoleon Hill,success
Bunu başarısızlık olarak düşünmeyin. Bunu zamanla ortaya çıkan bir başarı olarak düşünün.,Don't think of it as failure. Think of it as time-released success.,Robert Orben,success
"Başarının ardındaki sır, insanların düşündüğü kadar bir sır değildir. Oldukça basit. İstediğinizi başarmak için elinizden geldiğince çalışıyor.",The secret behind success isn't as much of a secret as people think. It's pretty simple. It's working as hard as you can to accomplish what you want.,Christian McCaffrey,success
"Büyük başarının en önemli iki şartı şunlardır: Birincisi, doğru zamanda, doğru yerde olmak, ikincisi ise bu konuda bir şeyler yapmak.","The two most important requirements for major success are: first, being in the right place at the right time, and second, doing something about it.",Ray Kroc,success
Herkes başarıyla ilgileniyor ama hiç kimse başarının ardındaki süreci umursamıyor.,"Everybody is interested in success, but nobody cares about the process behind it.",Pratik Gandhi,success
Zayıflığınıza bakmaya ve onu gücünüze dönüştürmeye çalışın. Bu başarıdır.,Try to look at your weakness and convert it into your strength. That's success.,Zig Ziglar,success
"Başarının en kötü yanı, sizin adınıza mutlu olan birini bulmaya çalışmaktır.",The worst part of success is to try finding someone who is happy for you.,Bette Midler,success
"Hayatta bulunması en zor şey dengedir; özellikle ne kadar çok başarı elde ederseniz, kapının diğer tarafına o kadar çok bakarsınız.","The hardest thing to find in life is balance - especially, the more success you have, the more you look to the other side of the gate.",Celine Dion,success
Alçakgönüllülüğün olduğu yerde daha fazla başarı ve kalıcı başarı olur.,"Where there is humility, there is more success, and lasting success.",Patrick Lencioni,success
Bağlılık olmadan kalıcı bir başarı yoktur.,There's no abiding success without commitment.,Tony Robbins,success
Başarının anahtarı sıkı çalışmadır.,Hard work is the key for success.,P. V. Sindhu,success
Başarı sıradan şeyleri olağanüstü derecede iyi yapmaktır.,Success is doing ordinary things extraordinarily well.,Jim Rohn,success
Açık fikirli bir zihin olmadan asla büyük bir başarı elde edemezsiniz.,"Without an open-minded mind, you can never be a great success.",Martha Stewart,success
"Amacın tekliği, kişinin amacı ne olursa olsun, yaşamda başarının temel esaslarından biridir.","Singleness of purpose is one of the chief essentials for success in life, no matter what may be one's aim.",John D. Rockefeller,success
En azından bir ayağını başarısızlığın eşiğinde bulmamış hiç kimse kayda değer bir başarıya ulaşamamıştır.,"No man ever achieved worth-while success who did not, at one time or other, find himself with at least one foot hanging well over the brink of failure.",Napoleon Hill,success
"Hayattaki başarı, büyük şeylerden ziyade küçük şeylere dikkat etmeye dayanır; uzak ve alışılmadık şeylerden ziyade, bize en yakın olan günlük şeylere.",Success in life is founded upon attention to the small things rather than to the large things; to the every day things nearest to us rather than to the things that are remote and uncommon.,Booker T. Washington,success
"Gerçek başarı, gerçek mutluluk özgürlükte ve tatminde yatmaktadır.","True success, true happiness lies in freedom and fulfillment.",Dada Vaswani,success
"Bir insanın bu dünyada yapabileceği en büyük şey, kendisine verilen şeylerden mümkün olan en iyi şekilde yararlanmaktır. Bu başarıdır, başkası yoktur.","The greatest thing a man can do in this world is to make the most possible out of the stuff that has been given him. This is success, and there is no other.",Orison Swett Marden,success
"Giderek grileşen bu dünyaya biraz eğlence ve biraz renk katarken, hayatta büyük başarılar elde edebilen insanlar var.","There are people who can achieve huge success in life, while adding a bit of fun and a splash of colour to this increasingly grey world.",Peter James,success
Başarılı olduğunu düşünen hiç kimse başarısız olamaz; Eğer kazanan olduğunu düşünüyorsa öyledir.,"No man can be a failure if he thinks he's a success; If he thinks he is a winner, then he is.",Robert W. Service,success
Başarının bilimsel bir cevabı yoktur. Bunu tanımlayamazsınız. Sadece onu yaşamalı ve yapmalısınız.,There is no scientific answer for success. You can't define it. You've simply got to live it and do it.,Anita Roddick,success
"Başarı yalnızca üç saniye sürer. Bundan sonra, onu almadan önce nasılsan aynısın.","Success lasts only three seconds. After that, you're the same as you were before you had it.",Robert Shaw,success
"Geçmişte takılıp kalmayın, geleceğin hayalini kurmayın, zihninizi şimdiki ana odaklayın.","Do not dwell in the past, do not dream of the future, concentrate the mind on the present moment.",Buddha,life
Hayat aslında çok basit ama biz onu karmaşık hale getirmekte ısrar ediyoruz.,"Life is really simple, but we insist on making it complicated.",Confucius,life
"Bu hayattaki asıl amacımız başkalarına yardım etmektir. Ve eğer onlara yardım edemiyorsan, en azından onlara zarar verme.","Our prime purpose in this life is to help others. And if you can't help them, at least don't hurt them.",Dalai Lama,life
"Günleri hatırlamayız, anları hatırlarız.","We do not remember days, we remember moments.",Cesare Pavese,life
Sürpriz hayatın bize verebileceği en büyük hediyedir.,Surprise is the greatest gift which life can grant us.,Boris Pasternak,life
Gerçek şu ki yarın ne olacağını bilmiyorsun. Hayat çılgın bir yolculuktur ve hiçbir şeyin garantisi yoktur.,"The truth is you don't know what is going to happen tomorrow. Life is a crazy ride, and nothing is guaranteed.",Eminem,life
"Hata yaparak geçirilen bir hayat, hiçbir şey yapmadan geçirilen bir hayattan sadece daha onurlu değil, aynı zamanda daha faydalıdır.","A life spent making mistakes is not only more honorable, but more useful than a life spent doing nothing.",George Bernard Shaw,life
Nasıl yaşanacağı dışında her şey çözüldü.,"Everything has been figured out, except how to live.",Jean-Paul Sartre,life
"Hayat bir dizi doğal ve kendiliğinden değişimdir. Onlara direnmeyin; bu yalnızca üzüntü yaratır. Gerçeklik gerçek olsun. Bırakın olaylar doğal bir şekilde, istedikleri şekilde ilerlemeye devam etsin.",Life is a series of natural and spontaneous changes. Don't resist them - that only creates sorrow. Let reality be reality. Let things flow naturally forward in whatever way they like.,Lao Tzu,life
"Hayatın tüm sırrı, bir şeye derinlemesine, bin şeye de iyi ilgi duymaktır.",The whole secret of life is to be interested in one thing profoundly and in a thousand things well.,Horace Walpole,life
"Hayat, sen başka planlar yapmakla meşgulken olup bitenlerdir.",Life is what happens while you are busy making other plans.,John Lennon,life
Bizi bekleyen hayata sahip olabilmek için planladığımız hayattan vazgeçmeye istekli olmalıyız.,"We must be willing to let go of the life we have planned, so as to have the life that is waiting for us.",E. M. Forster,life
Hayattan keyif alan hiç kimse başarısız değildir.,No man is a failure who is enjoying life.,William Feather,life
"Mutluluğun gerçek sırrı, günlük yaşamın tüm detaylarına içtenlikle ilgi duymaktır.",The true secret of happiness lies in taking a genuine interest in all the details of daily life.,William Morris,life
"Yaşamın içinden geçmeyin, yaşam boyunca büyüyün.","Don't go through life, grow through life.",Eric Butterworth,life
"Hiç kimse, çok az şey yapabileceği için hiçbir şey yapmayan kişiden daha büyük bir hata yapmamıştır.",Nobody made a greater mistake than he who did nothing because he could do only a little.,Edmund Burke,life
"Sadece kısa bir ziyaret için buradasın. Acele etmeyin, endişelenmeyin. Ve yol boyunca çiçeklerin kokusunu aldığınızdan emin olun.","You're only here for a short visit. Don't hurry, don't worry. And be sure to smell the flowers along the way.",Walter Hagen,life
"İyi yaşam, sevgiden ilham alan ve bilgiyle yönlendirilen yaşamdır.",The good life is one inspired by love and guided by knowledge.,Bertrand Russell,life
"Yeterince uzun yaşarsan hata yaparsın. Ama onlardan öğrenirsen daha iyi bir insan olursun. Önemli olan zorluklarla nasıl başa çıktığındır, seni nasıl etkilediği değil. Önemli olan asla vazgeçmemek, asla vazgeçmemek ve asla vazgeçmemektir.","If you live long enough, you'll make mistakes. But if you learn from them, you'll be a better person. It's how you handle adversity, not how it affects you. The main thing is never quit, never quit, never quit.",William J. Clinton,life
"Düşmanlarınız mı var? İyi. Bu, hayatınızın bir döneminde bir şeyi savunduğunuz anlamına gelir.","You have enemies? Good. That means you've stood up for something, sometime in your life.",Victor Hugo,life
Hayatın kendisi en harika masaldır.,Life itself is the most wonderful fairy tale.,Hans Christian Andersen,life
Tüm yaşam bir deneydir. Ne kadar çok deneme yaparsanız o kadar iyi olur.,All life is an experiment. The more experiments you make the better.,Ralph Waldo Emerson,life
Hayat bir aynadır ve düşünen kişiye ne düşündüğünü yansıtır.,Life is a mirror and will reflect back to the thinker what he thinks into it.,Ernest Holmes,life
Hayatta coşkuyu bulun; Sadece yaşama duygusu bile yeterince mutluluktur.,Find ecstasy in life; the mere sense of living is joy enough.,Emily Dickinson,life
"Hayat dönüm noktalarından değil, anlardan ibarettir.","Life isn't a matter of milestones, but of moments.",Rose Kennedy,life
Asla sessizliğe zorlanmayın. Kendinizin kurban olmasına asla izin vermeyin. Kimsenin hayatınıza dair tanımını kabul etmeyin; kendinizi tanımlayın.,Never be bullied into silence. Never allow yourself to be made a victim. Accept no one's definition of your life; define yourself.,Harvey Fierstein,life
"Yaşamın amacı, amacı olan bir yaşamdır.",The purpose of life is a life of purpose.,Robert Byrne,life
Hayatı birbirimiz için daha az zorlaştırmak değilse ne için yaşıyoruz?,"What do we live for, if not to make life less difficult for each other?",George Eliot,life
"Hayattaki en büyük tehlike, çok fazla önlem almanızdır.",The chief danger in life is that you may take too many precautions.,Alfred Adler,life
"Hayat yakından bakıldığında bir trajedi, uzaktan bakıldığında ise bir komedidir.","Life is a tragedy when seen in close-up, but a comedy in long-shot.",Charlie Chaplin,life
"Hayat, iyi kartlara sahip olmak değil, iyi tuttuklarınızı oynamaktan ibarettir.",Life consists not in holding good cards but in playing those you hold well.,Josh Billings,life
"Hayatın cesaretinizi kırmasına izin vermeyin; bulunduğu yere gelen herkes, bulunduğunuz yerden başlamak zorundaydı.",Don't let life discourage you; everyone who got where he is had to begin where he was.,Richard L. Evans,life
"Farkındalık sevgiyle ve yaşamı sevmekle ilgilidir. Bu sevgiyi geliştirdiğinizde, bu size hayata karşı netlik ve şefkat verir ve eylemleriniz de buna uygun olarak gerçekleşir.","Mindfulness is about love and loving life. When you cultivate this love, it gives you clarity and compassion for life, and your actions happen in accordance with that.",Jon Kabat-Zinn,life
"Yaşam sanatı, biraz keyif almayı ve çok dayanmayı bilmektir.",The art of life is to know how to enjoy a little and to endure very much.,William Hazlitt,life
Belki de insanın yapabileceği tek şey doğru pişmanlıklarla karşılaşmayı ummaktır.,Maybe all one can do is hope to end up with the right regrets.,Arthur Miller,life
"Hayat bizim yaptıklarımızdır, her zaman bu olmuştur ve her zaman olacaktır.","Life is what we make it, always has been, always will be.",Grandma Moses,life
"Doğmakla meşgul olmayan, ölmekle meşguldür.",He not busy being born is busy dying.,Bob Dylan,life
Bir an önce yaşamaya başlayın ve her günü ayrı bir hayat olarak sayın.,"Begin at once to live, and count each separate day as a separate life.",Seneca,life
"Hayat, geçmişin bir zirvesi, şimdiki zamanın farkındalığı, bilginin ötesinde bir geleceğin göstergesi, maddeye ilahilik dokunuşu veren bir niteliktir.","Life is a culmination of the past, an awareness of the present, an indication of a future beyond knowledge, the quality that gives a touch of divinity to matter.",Charles Lindbergh,life
Hayatın en büyük zevki sevgidir.,The greatest pleasure of life is love.,Euripides,life
Hayatı planlayamıyoruz. Yapabileceğimiz tek şey buna hazır olmaktır.,We can't plan life. All we can do is be available for it.,Lauryn Hill,life
"Hayat hıçkırıklardan, iç çekmelerden ve gülümsemelerden oluşur; iç çekmeler çoğunluktadır.","Life is made up of sobs, sniffles, and smiles, with sniffles predominating.",O. Henry,life
"Hayat anların birbirini takip etmesidir, her birini yaşamak başarılı olmaktır.","Life is a succession of moments, to live each one is to succeed.",Corita Kent,life
"Hayattan alabileceklerimizi almak için değil, hayata katabileceklerimizi katmak için buradayız.","We are here to add what we can to life, not to get what we can from life.",William Osler,life
Hayat alçakgönüllülük konusunda uzun bir derstir.,Life is a long lesson in humility.,James M. Barrie,life
Tüm yaşamımız sonuçta kendimizi olduğumuz gibi kabul etmekten ibarettir.,Our entire life - consists ultimately in accepting ourselves as we are.,Jean Anouilh,life
"Her hayat tek bir andan oluşur; bir insanın, kim olduğunu kesin olarak öğrendiği andan.","Any life is made up of a single moment, the moment in which a man finds out, once and for all, who he is.",Jorge Luis Borges,life
Hayat düşündüğümüzden daha eğlenceli.,Life's more amusing than we thought.,Andrew Lang,life
Hayat her zaman büyük ölçüde bizim onu ​​yaptığımız şey olacaktır.,Life will always be to a large extent what we ourselves make it.,Samuel Smiles,life
Yanlış hayat doğru yaşanamaz.,Wrong life cannot be lived rightly.,Theodor W. Adorno,life
"Hayat bir borazan gibidir; eğer içine hiçbir şey koymazsanız, ondan hiçbir şey alamazsınız.","Life is like a trumpet - if you don't put anything into it, you don't get anything out of it.",William Christopher Handy,life
Hayatın ciddi olduğu fikrini destekleyen tek bir kanıt bile yok.,Not a shred of evidence exists in favor of the idea that life is serious.,Brendan Gill,life
Hayattan istediğiniz şeyleri elde etmenin vazgeçilmez ilk adımı şudur: Ne istediğinize karar verin.,The indispensable first step to getting the things you want out of life is this: decide what you want.,Ben Stein,life
Hayatın yüzde onu başınıza gelenlerden ve yüzde doksanı buna nasıl tepki verdiğinizden ibarettir.,Life is ten percent what happens to you and ninety percent how you respond to it.,Lou Holtz,life
Yaşamın kendisi uygun bir eğlencedir.,Life itself is the proper binge.,Julia Child,life
"Mutlu bir hayat kurmak için çok az şeye ihtiyaç vardır; her şey kendi içinizdedir, sizin düşünce tarzınızdadır.","Very little is needed to make a happy life; it is all within yourself, in your way of thinking.",Marcus Aurelius,life
Hayat hiçbir zaman adil değildir ve belki de çoğumuz için öyle olmaması iyi bir şeydir.,"Life is never fair, and perhaps it is a good thing for most of us that it is not.",Oscar Wilde,life
Hayat devam eden bir çalışmadır.,Life is a work in progress.,Jeff Rich,life
"Neyse ki analiz, iç çatışmaları çözmenin tek yolu değildir. Yaşamın kendisi hala çok etkili bir terapist olmaya devam ediyor.",Fortunately analysis is not the only way to resolve inner conflicts. Life itself still remains a very effective therapist.,Karen Horney,life
Geride bırakılan büyük izler kimin umurunda? Bir hayatımız var... sadece bir tane. Bizim hayatımız. Başka hiçbir şeyimiz yok.,Who cares about great marks left behind? We have one life... just one. Our life. We have nothing else.,Ugo Betti,life
"Hayat, anlaşılması için yaşanması gereken dersler dizisidir. Her şey bir bilmecedir ve bilmecenin anahtarı başka bir bilmecedir.","Life is a succession of lessons which must be lived to be understood. All is riddle, and the key to a riddle is another riddle.",Ralph Waldo Emerson,life
"Hayat çözülmesi gereken bir sorun değil, yaşanması gereken bir gerçekliktir.","Life is not a problem to be solved, but a reality to be experienced.",Soren Kierkegaard,life
Ölmeden önce hayatınızın gözlerinizin önünden geçtiği sıklıkla söylenir. Aslında bu doğrudur. Buna yaşamak denir.,It is often said that before you die your life passes before your eyes. It is in fact true. It's called living.,Terry Pratchett,life
"Hayat, asaleti ruhu besleyecek maceralara yönelik bir arzu mücadelesi olmalıdır.",Life ought to be a struggle of desire toward adventures whose nobility will fertilize the soul.,Rebecca West,life
"Hayattaki işimiz başarılı olmak değil, iyi bir ruh halinde başarısızlığa devam etmektir.","Our business in life is not to succeed, but to continue to fail in good spirits.",Robert Louis Stevenson,life
Dünyanın sana bir geçim borcu olduğunu söyleyerek ortalıkta dolaşma. Dünyanın sana hiçbir borcu yok. İlk önce o buradaydı.,Don't go around saying the world owes you a living. The world owes you nothing. It was here first.,Mark Twain,life
Hayatı tatlı kılan şey onun bir daha gelmeyecek olmasıdır.,That it will never come again is what makes life sweet.,Emily Dickinson,life
"Herhangi bir şeyin fiyatı, onunla takas ettiğiniz hayat miktarıdır.",The price of anything is the amount of life you exchange for it.,Henry David Thoreau,life
Bazen hayat kafanıza bir tuğlayla vurur. İnancınızı kaybetmeyin.,Sometimes life hits you in the head with a brick. Don't lose faith.,Steve Jobs,life
Hayat kendini bulmakla ilgili değil. Hayat kendini yaratmakla ilgilidir.,Life isn't about finding yourself. Life is about creating yourself.,George Bernard Shaw,life
Hazır olana kadar yaşamayı erteleyemeyiz.,We cannot put off living until we are ready.,Jose Ortega y Gasset,life
"Hayatımız, düşüncelerimizin onu yarattığı şeydir.",Our life is what our thoughts make it.,Marcus Aurelius,life
"Gözlerini aç, kendi hayatına bak. Yaşadığın hayattan memnun musun? ","Open your eyes, look within. Are you satisfied with the life you're living?",Bob Marley,life
Birine uyan ayakkabı diğerinin ayağını sıkıştırıyor; herkese uyan bir yaşam tarifi diye bir şey yoktur.,The shoe that fits one person pinches another; there is no recipe for living that suits all cases.,Carl Jung,life
Davranış hayatımızın dörtte üçünü oluşturur ve en büyük kaygımızdır.,Conduct is three-fourths of our life and its largest concern.,Matthew Arnold,life
Sevdiğiniz şeyi yapmak hayatınızda bolluğa sahip olmanın temel taşıdır.,Doing what you love is the cornerstone of having abundance in your life.,Wayne Dyer,life
İyi geçirilen hayat uzundur.,Life well spent is long.,Leonardo da Vinci,life
"Önemli olan yaşamın uzunluğu değil, derinliğidir.","It is not length of life, but depth of life.",Ralph Waldo Emerson,life
Çoğu insan hayattaki temel amaçlardan birinin hayattan keyif almak olduğunu hiçbir zaman öğrenmemiştir.,Most people have never learned that one of the main aims in life is to enjoy it.,Samuel Butler,life
"İyi arkadaşlar, iyi kitaplar ve rahat bir vicdan: ideal hayat budur.","Good friends, good books and a sleepy conscience: this is the ideal life.",Mark Twain,life
Bir ömrün ayrıcalığı kendin olmaktır.,The privilege of a lifetime is being who you are.,Joseph Campbell,life
Gerçek hayat küçük değişiklikler meydana geldiğinde yaşanır.,True life is lived when tiny changes occur.,Leo Tolstoy,life
"Hayattan en iyi şekilde yararlanmanın bir yolu, ona bir macera olarak bakmaktır.",One way to get the most out of life is to look upon it as an adventure.,William Feather,life
İşte Dünya'daki görevinizin bitip bitmediğini bulmanızı sağlayacak test: eğer yaşıyorsanız bitmemiştir.,"Here is the test to find whether your mission on Earth is finished: if you're alive, it isn't.",Richard Bach,life
Biz ertelerken hayat hızla akıp gidiyor.,"While we are postponing, life speeds by.",Lucius Annaeus Seneca,life
Her birimiz için tek bir hayat var: kendi hayatımız.,There is just one life for each of us: our own.,Euripides,life
"Hayatta bir amaç, bulunmaya değer tek servettir.",An aim in life is the only fortune worth finding.,Robert Louis Stevenson,life
Bir zincir en zayıf halkasından daha güçlü değildir ve hayat da sonuçta bir zincirdir.,"A chain is no stronger than its weakest link, and life is after all a chain.",William James,life
Yaşamak o kadar şaşırtıcı ki başka hiçbir şeye zaman kalmıyor.,To live is so startling it leaves little time for anything else.,Emily Dickinson,life
"Hayatta önemli olan hayattır, hayatın sonucu değil.","What is important in life is life, and not the result of life.",Johann Wolfgang von Goethe,life
"Yaşamak değişmek, mükemmel olmak ise sık sık değişmiş olmaktır.","To live is to change, and to be perfect is to have changed often.",John Henry Newman,life
"Hayat gelecekle bir dizi çarpışmadır; bu, olduklarımızın toplamı değil, olmayı arzuladıklarımızın toplamıdır.","Life is a series of collisions with the future; it is not the sum of what we have been, but what we yearn to be.",Jose Ortega y Gasset,life
İnsanların hayatta kalma deneyimini aradıkları kadar hayatın anlamını da aradıklarına inanmıyorum.,I don't believe people are looking for the meaning of life as much as they are looking for the experience of being alive.,Joseph Campbell,life
Yaşamın kendisi hala çok etkili bir terapist olmaya devam ediyor.,Life itself still remains a very effective therapist.,Karen Horney,life
Geçmişle hiçbir ilgim yok; ne de gelecekle. Şu anda yaşıyorum.,"With the past, I have nothing to do; nor with the future. I live now.",Ralph Waldo Emerson,life
"Hayat, yetersiz öncüllerden yeterli sonuçları çıkarma sanatıdır.",Life is the art of drawing sufficient conclusions from insufficient premises.,Samuel Butler,life
"Eğer hayatı seviyorsanız, zamanı boşa harcamayın; çünkü hayat, zamandan ibarettir.","If you love life, don't waste time, for time is what life is made up of.",Bruce Lee,life
"Hayat, insanlar gülünce ciddi olmaktan çıktığı gibi, insanlar öldüğünde de komik olmaktan çıkmaz.",Life does not cease to be funny when people die any more than it ceases to be serious when people laugh.,George Bernard Shaw,life
Hayatımızın amacı mutlu olmaktır.,The purpose of our lives is to be happy.,Dalai Lama,life
Eğer hayat komik olmasaydı trajik olurdu.,Life would be tragic if it weren't funny.,Stephen Hawking,life
"Cesaret hayatı tehlikeye attığı gibi, korku da onu korur.","Just as courage imperils life, fear protects it.",Leonardo da Vinci,life
"Özgür olmak, hayatta başarmış olmaktır.",To be free is to have achieved your life.,Tennessee Williams,life
Hayatımız her zaman baskın düşüncelerimizin sonucunu ifade eder.,Our life always expresses the result of our dominant thoughts.,Soren Kierkegaard,life
"Kişinin karakteri, hayatın akışı içinde kendini geliştirir.",Character develops itself in the stream of life.,Johann Wolfgang von Goethe,life
Dünyayı sevdiğimiz zaman yaşıyoruz.,We live in the world when we love it.,Rabindranath Tagore,life
Yaşamak sevmek gibidir; tüm mantık ona karşıdır ve tüm içgüdüler onu ister.,"To live is like to love - all reason is against it, and all healthy instinct for it.",Samuel Butler,life
Hayatı sevmek ile onun için açgözlü olmak arasında çok ince bir çizgi vardır.,There is a very fine line between loving life and being greedy for it.,Maya Angelou,life
"Hayat, bir insanın bütün gün ne düşündüğünden ibarettir.",Life consists in what a man is thinking of all day.,Ralph Waldo Emerson,life
Sonsuza kadar yaşamayı beklemiyorum ama mümkün olduğu kadar uzun süre dayanmaya niyetliyim.,"I don't expect to live forever, but I do intend to hang on as long as possible.",Isaac Asimov,life
Hayat bir kavgadır. Güzel bir inanç mücadelesi.,Life's a fight. It's a good fight of faith.,Joel Osteen,life
"Bu hayat yaşanmaya değer diyebiliriz, çünkü onu biz yapıyoruz.","This life is worth living, we can say, since it is what we make it.",William James,life
"Hayat, hakkında ciddi olarak konuşulmayacak kadar önemli bir şeydir.",Life is far too important a thing ever to talk seriously about.,Oscar Wilde,life
Uzun bir yaşam ile güzel bir akşam yemeği arasında tek bir fark vardır: Akşam yemeğinde tatlılar en sonda gelir.,"There is only one difference between a long life and a good dinner: that, in the dinner, the sweets come last.",Robert Louis Stevenson,life
Hiç kimse bugün bulunduğu yere yarın için yaşayarak ulaşamadı.,Nobody got where they are today by living for tomorrow.,Tom Wilson,life
Biraz saflık kişinin hayatını sorunsuz bir şekilde sürdürmesine yardımcı olur.,A little credulity helps one on through life very smoothly.,Elizabeth Gaskell,life
"İnsanın hayatındaki en değerli günler, aynı anda çok uzak ve çok yakın görünen günlerdir.",The dearest days in one's life are those that seem very far and very near at once.,Abraham Cahan,life
Hayatın asıl işi birbirimizi anlamaya çalışmaktır.,The real business of life is trying to understand each other.,Gilbert Parker,life
Hayat bisiklete binmek gibidir. Dengenizi korumak için hareket etmeye devam etmelisiniz.,"Life is like riding a bicycle. To keep your balance, you must keep moving.",Albert Einstein,life
Hayatı çok ciddiye almayın. Bundan asla canlı çıkamayacaksınız.,Do not take life too seriously. You will never get out of it alive.,Elbert Hubbard,life
Hayata dair öğrendiğim her şeyi üç kelimeyle özetleyebilirim: Hayat devam ediyor.,In three words I can sum up everything I've learned about life: it goes on.,Robert Frost,life
"Başkalarının istediklerini elde etmelerine yardımcı olursanız, hayatta istediğiniz her şeye sahip olabilirsiniz.","You can have everything in life you want, if you will just help other people get what they want.",Zig Ziglar,life
"Hayatta hakkında konuşulmaktan daha kötü tek şey vardır, o da hakkında konuşulmamaktır.","There is only one thing in life worse than being talked about, and that is not being talked about.",Oscar Wilde,life
Olumlu bir hayata ve olumsuz bir zihne sahip olamazsınız.,You cannot have a positive life and a negative mind.,Joyce Meyer,life
"Hayatı seviyoruz, yaşamaya alıştığımız için değil, sevmeye alıştığımız için.","We love life, not because we are used to living but because we are used to loving.",Friedrich Nietzsche,life
Hayat ancak geriye doğru anlaşılabilir; ama ileriye doğru yaşanması gerekir.,Life can only be understood backwards; but it must be lived forwards.,Soren Kierkegaard,life
Bizi bekleyen hayatı kabul edebilmek için planladığımız hayattan vazgeçmeliyiz.,"We must let go of the life we have planned, so as to accept the one that is waiting for us.",Joseph Campbell,life
Sanatın amacı günlük yaşamın tozunu ruhumuzdan temizlemektir.,The purpose of art is washing the dust of daily life off our souls.,Pablo Picasso,life
"Yaşamanın neşesi yeni deneyimlerle karşılaşmamızdan gelir, dolayısıyla sonsuz değişen bir ufka sahip olmaktan, her gün yeni ve farklı bir güneşe sahip olmaktan daha büyük bir mutluluk yoktur.","The joy of life comes from our encounters with new experiences, and hence there is no greater joy than to have an endlessly changing horizon, for each day to have a new and different sun.",Christopher McCandless,life
Bu an için mutlu olun. Bu an senin hayatın.,Be happy for this moment. This moment is your life.,Omar Khayyam,life
Bu hayatta tek mutluluk var; sevmek ve sevilmek.,"There is only one happiness in this life, to love and be loved.",George Sand,life
"Kendinize güvenin. Hayatınız boyunca yaşamaktan mutluluk duyacağınız türden bir benlik yaratın. Küçük, içsel olasılık kıvılcımlarını başarı alevlerine dönüştürerek kendinizden en iyi şekilde yararlanın.","Trust yourself. Create the kind of self that you will be happy to live with all your life. Make the most of yourself by fanning the tiny, inner sparks of possibility into flames of achievement.",Golda Meir,life
"Hayatınızı ne kadar çok över ve kutlarsanız, hayatta kutlanacak o kadar çok şey olur.","The more you praise and celebrate your life, the more there is in life to celebrate.",Oprah Winfrey,life
Öğrenmeyi bırakan kişi ister yirmi yaşında ister seksen yaşında olsun yaşlıdır. Öğrenmeye devam eden herkes genç kalır. Hayattaki en güzel şey zihninizi genç tutmaktır.,"Anyone who stops learning is old, whether at twenty or eighty. Anyone who keeps learning stays young. The greatest thing in life is to keep your mind young.",Henry Ford,life
"Çoğu zaman bir dokunuşun, bir gülümsemenin, nazik bir sözün, dinleyen bir kulağın, dürüst bir iltifatın ya da en küçük bir ilgi eyleminin gücünü hafife alıyoruz; bunların hepsi hayatı tersine çevirme potansiyeline sahip.","Too often we underestimate the power of a touch, a smile, a kind word, a listening ear, an honest compliment, or the smallest act of caring, all of which have the potential to turn a life around.",Leo Buscaglia,life
Herhangi bir şeye kalkışma cesaretimiz olmasaydı hayat nasıl olurdu?,What would life be if we had no courage to attempt anything?,Vincent Van Gogh,life
"Zorluklardan uzak bir yaşamı özlediğimizde, meşe ağaçlarının ters rüzgarlarda güçlendiğini, elmasların ise baskı altında oluştuğunu hatırlamalıyız.","When we long for life without difficulties, remind us that oaks grow strong in contrary winds and diamonds are made under pressure.",Peter Marshall,life
"Gerçek bilgelik, hayat, kendimiz ve etrafımızdaki dünya hakkında ne kadar az şey anladığımızı fark ettiğimizde her birimize gelir.","True wisdom comes to each of us when we realize how little we understand about life, ourselves, and the world around us.",Socrates,life
"Keder şefkatin bahçesi olabilir. Eğer kalbinizi her şeye karşı açık tutarsanız, acınız hayatınızdaki sevgi ve bilgelik arayışınızda en büyük müttefikiniz olabilir.","Grief can be the garden of compassion. If you keep your heart open through everything, your pain can become your greatest ally in your life's search for love and wisdom.",Rumi,life
Eğitim hayata hazırlık değildir; eğitim hayatın kendisidir.,Education is not preparation for life; education is life itself.,John Dewey,life
Hayatı dolu dolu yaşayın ve olumluya odaklanın.,"Live life to the fullest, and focus on the positive.",Matt Cameron,life
"Sahip olduğumuz tek şey bir hayattır ve onu inandığımız gibi yaşarız. Ama olduğumuz şeyi feda etmek ve inançsız yaşamak, ölmekten daha kötü bir kaderdir.","One life is all we have and we live it as we believe in living it. But to sacrifice what you are and to live without belief, that is a fate more terrible than dying.",Joan of Arc,life
Herkesin hayatında bir noktada iç ateşimiz söner. Daha sonra başka bir insanla karşılaşmasıyla yeniden alevlenir. İçimizdeki ruhu yeniden canlandıran insanlara hepimiz minnettar olmalıyız.,"In everyone's life, at some time, our inner fire goes out. It is then burst into flame by an encounter with another human being. We should all be thankful for those people who rekindle the inner spirit.",Albert Schweitzer,life
Hayatın yaşamaya değer olduğuna inanın ve inancınız bu gerçeğin oluşmasına yardımcı olacaktır.,Believe that life is worth living and your belief will help create the fact.,William James,life
"Kendi yaşam planınızı tasarlamazsanız, büyük ihtimalle başka birinin planına düşersiniz. Ve tahmin edin sizin için ne planladılar? Fazla bir şey değil.","If you don't design your own life plan, chances are you'll fall into someone else's plan. And guess what they have planned for you? Not much.",Jim Rohn,life
Mutlu bir hayat bile bir miktar karanlık olmadan olamaz ve eğer üzüntüyle dengelenmeseydi mutlu kelimesi anlamını yitirirdi. ,"Even a happy life cannot be without a measure of darkness, and the word happy would lose its meaning if it were not balanced by sadness. ",Carl Jung,life
Hayatta ne olursa olsun insanlara iyi davranın. İnsanlara karşı iyi olmak geride bırakılacak harika bir mirastır.,"No matter what happens in life, be good to people. Being good to people is a wonderful legacy to leave behind.",Taylor Swift,life
Aynaya gülümseyin. Bunu her sabah yapın ve hayatınızda büyük bir fark görmeye başlayacaksınız.,Smile in the mirror. Do that every morning and you'll start to see a big difference in your life.,Yoko Ono,life
"Hayat ruhu döver, ezer ve sanat size bir ruha sahip olduğunuzu hatırlatır.",Life beats down and crushes the soul and art reminds you that you have one.,Stella Adler,life
Asla kendinizden şüphe etmeyin ve hayatınızın bir saniyesini bile boşa harcamayın. Hayat çok kısa ve sen çok özelsin.,"Don't ever doubt yourselves or waste a second of your life. It's too short, and you're too special.",Ariana Grande,life
"Hayat bir hız treni gibidir, yaşa, mutlu ol, hayatın tadını çıkar.","Life is like a roller coaster, live it, be happy, enjoy life.",Avril Lavigne,life
"Hayallere sımsıkı sarılın çünkü hayaller ölürse hayat; uçamayan, kanadı kırık bir kuş olur.","Hold fast to dreams, for if dreams die, life is a broken-winged bird that cannot fly.",Langston Hughes,life
Sevdiğiniz işi yaparsanız hayatınızda bir gün bile çalışmazsınız.,"If you do what you love, you'll never work a day in your life.",Marc Anthony,life
Güven hayatın yapıştırıcısıdır. Etkili iletişimin en önemli bileşenidir. Tüm ilişkileri ayakta tutan temel prensiptir.,Trust is the glue of life. It's the most essential ingredient in effective communication. It's the foundational principle that holds all relationships.,Stephen Covey,life
"Bugün hayatınızı değiştirin. Geleceğe dair kumar oynamayın, gecikmeden hemen harekete geçin.","Change your life today. Don't gamble on the future, act now, without delay.",Simone de Beauvoir,life
"Hayatın sırrı dürüstlük ve adil davranmaktır. Eğer bunu taklit edebilirsen, başardın demektir.","The secret of life is honesty and fair dealing. If you can fake that, you've got it made.",Groucho Marx,life
"Her insanın yeryüzündeki yaşamının her anı ve her olayı, ruhuna bir şeyler eker.",Every moment and every event of every man's life on earth plants something in his soul.,Thomas Merton,life
"Hayatında düzenli ve düzenli ol ki, işlerinde şiddetli ve özgün olabilesin.","Be regular and orderly in your life, so that you may be violent and original in your work.",Gustave Flaubert,life
Sanat hayattan çok daha az önemlidir ama onsuz hayat ne kadar da kötüdür.,"Art is much less important than life, but what a poor life without it.",Robert Motherwell,life
"Geçiminizi sağlamanın, hayat kurmanızı engellemesine izin vermeyin.",Don't let making a living prevent you from making a life.,John Wooden,life
"Bir hayal dünyasında, bir yanılsama dünyasında yaşıyoruz. Hayattaki en büyük görev gerçeği bulmaktır.","We live in a fantasy world, a world of illusion. The great task in life is to find reality.",Iris Murdoch,life
Hayatta tutunulacak en güzel şey birbirimizdir.,The best thing to hold onto in life is each other.,Audrey Hepburn,life
"Bir kişinin yaşam kalitesi, seçtiği çalışma alanı ne olursa olsun, mükemmelliğe olan bağlılığıyla doğru orantılıdır.","The quality of a person's life is in direct proportion to their commitment to excellence, regardless of their chosen field of endeavor.",Vince Lombardi,life
"Bu hayatla ilgili komik bir şey; Eğer en iyinin dışında herhangi bir şeyi kabul etmeyi reddederseniz, çoğunlukla onu elde edersiniz.","It's a funny thing about life; if you refuse to accept anything but the best, you very often get it.",W. Somerset Maugham,life
"Sevdiğiniz bir işi seçerseniz, hayatınızda bir gün bile çalışmak zorunda kalmazsınız.","Choose a job you love, and you will never have to work a day in your life.",Anonim,life
"Hayat, yollar ve konaklama ne kadar kötü olursa olsun gidilmesi gereken bir yolculuktur.",Life is a journey that must be traveled no matter how bad the roads and accommodations.,Oliver Goldsmith,life
"Kuş, kendi yaşamından ve motivasyonundan güç alır.",The bird is powered by its own life and by its motivation.,A. P. J. Abdul Kalam,life
"Bizim hayata karşı tavrımız, hayatın bize karşı tavrını belirler.",Our attitude toward life determines life's attitude towards us.,John N. Mitchell,life
Hayattan kaçarak huzuru bulamazsınız.,You cannot find peace by avoiding life.,Virginia Woolf,life
"Hayat, silgisiz bir çizim sanatıdır.",Life is the art of drawing without an eraser.,John W. Gardner,life
Zihnin enerjisi yaşamın özüdür.,The energy of the mind is the essence of life.,Aristotle,life
Hayat karanlıkta uzun bir mücadeledir.,Life is one long struggle in the dark.,Lucretius,life
Herkes kendi hayatını başkalarına örnek olacak şekilde yaşamalıdır.,Each person must live their life as a model for others.,Rosa Parks,life
"Nerede olursanız olun, hayatınızın hangi noktasında olursanız olun, bu son değildir.","No matter where you are, what point in your life you're at, it's not the end.",Kali Uchis,life
Hayat bir yüzme havuzu gibidir. Suya dalarsınız ama ne kadar derin olduğunu göremezsiniz.,"This life is like a swimming pool. You dive into the water, but you can't see how deep it is.",Dennis Rodman,life
Dünden asla pişman olma. Hayat bugün senin içindedir ve yarınını sen yaratırsın.,Never regret yesterday. Life is in you today and you make your tomorrow.,L. Ron Hubbard,life
Sen hayatın fırtınalarındaki gökkuşağı ol. Bulutları gülümseten ve yarını kehanet ışınıyla renklendiren akşamın ışını.,"Be thou the rainbow in the storms of life. The evening beam that smiles the clouds away, and tints tomorrow with prophetic ray.",Lord Byron,life
"Hayat, konfor alanınızın sonunda başlar.",Life begins at the end of your comfort zone.,Neale Donald Walsch,life
"Bu hayatta mutluluğun üç büyük esası; yapılacak bir şey, sevilecek bir şey ve ümit edilecek bir şeydir.","Three grand essentials to happiness in this life are something to do, something to love, and something to hope for.",Joseph Addison,life
"Hayatımızın her aşamasında, hayatımız boyunca saklayacağımız anılar yaratırız.","At every phase in our life, we make memories that we cherish all our lives.",Shweta Basu Prasad,life
"İyi yaşam bir süreçtir, bir varoluş durumu değil. Bu bir varış noktası değil bir yöndür.","The good life is a process, not a state of being. It is a direction not a destination.",Carl Rogers,life
Hayat zor. Sonra ölüyorsun. Sonra da yüzüne toprak atıyorlar. En son solucanlar seni yiyor. Olayların bu sırayla gerçekleşeceğine şükredin.,Life is hard. Then you die. Then they throw dirt in your face. Then the worms eat you. Be grateful it happens in that order.,David Gerrold,life
Yavaşlayın ve hayatın tadını çıkarın.,Slow down and enjoy life.,Skip Marley,life
Hayat insanın cesareti oranında küçülür ya da genişler.,Life shrinks or expands in proportion to one's courage.,Anais Nin,life
"Önemli olan hayata bakış açınızdır. Kendinizi hafife alırsanız ve fazla ciddiye almazsanız, çok geçmeden mizahı günlük hayatlarımızda bulabilirsiniz. Ve bazen cankurtaran olabilir.","It's your outlook on life that counts. If you take yourself lightly and don't take yourself too seriously, pretty soon you can find the humor in our everyday lives. And sometimes it can be a lifesaver.",Betty White,life
Hayat güzel anları kutlamamak için çok kısa...,Life is too short not to celebrate nice moments!,Jurgen Klopp,life
"Yaşamın tamamı anılardan ibarettir, o kadar hızlı geçip giden ve onu zar zor yakaladığınız şimdiki an dışında.","Life is all memory, except for the one present moment that goes by you so quickly you hardly catch it going.",Tennessee Williams,life
"Hayat çok ilginç... Sonunda en büyük acılarınızdan bazıları, en güçlü yanlarınız haline gelir.","Life is very interesting... in the end, some of your greatest pains, become your greatest strengths.",Drew Barrymore,life
"Şükran, varoluşun en güçlü ve en dönüştürücü hallerinden biridir. Bakış açınızı eksiklikten bolluğa kaydırır ve hayatınızdaki iyiliğe odaklanmanızı sağlar, bu da gerçekliğinize daha fazla iyilik çeker.","Gratitude is one of the strongest and most transformative states of being. It shifts your perspective from lack to abundance and allows you to focus on the good in your life, which in turn pulls more goodness into your reality.",Jen Sincero,life
Risk almak zorundasınız. Yaşamın mucizesini ancak beklenmeyenlerin gerçekleşmesine izin verdiğimizde tam olarak anlayabiliriz.,You have to take risks. We will only understand the miracle of life fully when we allow the unexpected to happen.,Paulo Coelho,life
"Bir günlüğüne aslan olmak, tüm hayatın boyunca koyun olmaktan daha iyidir.",It's better to be a lion for a day than a sheep all your life.,Elizabeth Kenny,life
"Yalnızca bir kez yaşarsınız ve hayattan keyif almanız, dışarı çıkıp istediğiniz her şeyi başarmanız gerekir.","You only live once and you need to enjoy life, to go out and achieve whatever you want to.",Ellie Simmonds,life
Zaman uzun ama hayat kısa.,Time is long but life is short.,Stevie Wonder,life
"Hayat bir gelişmedir ve ne kadar uzağa gidersek o kadar çok gerçeği kavrayabiliriz. Kapımızın önünde olanı anlamak, ötede olanı anlamaya yönelik en iyi hazırlıktır.","Life is an unfoldment, and the further we travel the more truth we can comprehend. To understand the things that are at our door is the best preparation for understanding those that lie beyond.",Hypatia,life
Tek bir kelime bizi hayatın tüm ağırlığından ve acısından kurtarır. Bu kelime sevgidir.,One word frees us of all the weight and pain in life. That word is love.,Sophocles,life
Hüznün çok olduğu bir dünyada bile özünde hayat güzeldir.,"Even in a world with much sadness, at its essence, life is beautiful.",Dianne Reeves,life
Hayat iniş ve çıkışlarla doludur. Ne olursa olsun hayatta pozitif kalmak gerekir.,"Life is full of ups and downs. One needs to stay positive in life, no matter what.",Shilpa Shinde,life
"Hayat, yapmayı sevmediğiniz şeyleri yapmak için çok kısa.",Life is too short to do the things you don't love doing.,Bruce Dickinson,life
Aldıklarımızla geçimimizi sağlayabiliriz; Ancak verdiklerimiz bir hayat yaratır.,"From what we get, we can make a living; what we give, however, makes a life.",Arthur Ashe,life
"Sonuçta gerçek olan; hayatın tatlı, basit kısımlarıdır.","It is the sweet, simple things of life which are the real ones after all.",Laura Ingalls Wilder,life
Eğitim sadece çalışmayı öğretmemeli; Hayatı da öğretmelidir.,Education must not simply teach work - it must teach Life.,W. E. B. Du Bois,life
Hayat çok büyük bir tuvaldir; atabildiğin kadar boya at.,Life is a great big canvas; throw all the paint you can at it.,Danny Kaye,life
Küçük bir fedakarlık yapmadan hayatta hiçbir şeyi başaramazsınız.,You can't achieve anything in life without a small amount of sacrifice.,Shakira,life
Acı iki kısımdır. Birincisi kayıptır. İkincisi ise hayatın yeniden inşasıdır.,Grief is in two parts. The first is loss. The second is the remaking of life.,Anne Roiphe,life
Hayattaki bir numaralı öncelik kendinize iyi bakmak ve mutlu olduğunuzdan emin olmaktır.,The number one priority in life is to take care of yourself and make sure you're happy.,Sabrina Carpenter,life
Hayatın tadını çıkarın... bunun için buradayız.,Enjoy life... that's what we're here for.,David Faustino,life
"Hayatta hiçbir şey bedava değildir, sonunda mutlaka ödersiniz.","Nothing in life is free, you always pay in the end.",Wayne Static,life
Dönüşüm bir süreçtir ve hayat ilerledikçe tonlarca iniş ve çıkışlar yaşanır. Bu bir keşif yolculuğu; dağların doruklarında anlar ve umutsuzluğun derin vadilerinde anlar var.,"Transformation is a process, and as life happens there are tons of ups and downs. It's a journey of discovery - there are moments on mountaintops and moments in deep valleys of despair.",Rick Warren,life
Okul size bir ders verir ve ardından bir test yapar. Hayat ise önünüze size ders verecek bir sınav koyar.,"In school, you're taught a lesson and then given a test. In life, you're given a test that teaches you a lesson.",Tom Bodett,life
"Hayatta pişmanlık yoktur, sadece dersler vardır.","There are no regrets in life, just lessons.",Jennifer Aniston,life
"Rahatlayın, sadece hayatın tadını çıkarın, daha çok gülümseyin, daha çok mutlu olun ve olayları bu kadar kafanıza takmayın.","Lighten up, just enjoy life, smile more, laugh more, and don't get so worked up about things.",Kenneth Branagh,life
Hayat bakış açısıyla ve bir şeye nasıl baktığınızla ilgilidir... Sonuçta daha iyi görebilmek için uzaklaşmanız gerekir.,"Life is about perspective and how you look at something... ultimately, you have to zoom out.",Whitney Wolfe Herd,life
"Bir gençlik çeşmesi vardır: Bu sizin zihniniz, yetenekleriniz, hayatınıza kattığınız yaratıcılık ve sevdiğiniz insanların hayatlarıdır. Bu kaynağa ulaşmayı öğrendiğinizde gerçekten yaşlanmayı yenmiş olacaksınız.","There is a fountain of youth: it is your mind, your talents, the creativity you bring to your life and the lives of people you love. When you learn to tap this source, you will truly have defeated age.",Sophia Loren,life
Sizi hedeflerinize ulaştıracak harekete geçmeniz gerekiyor. Yaşamınızda aciliyet duygusu geliştirin.,You must take action now that will move you towards your goals. Develop a sense of urgency in your life.,"H. Jackson Brown, Jr.",life
"Hayat iyi kartlara sahip olmak değil, kötü bir eli iyi oynamaktır.","Life is not a matter of holding good cards, but of playing a poor hand well.",Robert Louis Stevenson,life
Her şafak sana hayatın başlangıcı gibi olsun ve her batan güneş sana yakın olsun.,"Let every dawn be to you as the beginning of life, and every setting sun be to you as its close.",John Ruskin,life
Hayatın sırlarından biri de gerçekten yapmaya değer olan tek şeyin başkaları için yaptıklarımız olmasıdır.,One of the secrets of life is that all that is really worth the doing is what we do for others.,Lewis Carroll,life
"Bazı insanlar hayatımıza bir lütuf olarak gelirken, bazıları da hayatımıza bir ders olarak gelir; bu yüzden onları olmadıkları gibi yargılamak yerine, oldukları gibi sevin.","Some people come into our life as a blessing, while others come into our life as a lesson, so love them for who they are instead of judging them for who they are not.",Yolanda Hadid,life
"Hayat seni yere sermek için tasarlandı. Seni tekrar tekrar yere serecek ama kaç kez düştüğün önemli değil, kaç kez ayağa kalktığın önemli.","Life is designed to knock you down. It will knock you down time and time again, but it doesn't matter how many times you fall - it matters how many times you get back up.",Lilly Singh,life
"İnsanlara güvenmeli ve inanmalısınız, yoksa hayat imkansız hale gelir.",You must trust and believe in people or life becomes impossible.,Anton Chekhov,life
"Pozitiflik, güven ve kararlılık hayatın anahtarıdır, bu yüzden asla kendinizden vazgeçmeyin.","Positivity, confidence, and persistence are key in life, so never give up on yourself.",Khalid,life
"Tüm hayatınızı fırtınayı bekleyerek geçirirseniz, güneşin tadını asla çıkaramazsınız.","If you spend your whole life waiting for the storm, you'll never enjoy the sunshine.",Morris West,life
Hayattaki en güzel şeyler çoğu zaman konfor alanınızın çıkış rampasında sizi bekliyor.,The best things in life are often waiting for you at the exit ramp of your comfort zone.,Karen Salmansohn,life
Hayatınızda hırsınızı alkışlayacak insanların olması önemlidir.,It's important to have people in your life who will applaud your ambition.,Kamala Harris,life
Hayattaki en zor şey kendini bilmektir.,The most difficult thing in life is to know yourself.,Thales,life
Ne kadar uzun yaşarsam hayat o kadar güzelleşiyor.,"The longer I live, the more beautiful life becomes.",Frank Lloyd Wright,life
"Sıradan sevgi ve umut eylemlerimiz, her insan yaşamının paha biçilmez bir değere sahip olduğuna dair olağanüstü bir vaadi işaret eder.",Your ordinary acts of love and hope point to the extraordinary promise that every human life is of inestimable value.,Desmond Tutu,life
"Hayat kısa, o yüzden tadını sonuna kadar çıkarın.","Life is short, so enjoy it to the fullest.",John Walters,life
Hayat sana fırsatlar açar ve sen onları ya alırsın ya da almaktan korkarsın.,"Life opens up opportunities to you, and you either take them or you stay afraid of taking them.",Jim Carrey,life
"Sevdiğiniz bir yaşam tarzını bulacak kadar şanslıysanız, onu yaşayacak cesareti bulmalısınız.","If you are lucky enough to find a way of life you love, you have to find the courage to live it.",John Irving,life
"Eğer hayatını sen yaşamazsan, kim yaşayacak?","If you don't live your life, then who will?",Rihanna,life
Hayat sana çok sert vurduğunda karanlık bir köşeye çekilebilirsin.,"When life hits you pretty hard, you can go into a dark corner.",Sylvester Stallone,life
"Sizin aracılığınızla eyleme dönüştürülen bir canlılık, bir yaşam gücü, bir enerji, bir canlanma vardır ve tüm zamanlarda sizden yalnızca bir tane olduğu için bu ifade benzersizdir.","There is a vitality, a life force, an energy, a quickening, that is translated through you into action, and because there is only one of you in all time, this expression is unique.",Martha Graham,life
Hayatı yaratıcı bir şekilde yaşayacak kadar cesur olun. Daha önce hiç kimsenin bulunmadığı yaratıcı bir yerde.,Be brave enough to live life creatively. The creative place where no one else has ever been.,Alan Alda,life
Hayat bir tekerlek gibidir. Er ya da geç her zaman yeniden başladığınız noktaya gelir.,"Life is like a wheel. Sooner or later, it always come around to where you started again.",Stephen King,life
"Gerçekten sevdiğimiz şeyler, hayat devam ettiği sürece daima bizimle kalır, kalbimizde kilitli kalır.","The things we truly love stay with us always, locked in our hearts as long as life remains.",Josephine Baker,life
Çeşitliliğimiz gücümüzdür. Herkes aynı olsaydı hayat ne kadar sıkıcı ve anlamsız olurdu.,Our diversity is our strength. What a dull and pointless life it would be if everyone was the same.,Angelina Jolie,life
"Hayat kısa. Her şey olabilir ve genellikle de olur, bu yüzden oturup tüm 'eğer'leri, 've'leri ve 'ama'ları düşünmenin bir anlamı yok.","Life's short. Anything could happen, and it usually does, so there is no point in sitting around thinking about all the ifs, ands and buts.",Amy Winehouse,life
Yaşamın anahtarı zorlukları kabul etmektir. Birisi bunu yapmayı bıraktığında ölür.,"The key to life is accepting challenges. Once someone stops doing this, he's dead.",Bette Davis,life
"Arkadaşlar, mutlu bir yaşama giden yolda birbirlerinin azimle ilerlemesine yardımcı olması gereken yoldaşlar gibidir.","Friends are as companions on a journey, who ought to aid each other to persevere in the road to a happier life.",Pythagoras,life
Gülümsemeniz sayesinde hayatı daha güzel hale getirirsiniz.,"Because of your smile, you make life more beautiful.",Thich Nhat Hanh,life
"Doğa hakkı, her insanın kendi doğasını, yani kendi yaşamını korumak amacıyla, kendi gücünü dilediği şekilde kullanma özgürlüğüdür.","The right of nature... is the liberty each man hath to use his own power, as he will himself, for the preservation of his own nature; that is to say, of his own life.",Thomas Hobbes,life
"Hayat, asla gerçekleşmeyecek bir şeye uzun bir hazırlıktır.",Life is a long preparation for something that never happens.,William Butler Yeats,life
"Hayat bir dizi virgülden ibarettir, noktalardan değil.","Life is a series of commas, not periods.",Matthew McConaughey,life
"Biz uyuruz; ama yaşamın dokuma tezgâhı asla durmaz. Güneş batarken dokunmakta olan desen, sabah güneş doğduğunda da dokunmaya devam etmektedir.","We sleep, but the loom of life never stops, and the pattern which was weaving when the sun went down is weaving when it comes up in the morning.",Henry Ward Beecher,life
"Yalnızlık, kıskançlık ve suçluluk gibi olumsuz duygular, mutlu bir yaşamda önemli bir role sahiptir; bunlar, bir şeylerin değişmesi gerektiğini gösteren büyük ve dikkat çekici uyarı işaretleridir.","Negative emotions like loneliness, envy, and guilt have an important role to play in a happy life; they're big, flashing signs that something needs to change.",Gretchen Rubin,life
"Korkuyla yaşanan bir hayat, yarı yaşanmış bir hayattır.",A life lived in fear is a life half lived.,Baz Luhrmann,life
"Hayat’ sözcüğünü kullandığımızda, onunla gerçeklerin yüzeyinde gördüğümüz yaşamı değil; biçimlerin hiçbir zaman ulaşamadığı o kırılgan ve sürekli değişen özü kastediyoruz.","When we speak the word 'life,' it must be understood we are not referring to life as we know it from its surface of fact, but to that fragile, fluctuating center which forms never reach.",Antonin Artaud,life
Hayatın zorluklarını yaşarken perspektif her şeydir.,Perspective is everything when you are experiencing the challenges of life.,Joni Eareckson Tada,life
"Her şeyin kendi içinde olduğunu anlamaya çalış. Seni değiştirebilecek başka hiç kimse yoktur. Ayrıca, ne kadar küçük olduğunu ve yaşamın hem içinde hem de dışında akıp gitmeye devam ettiğini gör.","Try to realize it's all within yourself no one else can make you change, and to see you're only very small and life flows on within you and without you.",George Harrison,life
Hayat uzun süre öfkelenmek ya da üzülmek için çok kısa.,Life is too short to be angry or sad for long.,Alphonso Davies,life
"İnanç, belirsizlikle yaşamayı kabul etmektir; hayatın içinde yolunu hissederek ilerlemek ve karanlıkta bir fener gibi kalbinin sana rehberlik etmesine izin vermektir.","Faith means living with uncertainty - feeling your way through life, letting your heart guide you like a lantern in the dark.",Dan Millman,life
"Tüm yaşamın değerini anladığınızda, geçmişe daha az takılıp, geleceği korumaya daha çok odaklanırsınız.","When you realize the value of all life, you dwell less on what is past and concentrate more on the preservation of the future.",Dian Fossey,life
"Sonuç olarak insan, yaşamının anlamının ne olduğunu sormamalı; bunun yerine, aslında kendisine soru yöneltilenin kendisi olduğunu fark etmelidir.","Ultimately, man should not ask what the meaning of his life is, but rather he must recognize that it is he who is asked.",Viktor E. Frankl,life
Hayat zordur ve işler her zaman yolunda gitmez ama cesur olmalı ve hayatlarımıza devam etmeliyiz.,"Life is tough, and things don't always work out well, but we should be brave and go on with our lives.",Suga,life
"İnsanlığın tüm dertlerinin, yanlışlarının, kaygılarının, üzüntülerinin, suçlarının ilacı tek kelimede yatıyor: 'Sevgi'. Her yerde yaşamı üreten ve yeniden canlandıran, ilahi yaşam gücüdür.","The cure for all the ills and wrongs, the cares, the sorrows, and the crimes of humanity, all lie in the one word 'love'. It is the divine vitality that everywhere produces and restores life.",Lydia M. Child,life
"Yaşamın karşına çıkardığı zorluklar, seni durdurmak ya da çaresiz bırakmak için değil; gerçekte kim olduğunu keşfetmeni sağlamak için vardır.","Life's challenges are not supposed to paralyze you, they're supposed to help you discover who you are.",Bernice Johnson Reagon,life
Hayat iyi vakit geçirmekten ibarettir.,Life is all about having a good time.,Miley Cyrus,life
Hayat öngörülemezdir; insan neyin ne zaman olacağını asla bilemez.,Life is unpredictable and you never know.,Breanna Stewart,life
"Hizmet, var olmanın bedeli olarak ödediğimiz kiradır. O, hayatın kendisidir ve boş vakitlerde yapılan bir uğraş değildir.","Service is the rent we pay for being. It is the very purpose of life, and not something you do in your spare time.",Marian Wright Edelman,life
"Hayat aslında kolay değildir; hepimizin kendi iç savaşları vardır. Ama önemli olan, kendini gerçekten önemsemek, sevmek ve kendi değerinin farkında olmaktır.","Life is really not easy, we all have our personal battles, but it is important that you really treasure yourself, love yourself and have a sense of self-worth.",Heart Evangelista,life
"Hayat yaşanmak içindir. Eğer kendi geçimini sağlamak zorundaysan, bunu ilginç kılacak bir yol bulman gerekir. Bunu da boş boş oturarak yapamazsın.","Life is to be lived. If you have to support yourself, you had bloody well better find some way that is going to be interesting. And you don't do that by sitting around.",Katharine Hepburn,life
Hayatın yüzde onu başına gelenlerdir. Yüzde doksanı buna nasıl tepki verdiğinizdir.,Ten percent of life is what happens to you. Ninety percent is how you respond to it.,Jalen Hurts,life
"Yaşamın anlamı yaşamın her bir ifadesinde saklıdır. O, tüm yaradılışta var olan formların ve olayların sonsuzluğunda mevcuttur.",The meaning of life is contained in every single expression of life. It is present in the infinity of forms and phenomena that exist in all of creation.,Michael Jackson,life
"Kazansanız da kaybetseniz de, hayattaki en önemli şey sahip olduklarınızın tadını çıkarmaktır.","No matter if you win or lose, the most important thing in life is to enjoy what you have.",Dong Dong,life
"Korku içinde yaşarsan hayatın keyfini asla süremezsin. Sadece bir kere şansın var, bu yüzden hayatın tadını çıkarmalısın.","If you go around being afraid, you're never going to enjoy life. You have only one chance, so you've got to have fun.",Lindsey Vonn,life
"Kara, yuvanın güvenli ve sağlam toprağıdır; deniz ise hayatın kendisi gibi, dış dünyayı ve bilinmeyeni simgeler.","Land is the secure ground of home, the sea is like life, the outside, the unknown.",Stephen Gardiner,life
Hiçbir şey tutku kadar önemli değildir. Hayatınızda neyi yapmak istiyorsanız tutku ile yapın.,"Nothing is as important as passion. No matter what you want to do with your life, be passionate.",Jon Bon Jovi,life
Hayat asla tahmin edilebilir değildir.,Life is anything but predictable.,Dwayne Johnson,life
"Hayatta önemli olan başınıza ne geldiği değil, neyi hatırladığınız ve nasıl hatırladığınızdır.",What matters in life is not what happens to you but what you remember and how you remember it.,Gabriel Garcia Marquez,life
"Hayattaki en zor şeylerden biri, kalbinizde söyleyemediğiniz sözlerin olmasıdır.",One of the hardest things in life is having words in your heart that you can't utter.,James Earl Jones,life
"Yaşamınız, hayata ne kadar ne getirdiğinden çok, sizin hayata ne tür bir tutumla yaklaştığınızla belirlenir; başınıza ne geldiğinden çok, zihninizin olan bitene nasıl baktığıyla şekillenir.",Your living is determined not so much by what life brings to you as by the attitude you bring to life; not so much by what happens to you as by the way your mind looks at what happens.,Khalil Gibran,life
Herhangi bir şeyi özveriyle yapmak hayatınızı olumlu etkiler.,Doing anything with dedication impacts life positively.,Ashish Vidyarthi,life
Tek bir mumdan binlerce mum yakılabilir ve o mumun ömrü kısalmaz. Mutluluk da paylaşıldıkça azalmayan bir şeydir.,"Thousands of candles can be lighted from a single candle, and the life of the candle will not be shortened. Happiness never decreases by being shared.",Buddha,life
"Yaşamın mutluluğunun bir kısmı savaşlara girmek değil, onlardan kaçınmaktır. Ustaca bir geri çekilme başlı başına bir zaferdir.","Part of the happiness of life consists not in fighting battles, but in avoiding them. A masterly retreat is in itself a victory.",Norman Vincent Peale,life
Hayat özünde hem sıkıcı hem de tehlikelidir. Her an yer açılıp içine düşebilirsin. Elbette bu neredeyse hiç olmaz; işte onu bu kadar sıkıcı yapan da budur.,"Life is intrinsically, well, boring and dangerous at the same time. At any given moment the floor may open up. Of course, it almost never does; that's what makes it so boring.",Edward Gorey,life
"Kahraman, hayatını kendisinden daha büyük bir şeye adayan kişidir.",A hero is someone who has given his or her life to something bigger than oneself.,Joseph Campbell,life
"Hiç kimse arkasında iz bırakmadan küçük bir kırdan geçemeyeceği gibi, yaşamdan da iz bırakmadan geçip gidemez; bu izler ise çoğu zaman ardından gelenlerin yollarını bulmasına yardımcı olur.","No one can pass through life, any more than he can pass through a bit of country, without leaving tracks behind, and those tracks may often be helpful to those coming after him in finding their way.",Robert Baden-Powell,life
"Hayat, balı sevgi olan bir çiçektir.",Life is the flower for which love is the honey.,Victor Hugo,life
Deha denilen şey hayatın ve sağlığın bolluğudur.,What is called genius is the abundance of life and health.,Henry David Thoreau,life
"Hayal gücü her şeydir. Bu, yaşamın yaklaşan çekiciliklerinin ön izlemesidir.",Imagination is everything. It is the preview of life's coming attractions.,Albert Einstein,life
Hayat affetme konusunda bir maceradır.,Life is an adventure in forgiveness.,Norman Cousins,life
"Seyirci olmayın, hayatın yanınızdan geçip gitmesine izin vermeyin.","Don't be a spectator, don't let life pass you by.",Lou Holtz,life
"Sevgisiz hayat, çiçeği ve meyvesi olmayan bir ağaca benzer.",Life without love is like a tree without blossoms or fruit.,Khalil Gibran,life
"Sevgiyi kalbinde tut. Onun olmadığı bir yaşam, çiçekleri solmuş ve güneş görmeyen bir bahçe gibidir.",Keep love in your heart. A life without it is like a sunless garden when the flowers are dead.,Oscar Wilde,life
"Yaratıcı bir hayat yaşayabilmek için, hata yapma korkumuzu kaybetmemiz gerekir.","To live a creative life, we must lose our fear of being wrong.",Joseph Chilton Pearce,life
"Hayatta, tıpkı satrançta olduğu gibi, ileriyi düşünmek kazandırır.","In life, as in chess, forethought wins.",Charles Buxton,life
"İnsan yaşamının amacı hizmet etme, şefkat gösterme ve başkalarına yardım etme isteğidir.","The purpose of human life is to serve, and to show compassion and the will to help others.",Albert Schweitzer,life
"Hayat üç döneme ayrılmıştır: olmuş, olan ve olacak olan. Bugünden faydalanmak için geçmişten, gelecekte daha iyi yaşamak için bugünden ders alalım.","Life is divided into three terms - that which was, which is, and which will be. Let us learn from the past to profit by the present, and from the present, to live better in the future.",William Wordsworth,life
"Bir mum ateş olmadan yanamayacağı gibi, insan da manevi bir hayat olmadan yaşayamaz.","Just as a candle cannot burn without fire, men cannot live without a spiritual life.",Buddha,life
"Kibirli insan kendini mükemmel görür. Kibrin en büyük zararı budur. Bir kişinin hayattaki ana görevine, yani daha iyi bir insan olmasına müdahale eder.",An arrogant person considers himself perfect. This is the chief harm of arrogance. It interferes with a person's main task in life - becoming a better person.,Leo Tolstoy,life
"İdeal insan, hayatın karşısına çıkardığı rastlantıları onur ve zarafetle taşır ve içinde bulunduğu koşullardan en iyi şekilde yararlanır.","The ideal man bears the accidents of life with dignity and grace, making the best of circumstances.",Aristotle,life
"Sevgiden korkmak, hayattan korkmaktır; hayattan korkanlar ise zaten büyük ölçüde ölmüş sayılır.","To fear love is to fear life, and those who fear life are already three parts dead.",Bertrand Russell,life
"İçimizdeki daha derin güçleri bulma fırsatları, hayatın en zorlu göründüğü zamanlarda ortaya çıkar.",Opportunities to find deeper powers within ourselves come when life seems most challenging.,Joseph Campbell,life
"Hayatı değerli kılan, sevdiğimiz şeyleri yapmak değil; yapmak zorunda olduğumuz şeyleri sevmeyi başarabilmektir.","It is not doing the thing we like to do, but liking the thing we have to do, that makes life blessed.",Johann Wolfgang von Goethe,life
"Hayattan sıkılıyorsan; her sabah bir şeyler yapma arzusuyla uyanmıyorsan, yeterince hedefin yok demektir.",If you're bored with life - you don't get up every morning with a burning desire to do things - you don't have enough goals.,Lou Holtz,life
Risk alacak kadar cesur olmayan kişi hayatta hiçbir şey başaramaz.,He who is not courageous enough to take risks will accomplish nothing in life.,Muhammad Ali,life
Ölümsüzlüğün anahtarı öncelikle hatırlanmaya değer bir hayat yaşamaktır.,The key to immortality is first living a life worth remembering.,Bruce Lee,life
Yapabileceğiniz en büyük macera hayallerinizdeki hayatı yaşamaktır.,The biggest adventure you can take is to live the life of your dreams.,Oprah Winfrey,life
"Kaderinde olan yere, yani kendi benzersiz ‘sen’ olana ulaşana kadar mücadeleyi bırakma. Hayatta bir amacın olsun; sürekli öğren, çok çalış ve büyük bir hayatı gerçekleştirmek için azim göster.","Never stop fighting until you arrive at your destined place - that is, the unique you. Have an aim in life, continuously acquire knowledge, work hard, and have perseverance to realise the great life.",A. P. J. Abdul Kalam,life
"Hayatta ne yaparsan yap, kendini seninle fikir ayrılığına düşebilecek, seni zorlayacak akıllı insanlarla çevrele.","Whatever you do in life, surround yourself with smart people who'll argue with you.",John Wooden,life
"Hayattaki en büyük mutluluk, sevildiğimize dair inançtır; olduğumuz gibi sevildiğimize, daha doğrusu tüm kusurlarımıza rağmen sevildiğimize inanmak.","The greatest happiness of life is the conviction that we are loved; loved for ourselves, or rather, loved in spite of ourselves.",Victor Hugo,life
Çalışmak insana anlam ve amaç kazandırır; onsuz hayat boş ve anlamsızdır.,Work gives you meaning and purpose and life is empty without it.,Stephen Hawking,life
"Başkalarını teşvik ettiğinde, aslında kendin de teşvik edilmiş olursun; çünkü o kişinin hayatında bir değişim yaratmaya ve bir sorumluluk almaya başlarsın. Teşvik etmek gerçekten bir fark yaratır.","When you encourage others, you in the process are encouraged because you're making a commitment and difference in that person's life. Encouragement really does make a difference.",Zig Ziglar,life
"Hayatın sıradan işlerini olağanüstü bir şekilde yapabildiğinde, dünyanın dikkatini çekersin.","When you can do the common things of life in an uncommon way, you will command the attention of the world.",George Washington Carver,life
Hayatı tanımanın yolu birçok şeyi sevmekten geçer.,The way to know life is to love many things.,Vincent Van Gogh,life
Hayat başkalarının güvensizlikleriyle uğraşmak için çok kısa.,Life's too short to deal with other people's insecurities.,Anthony Hopkins,life
"İçinizdeki sessizlikle temasa geçmeyi öğrenin ve hayattaki her şeyin bir amacı olduğunu bilin. Hiçbir hata yoktur, hiçbir tesadüf yoktur, tüm olaylar bize ders almamız için verilmiş birer nimettir.","Learn to get in touch with the silence within yourself, and know that everything in life has purpose. There are no mistakes, no coincidences, all events are blessings given to us to learn from.",Elisabeth Kubler-Ross,life
"Hayatın değeri, günlerin uzunluğunda değil, onları nasıl değerlendirdiğimizdedir. Hayattan tatmin olup olmamanız, yaşadığınız yıllara değil, iradenize bağlıdır.","The value of life lies not in the length of days, but in the use we make of them... Whether you find satisfaction in life depends not on your tale of years, but on your will.",Michel de Montaigne,life
Hayatta en sevdiğimiz şeyler para ile elde edilmez. Aslında hepimizin sahip olduğu en değerli kaynağın zaman olduğu çok açıktır.,My favorite things in life don't cost any money. It's really clear that the most precious resource we all have is time.,Steve Jobs,life
"Eğer ne düşündüğünü söylemezsen ve bunu dürüstçe, açıkça ifade etmezsen tüm hayatına ihanet etmiş olursun.",You're betraying your whole life if you don't say what you think - and you don't say it honestly and bluntly.,Charles Krauthammer,life
Güzellik çoğu zaman küçük ölçülerde kendini gösterir; tıpkı kısa sürse bile bir yaşamın mükemmel olabileceği gibi.,"In small proportions we just beauties see; And in short measures, life may perfect be.",Ben Jonson,life
Hayatta herkes zorluklarla karşılaşır ama önemli olan bundan nasıl ders çıkardığınızdır.,"Everyone goes through adversity in life, but what matters is how you learn from it.",Lou Holtz,life
"Hayatta yalnızca iki trajedi vardır: Biri, insanın istediğine ulaşamamasıdır; diğeri ise istediğine ulaşmasıdır.","There are only two tragedies in life: one is not getting what one wants, and the other is getting it.",Oscar Wilde,life
"Gerçek, bize günlük hayatımızda sahip olduklarımızla yetinmeyi ve bu mutluluğu başkalarıyla paylaşmayı öğreten derin bir şefkattir.",Truth is a deep kindness that teaches us to be content in our everyday life and share with the people the same happiness.,Khalil Gibran,life
"Bir insanın hayatı, sevgi, dostluk, adaletsizliğe karşı duyarlılık ve merhamet sayesinde başkalarının hayatına değer verdiği sürece anlam ve değer taşır.","One's life has value so long as one attributes value to the life of others, by means of love, friendship, indignation and compassion.",Simone de Beauvoir,life
"Huzuru bahşederken, hayatın karşılığında istediği bedel cesarettir.",Courage is the price that life exacts for granting peace.,Amelia Earhart,life
"Güneş çiçekler için neyse, gülümseme de insanlık için odur. Bunlar kuşkusuz küçük şeylerdir; ama hayat yoluna serpiştirildiklerinde, yaptıkları iyiliğin büyüklüğü hayal edilemez.","What sunshine is to flowers, smiles are to humanity. These are but trifles, to be sure; but scattered along life's pathway, the good they do is inconceivable.",Joseph Addison,life
Hayatınızı sanki her eyleminiz evrensel bir yasa olacakmış gibi yaşayın.,Live your life as though your every act were to become a universal law.,Immanuel Kant,life
"Şu anki anın, aslında sahip olduğun tek şey olduğunu derinden kavra. Hayatının ana odağı ‘şimdi’ olsun.",Realize deeply that the present moment is all you ever have. Make the Now the primary focus of your life.,Eckhart Tolle,life
"Hayatın gerçek değeri, sırf hayatta kalmakta değil; farkındalık ve derin düşünme gücünde yatar.",The ultimate value of life depends upon awareness and the power of contemplation rather than upon mere survival.,Aristotle,life
"Aslında, hepimizi kendine çeken hayatın en dibinde yalnızca absürtlük ve daha fazla absürtlük vardır. Belki de yaşama sevincimizi veren de budur; çünkü absürtlüğü yenebilecek tek şey, berrak bir farkındalıktır.","Basically, at the very bottom of life, which seduces us all, there is only absurdity, and more absurdity. And maybe that's what gives us our joy for living, because the only thing that can defeat absurdity is lucidity.",Albert Camus,life
"Hayatın en büyük sanatı, hissetmektir; acı içinde bile var olduğumuzu hissetmek.","The great art of life is sensation, to feel that we exist, even in pain.",Lord Byron,life
"Hayat bir armağandır ve bize, kendimizi geliştirerek ona karşılık verme ayrıcalığını, fırsatını ve sorumluluğunu sunar.","Life is a gift, and it offers us the privilege, opportunity, and responsibility to give something back by becoming more.",Tony Robbins,life
Acı olmasaydı ıstırap da olmazdı; ıstırap olmasaydı hatalarımızdan asla ders çıkaramazdık. Doğruyu bulmak için acı ve ıstırap anahtardır; onsuz yaşamın bir yolu yoktur.,"Without pain, there would be no suffering, without suffering we would never learn from our mistakes. To make it right, pain and suffering is the key to all windows, without it, there is no way of life.",Angelina Jolie,life
"Üslupta özlülük, düşüncede netlik, yaşamda kararlılık.","Concision in style, precision in thought, decision in life.",Victor Hugo,life
"Hayattaki en büyük değer, ne kazandığın değil; ne olduğundur.",The major value in life is not what you get. The major value in life is what you become.,Jim Rohn,life
"Hayatta yapabileceğiniz en büyük hata, sürekli olarak bir hata yapacağınızdan korkmaktır.",The greatest mistake you can make in life is continually fearing that you'll make one.,Elbert Hubbard,life
"Yarın için yaşanan bir hayat, gerçekleşmekten her zaman bir gün uzakta kalır.",Life lived for tomorrow will always be just a day away from being realized.,Leo Buscaglia,life
"Hayallere sıkı tutun; çünkü hayaller yok olduğunda, hayat karla kaplanmış çorak bir araziye dönüşür.",Hold fast to dreams for when dreams go life is a barren field frozen with snow.,Langston Hughes,life
Evren değişimden ibarettir; hayatımız ise düşüncelerimizin onu neye dönüştürdüğüdür.,The universe is change; our life is what our thoughts make it.,Marcus Aurelius,life
"Özgürlük olmadan yaşam, ruhu olmayan bir beden gibidir.",Life without liberty is like a body without spirit.,Khalil Gibran,life
"Hayatını değiştirme konusunda ciddisen, bir yol bulursun. Değilsen, bir bahane bulursun.","If you're serious about changing your life, you'll find a way. If you're not, you'll find an excuse.",Jen Sincero,life
"Hayat bize verilir; biz onu, ona bir şeyler vererek hak ederiz.","Life is given to us, we earn it by giving it.",Rabindranath Tagore,life
Hayaller yaşam için gereklidir.,Dreams are necessary to life.,Anais Nin,life
"Korktuğunda, tutunmaya çalıştığında ve hayat seni yaraladığında, o zaman gerçekten neye sahip olduğunu ve neyden yapıldığını anlarsın.","When you're scared, when you're hanging on, when life is hurting you, then you're going to see what you're really made of.",Sylvester Stallone,life
"Başarıya giden kestirme bir yol yoktur. Hayat, derinlemesine bir hazırlık ister; yüzeysellik ise hiçbir işe yaramaz.",There is no short cut to achievement. Life requires thorough preparation - veneer isn't worth anything.,George Washington Carver,life
Hayatımız her gün verdiğimiz kararların toplamıdır ve bu kararlar önceliklerimiz tarafından belirlenir.,"Our life is the sum total of all the decisions we make every day, and those decisions are determined by our priorities.",Myles Munroe,life
"Hayatta anlamı olan en küçük şey, anlamı olmayan en büyük şeyden daha değerlidir.",The least of things with a meaning is worth more in life than the greatest of things without it.,Carl Jung,life
"Bir anın ve birkaç içten sözün, bir hayatı ne zaman derinden etkileyebileceğini asla bilemezsiniz.",You never know when a moment and a few sincere words can have an impact on a life.,Zig Ziglar,life
"Hayatın büyük acıları için cesaret, küçük olanları için sabır göster; ve günlük görevini emek vererek tamamladığında, huzur içinde uyuyabilirsin.","Have courage for the great sorrows of life and patience for the small ones; and when you have laboriously accomplished your daily task, go to sleep in peace.",Victor Hugo,life
"Geçmişte başına gelen hiçbir şeyin, şu anki an üzerinde bir gücü yoktur; çünkü hayat şu andır.","Whatever has happened to you in your past has no power over this present moment, because life is now.",Oprah Winfrey,life
"Hayattaki tek gerçek başarısızlık, kişinin bildiği en iyi şeye sadık kalmamasıdır.",The only real failure in life is not to be true to the best one knows.,Buddha,life
Yaşamak için çaresizlik olmadan yaşam sevgisi olamaz.,There is no love of life without despair of life.,Albert Camus,life
Mutlu bir hayat büyük ölçüde sakin bir hayat olmalıdır; çünkü gerçek mutluluk ancak huzurlu bir ortamda yaşayabilir.,"A happy life must be to a great extent a quiet life, for it is only in an atmosphere of quiet that true joy dare live.",Bertrand Russell,life
Hayat ya büyük bir macera olur ya da hiçbir anlam taşımaz.,Life is either a great adventure or nothing.,Helen Keller,life
"Hayatımızdaki değişim, yeni bir yaşam biçimini deneme yönündeki zihinsel bir karardan değil; vicdanımızın gerektirdiği şekilde yaşamanın başka türlü mümkün olmamasından doğmalıdır.",The changes in our life must come from the impossibility to live otherwise than according to the demands of our conscience not from our mental resolution to try a new form of life.,Leo Tolstoy,life
Hayat ne iyi ne de kötüdür; yalnızca iyi ve kötünün bulunduğu bir yerdir.,"Life is neither good or evil, but only a place for good and evil.",Marcus Aurelius,life
"Bir insanın hayatına memnuniyetle bakabilmek, iki kez yaşamaktır.","To be able to look back upon ones life in satisfaction, is to live twice.",Khalil Gibran,life
Derin düşünme olmadan kişi günlük hayatta başkaları için var olduğunu bilir.,Without deep reflection one knows from daily life that one exists for other people.,Albert Einstein,life
Umut kapasitesi yaşamın en önemli gerçeğidir. İnsana bir varış noktası duygusu ve başlama enerjisi sağlar.,The capacity for hope is the most significant fact of life. It provides human beings with a sense of destination and the energy to get started.,Norman Cousins,life
Hayattaki en büyük mutluluk sevildiğimize ikna olmaktır.,Life's greatest happiness is to be convinced we are loved.,Victor Hugo,life
Olumsuz düşünceleri olumlu olanlarla değiştirdiğinizde olumlu sonuçlar almaya başlayacaksınız.,"Once you replace negative thoughts with positive ones, you'll start having positive results.",Willie Nelson,positive
"En önemli şey, insanlara yapmak istedikleri her konuda harika olabilmeleri için ilham vermektir.",The most important thing is to try and inspire people so that they can be great in whatever they want to do.,Kobe Bryant,positive
Yaptığınız işten heyecan duyduğunuzda pozitif enerjiyi hissedersiniz. Bu kadar basit.,"When you are enthusiastic about what you do, you feel this positive energy. It's very simple.",Paulo Coelho,positive
"İçinde neşe olan bir yer bul ve o neşe, acıyı yakıp yok edecektir.","Find a place inside where there's joy, and the joy will burn out the pain.",Joseph Campbell,positive
"Bunu daha önce yaptın ve şimdi de yapabilirsin. Olumlu ihtimalleri gör. Hayal kırıklığından doğan güçlü enerjini yeniden yönlendir ve onu pozitif, etkili ve durdurulamaz bir kararlılığa çevir.","You've done it before and you can do it now. See the positive possibilities. Redirect the substantial energy of your frustration and turn it into positive, effective, unstoppable determination.",Ralph Marston,positive
"Yüzünü güneşe çevirirsen, gölgeleri göremezsin.",Keep your face to the sunshine and you cannot see a shadow.,Helen Keller,positive
"Eğer hata yapmıyorsan, hiçbir şey yapmıyorsun demektir. Eminim ki yapan insan hata yapar.","If you're not making mistakes, then you're not doing anything. I'm positive that a doer makes mistakes.",John Wooden,positive
"Dünyada pozitif bir itici güçten daha güçlü çok az şey vardır; Bir gülümseme, bir dünya dolusu iyimserlik ve umut. Zor zamanlarda söylenen bir ‘bunu yapabilirsin’ sözü.",Few things in the world are more powerful than a positive push. A smile. A world of optimism and hope. A 'you can do it' when things are tough.,Richard M. DeVos,positive
"Hayallere güvenin, çünkü sonsuzluğun kapısı onlarda gizlidir.","Trust in dreams, for in them is hidden the gate to eternity.",Khalil Gibran,positive
"Olumlu düşünmek, her şeyi olumsuz düşünmekten daha iyi yapmanı sağlar.",Positive thinking will let you do everything better than negative thinking will.,Zig Ziglar,positive
"Düzeltme çok şey yapar, ancak teşvik daha fazlasını yapar.","Correction does much, but encouragement does more.",Johann Wolfgang von Goethe,positive
Sürekli iyimserlik bir güç çarpanıdır.,Perpetual optimism is a force multiplier.,Colin Powell,positive
"Başarmak için, sana tutunma gücü verecek, seni motive edecek ve ilham verecek bir şey bulmalısın.","To succeed, you need to find something to hold on to, something to motivate you, something to inspire you.",Tony Dorsett,positive
"Eğer olumlu bir tutuma sahipsen ve sürekli elinden gelenin en iyisini yapmaya çalışıyorsan, sonunda anlık sorunlarını aşar ve daha büyük zorluklara hazır olduğunu görürsün.","If you have a positive attitude and constantly strive to give your best effort, eventually you will overcome your immediate problems and find you are ready for greater challenges.",Pat Riley,positive
Negatifi silin; olumluyu vurgulayın!,Delete the negative; accentuate the positive!,Donna Karan,positive
Birisi iyi bir şey yaptığında alkışlayın! İki kişiyi mutlu edeceksiniz.,"When someone does something good, applaud! You will make two people happy.",Samuel Goldwyn,positive
Bir odaya neşeyi ve kahkahayı getirebilen kişi gerçekten de kutsanmıştır.,The person who can bring the spirit of laughter into a room is indeed blessed.,Bennett Cerf,positive
"Yaşaması ve gelişmesi için fırsat verilen tek bir olumlu düşünce, tüm olumsuz düşünceler ordusunu yenebilir.",It takes but one positive thought when given a chance to survive and thrive to overpower an entire army of negative thoughts.,Robert H. Schuller,positive
"İçinde, keşfedip kullanabildiğin takdirde seni hayal ettiğin ve olabileceğini düşündüğün her şeye dönüştürebilecek güçler vardır.","There are powers inside of you which, if you could discover and use, would make of you everything you ever dreamed or imagined you could become.",Orison Swett Marden,positive
"Coşku uyandıran vasat bir fikir, kimseyi harekete geçirmeyen büyük bir fikirden daha uzağa gider.",A mediocre idea that generates enthusiasm will go further than a great idea that inspires no one.,Mary Kay Ash,positive
Duruma yardımcı olacak olumlu bir şey söyleyin ve yapın; Şikayet etmek için beyin gerekmez.,Say and do something positive that will help the situation; it doesn't take any brains to complain.,Robert A. Cook,positive
"Küçük hayaller kurun. Eğer onları çok büyütürseniz bunalırsınız ve hiçbir şey yapamazsınız. Küçük hedefler belirler ve bunları başarırsanız, bu size daha yüksek hedeflere ilerleme konusunda güven verir.","Dream small dreams. If you make them too big, you get overwhelmed and you don't do anything. If you make small goals and accomplish them, it gives you the confidence to go on to higher goals.",John H. Johnson,positive
"Hiçbir koşulda zihninin olumlu, yapıcı, iyimser ve nazik olmayan düşüncelerde oyalanmasına izin verme.","You must not under any pretense allow your mind to dwell on any thought that is not positive, constructive, optimistic, kind.",Emmet Fox,positive
"Örnek almak için insanlara bakın, ancak işleri kendi yönteminizle yaptığınızdan emin olun. Kendinizi pozitif insanlarla kuşatın.","Look at people for an example, but then make sure to do things your way. Surround yourself with positive people.",Queen Latifah,positive
"Kötü şeyler olduğunda bile, onları olumlu bir şekilde değerlendirmeye çalışmalı ve içlerinden pozitif olanı çıkarmalısın.",Even when bad things happen you have to try to use those bad things in a positive manner and really just take the positive out of it.,Natalie du Toit,positive
"Kötümserlik zayıflığa, iyimserlik ise güce yol açar.","Pessimism leads to weakness, optimism to power.",William James,positive
"Saf olmak kendin olmak anlamına gelir. İnsanların senin hakkında ne düşündüğünden, yapmak istediğini yapmaktan korkmamaktır. Olumlu olmak demektir.",Based means being yourself. Not being scared of what people think about you. Not being afraid to do what you wanna do. Being positive.,Lil B,positive
Korkunuza direnin; korku asla sizi olumlu bir sonuca götürmez. İnancınızın ve inandığınız şeyin peşinden gidin.,Resist your fear; fear will never lead to you a positive end. Go for your faith and what you believe.,T. D. Jakes,positive
"Olumlu bir zihinsel tutuma sahip olmak, bir şeyin yapılamayacağını söylemek yerine nasıl yapılabileceğini sormaktır.",Having a positive mental attitude is asking how something can be done rather than saying it can't be done.,Bo Bennett,positive
Daima gerçek benliğiniz olun ve etrafınızı olumlu ve destekleyici insanlarla çevreleyin.,"Always be your true self, and surround yourself with positive and supportive people.",Amanda Lepore,positive
"Olumlu ve mutlu kalın. Çok çalışın ve umudunuzu kaybetmeyin. Eleştiriye açık olun ve öğrenmeye devam edin. Kendinizi mutlu, sıcak ve samimi insanlarla kuşatın.","Stay positive and happy. Work hard and don't give up hope. Be open to criticism and keep learning. Surround yourself with happy, warm and genuine people.",Tena Desae,positive
Başkalarına karşı derin bir empati gösterdiğinizde onların savunma enerjisi azalır ve yerini pozitif enerji alır. İşte o zaman sorunları çözmede daha yaratıcı olabilirsiniz.,"When you show deep empathy toward others, their defensive energy goes down, and positive energy replaces it. That's when you can get more creative in solving problems.",Stephen Covey,positive
"Güçlü, olumlu bir zihinsel tutum, herhangi bir harika ilaçtan daha fazla mucize yaratacaktır.",A strong positive mental attitude will create more miracles than any wonder drug.,Patricia Neal,positive
"Hayatın tadını çıkarmak lazım. Her zaman hoşunuza giden, hoş sohbet eden insanlarla çevrili olun. Düşünecek pek çok olumlu şey var.","You have to enjoy life. Always be surrounded by people that you like, people who have a nice conversation. There are so many positive things to think about.",Sophia Loren,positive
Olumlu düşündüğünüzde güzel şeyler olur.,"When you think positive, good things happen.",Matt Kemp,positive
"İnsanlar arasında çok az fark vardır, ancak bu küçük fark büyük bir fark yaratır. Küçük fark tutumdur. En büyük fark olumlu mu olumsuz mu olduğudur.","There is little difference in people, but that little difference makes a big difference. The little difference is attitude. The big difference is whether it is positive or negative.",W. Clement Stone,positive
"Aklınıza koyarsanız ve olumlu bir tutum sergilerseniz, bu dünyada neredeyse hiçbir şey imkansız değildir.",Virtually nothing is impossible in this world if you just put your mind to it and maintain a positive attitude.,Lou Holtz,positive
Stres aşağıya doğru giden bir sarmaldır ve bunun üstesinden ancak olumlu bir bakış açısıyla gelinebilir.,"Stress is a downward spiral, and you can only overcome it with a positive perspective.",Jen Lilley,positive
Olumsuz şeylere odaklanmayın; Olumluya odaklanın ve gelişeceksiniz.,"Don't focus on negative things; focus on the positive, and you will flourish.",Alek Wek,positive
Kendin hakkında bu olumsuz şeyleri söylemeyi bırak. Aynaya bak ve kendinle ilgili olumlu bir şey bul ve onu kutla!,Stop saying these negative things about yourself. Look in the mirror and find something about yourself that's positive and celebrate that!,Tyra Banks,positive
"Dayanıklılık tek bir beceri değil, farklı beceriler ve başa çıkma yöntemlerinin bir bütünüdür. Hayattaki aksaklıklardan ve başarısızlıklardan toparlanabilmek için olumlu olana odaklanmak gerekir.","Resilience isn't a single skill. It's a variety of skills and coping mechanisms. To bounce back from bumps in the road as well as failures, you should focus on emphasizing the positive.",Jean Chatzky,positive
"Başkalarına olumlu bir şey verirsek, bu bize geri döner. Negatif bir şey verirsek, o da aynı şekilde bize geri döner.","If we give something positive to others, it will return to us. If we give negative, that negativity will be returned.",Allu Arjun,positive
Birçok insan kötü deneyimlerle karşılaşır. Bu deneyimleri atlatarak onlardan büyür ve çok şey öğrenirsin. Kötü deneyimleri her zaman olumlu şeylere dönüştürebilirsin.,"A lot of people deal with things that are bad. Once you've been through something, you grow from it and you take a lot in. You can always turn it into something positive.",Chino Moreno,positive
Hayal kırıklığı üzerinde duramazsınız. Olumlu yönleri alıp ileriye bakmaya devam etmelisiniz.,You can't dwell on disappointment. You've got to take the positives and keep looking ahead.,AJ Tracey,positive
"Bazen çok zor olsa da, eğer yeterince dikkatli bakarsanız, her durumda olumlu şeyler bulabilirsiniz.","Although sometimes it's very difficult, if you're willing to look hard enough, you can find positives in every situation.",Pat McAfee,positive
"Aslında yapman gereken tek şey yoluna devam etmek, olumlu bir tutum korumak ve sorunların üstesinden gelmektir. Onlarla yüzleşmelisin; yoksa onları aşamazsın.","Really you just gotta keep chugging along and keep a positive attitude and get through all the problems. You gotta face them, otherwise you don't get through.",Lesley Gore,positive
"Yoğun stres ve sıkıntı dönemlerinde en iyisi meşgul kalmak, öfkeni ve enerjini olumlu bir şeye yönlendirmektir.","In times of great stress or adversity, it's always best to keep busy, to plow your anger and your energy into something positive.",Lee Iacocca,positive
Kendini sev. Pozitif kalmak önemlidir çünkü güzellik içten dışa doğru gelir.,Love yourself. It is important to stay positive because beauty comes from the inside out.,Jenn Proske,positive
"Hayatın ölçüsü; sevgi, olumlu katkılar ve zarafet dolu anlardır.",Life is measured in love and positive contributions and moments of grace.,Carly Fiorina,positive
"Kendinize karşı dürüst olun ve etrafınızı olumlu, destekleyici insanlarla çevreleyin.","Be true to yourself and surround yourself with positive, supportive people.",Payal Kadakia,positive
"Özgüven, iyimserlik ya da kötümserlik değildir ve bir karakter özelliği de değildir. O, olumlu bir sonucun gerçekleşeceğine dair beklentidir.","Confidence isn't optimism or pessimism, and it's not a character attribute. It's the expectation of a positive outcome.",Rosabeth Moss Kanter,positive
"Hayatta kiminle karşılaşırsan karşılaş, ondan mutlaka bir şey alırsın; ister olumlu ister olumsuz olsun.","No matter who you meet in life, you take something from them, positive or negative.",Gary Allan,positive
"Ne kadar kusurlu ya da işlevsiz olursak olalım, yine de birbirimizin yaşamında olumlu bir iz bırakabiliriz.","No matter how dysfunctional we are, we can still have a positive impact on each other's lives.",Eddie Griffin,positive
"Gerçekten şaşırtıcıdır; eğer izin verirsen, hayat çok hızlı ve olumlu bir şekilde değişir.","It's amazing. Life changes very quickly, in a very positive way, if you let it.",Lindsey Vonn,positive
"Suçluluk da güçlü bir duygudur, fakat etkisi yapıcıdır; buna karşılık utanç yıkıcıdır. Utanç, cesaretimizi zayıflatır ve geri çekilmeyi besler.","Guilt is powerful, but its influence is positive, while shame is destructive. Shame erodes our courage and fuels disengagement.",Brene Brown,positive
"Dünyamızı, olumlu sosyal ve çevresel yan etkiler üretecek şekilde tasarlamalıyız.",Design our world so that we have positive social and environmental side effects.,Bjarke Ingels,positive
"Hayattaki lükslerin ve sözde konforların çoğu yalnızca gereksiz değil, aynı zamanda insanlığın yükselişine engel oluşturan unsurlardır.","Most of the luxuries and many of the so-called comforts of life are not only not indispensable, but positive hindrances to the elevation of mankind.",Henry David Thoreau,positive
"Hayatta her olumlu şeyin karşısında bir olumsuzluk vardır. Önemli olan, olumlu olanı görmeyi seçmek ve olumsuz olanla başa çıkmayı öğrenmektir.","With every positive, there is a negative across the board in life. It's about choosing to see the positive and working with the negative.",Kate Gosselin,positive
"Hepimiz yaşadığımız deneyimlerin bir sonucuyuz; iyi ya da kötü. Bazen olumsuz deneyimlerden, olumlu olanlar kadar çok şey öğreniriz.","We are all products of our experiences, good and bad. Sometimes you learn as much from the negative experiences as you do from the positive.",Brad Garlinghouse,positive
Hepimiz hayatta çeşitli şeylerden geçeriz; önemli olan onlarla nasıl başa çıktığımızdır. En zor zamanlarda bile olumlu kalmaya çalış.,"We all go through things in life, and it's just how you deal with it. Try to stay positive throughout the worst.",Phil Heath,positive
"Zorluk anlarında, içinden çıkarılabilecek olumlu yönler ve öğrenilebilecek dersler vardır.",In moments of difficulty there are positives you can take and lessons you can learn.,Tyrone Mings,positive
Kazanmak eğlencelidir ama birinin hayatına çok olumlu bir şekilde dokunabildiğiniz anlar daha da güzeldir.,"Winning is fun, but those moments that you can touch someone's life in a very positive way are better.",Tim Howard,positive
İnatçılık ile bunun olumlu tarafı olan inatçı kararlılık arasında ince bir çizgi vardır.,"There's a fine line between stubbornness and the positive side of that, which is dogged determination.",Jeb Bush,positive
"Zihinsel olarak, olumsuz bir tutumla hayatınızda olumlu şeylerin gerçekleşmesini bekleyemezsiniz.","Mentally, you can't expect positive things to start happening in your life with a negative attitude.",Jinder Mahal,positive
"Olumlu bir biçimde düzeltildiğimiz sürece, hepimiz bundan kazanç sağlarız.",All of us profit from being corrected - if we're corrected in a positive way.,Sam Walton,positive
"İnsanlar seni aşağı çekmeye çalışabilir, fakat hayatındaki olumsuzluklarla mücadele etmelisin. Her zaman olumlu kalmak ve olumlu düşünmek en doğrusudur.","People will try to pull you down, but you need to fight the negativity in your life. It's always good to stay positive and think positive.",Vivek Oberoi,positive
"Olumlu bir atmosfer, olumlu bir tutumu geliştirir; bu da olumlu adımlar atmak için gereklidir.","A positive atmosphere nurtures a positive attitude, which is required to take positive action.",Richard M. DeVos,positive
"Kendini sevmek, doğası gereği her zaman olumlu ve etkin kalır.","Self-love, it is obvious, remains always positive and active in our natures.",Gordon W. Allport,positive
Genel olarak herhangi bir olumsuz şeyin beni etkilemesine asla izin vermedim. En umutsuz derecede korkunç durumdan olumlu bir sonuç çıkarırdım.,"I've never really let any kind of negative things affect me, generally. I would take a positive out of the most desperately horrible situation.",Eddie the Eagle,positive
"Günümüzün karakteristik siyasi tutumu olumlu inanç değil, umutsuzluk tutumudur.","The characteristic political attitude of today is not one of positive belief, but of despair.",Herbert Read,positive
Çoğumuz olumlu bir tutumla ve elimizden gelenin en iyisini yapma planıyla başlarız.,Most of us start out with a positive attitude and a plan to do our best.,Marilu Henner,positive
Bir anlığına zihninizi sorunlardan uzaklaştırın ve olumlu olasılıklara odaklanın. Ne kadar çok şey yapabileceğinizi düşünün.,"Take your mind off the problems for a moment, and focus on the positive possibilities. Consider how very much you are able to do.",Ralph Marston,positive
"İyimserler genellikle yanılır. Ama tarihteki tüm büyük ve olumlu değişimler, iyimserler tarafından yapılmıştır.","Optimists are usually wrong. But all the great change in history, positive change, was done by optimists.",Thomas Friedman,positive
"Olumlu düşünme, engelleri aşmanıza, acıyla baş etmenize ve yeni hedeflere ulaşmanıza yardımcı olabilecek değerli bir araçtır.","Positive thinking is a valuable tool that can help you overcome obstacles, deal with pain, and reach new goals.",Amy Morin,positive
Her zaman pozitif kalın ve pozitif insanları etrafınızda tutun.,Always stay positive and keep positive people around you.,Jeff Green,positive
Pozitif enerji sınır tanımıyor. Herkes internette pozitif enerji yasaydı dünya çok daha iyi bir yer olurdu.,"Positive energy knows no boundaries. If everyone were to spread positive energy on the Internet, the world would be a much better place.",Lu Wei,positive
"Neşeli, olumlu bir selam gönderin; çoğu zaman neşeli, olumlu bir selamla karşılık alacaksınız. Ayrıca olumsuz bir selam gönderdiğinizde çoğu durumda olumsuz bir selam alacağınız da doğrudur.","Send out a cheerful, positive greeting, and most of the time you will get back a cheerful, positive greeting. It's also true that if you send out a negative greeting, you will, in most cases, get back a negative greeting.",Zig Ziglar,positive
"İstersen, beklenmedik aksilikler bile yeni ve olumlu fırsatlar doğurabilir. İstersen, her koşulda değer ve tatmin bulabilirsin.","If you so choose, even the unexpected setbacks can bring new and positive possibilities. If you so choose, you can find value and fulfillment in every circumstance.",Ralph Marston,positive
"Eğer olumlu bir zihniyete sahipsen, hayatında olumlu şeyleri ortaya çıkarabilirsin.""","If you have a positive frame of mind, you can manifest positive things in your life.",Alesha Dixon,positive
İçinizde hissettikleriniz yüzünüze yansır. Bu yüzden her zaman mutlu ve pozitif olun.,What you feel inside reflects on your face. So be happy and positive all the time.,Sridevi,positive
Olumsuz düşünceler geldiğinde - ki gelecektir; hepimize geliyorlar; üzerinde durmamak yeterli değil... Onu olumlu bir düşünceyle değiştirmelisiniz.,When the negative thoughts come - and they will; they come to all of us - it's not enough to just not dwell on it... You've got to replace it with a positive thought.,Joel Osteen,positive
"Evrendeki her şeyde, bir devreyi ya da çemberi tamamlamak için pozitif ve negatifin bulunması gerekir; aksi halde hareket de, faaliyet de olmaz.","There must be a positive and negative in everything in the universe in order to complete a circuit or circle, without which there would be no activity, no motion.",John McDonald,positive
"Sadece olumlu duygulara sahip olmak isteseydik, insan türü çoktan yok olurdu.","If we just wanted positive emotions, our species would have died out a long time ago.",Martin Seligman,positive
"Günlerinizi hayatın olumlu tarafında, en değerli bulduğunuz değerlerle uyum içinde yaşayın; böylece her anda yaşayacak çok şeyiniz olur.","Live your days on the positive side of life, in tune with your most treasured values. And in each moment you'll have much to live for.",Ralph Marston,positive
En iyi halinizle kendinizi ortaya koyun ve olumlu bir zihniyetle hareket edin; böylece işlerin umduğunuz gibi gelişmesini sağlayabilirsiniz.,"Put your best foot forward and hope that if you play with that positive frame of mind, things will hopefully unfold in your way.",Kane Williamson,positive
Size dağıtılan eli bırakmanın hiçbir mazereti yok. Mücadeleye devam etmeli ve bundan olumlu bir şeyler çıkarmalısınız.,There's no excuse to give up the hand you're dealt. You've just got to keep fighting and make something positive out of it.,Mike Evans,positive
Pozitif kalabilmek için zihinsel olarak çok güçlü olmanız gerekir.,"To stay positive, you have to be very strong mentally.",Memphis Depay,positive
"Hak edilmiş başarı, olumlu ve mutlu bir hayatın anahtarıdır.","Earned success is the key to a positive, happy life.",Christian McCaffrey,positive
Olumlu olan kadar olumsuz olan da önemlidir.,The negative is just as important as the positive.,Ellsworth Kelly,positive
Olumsuz bir durumda bile her zaman olumlu bir şeyin olduğunu anladım.,"I've come to understand that there's always something positive, even in a negative situation.",Leif Garrett,positive
"Sanat pozitif gerçekliğin incelenmesi değil, ideal gerçekliğin arayışıdır.","Art is not a study of positive reality, it is the seeking for ideal truth.",John Ruskin,positive
Vücudunuzu çalıştırdığınız gibi beyninizi de pozitif olması için eğitmelisiniz.,You have to train your brain to be positive just like you work out your body.,Shawn Achor,positive
"Yeterince uzun süre ortalıkta kalırsanız ve yeterince doğru şeyler yaparsanız, büyük ölçüde olumlu bir ışık altında görünürsünüz.","If you stick around long enough and you do enough of the right things, you get seen in a largely positive light.",Brian O'Driscoll,positive
"Umut sadece... gökyüzünde olmak ya da gerçekleri ya da gerçekleri kabul etmek değildir. Umut, iyimser, olumlu beklentilere sahip olmaktır.","Hope is not just... out in the sky, or accepting the facts or reality. Hope is having optimistic, positive expectations.",Craig Sager,positive
Gerçeklik her zaman karanlık ya da olumlu değildir. İkisinin arasında bir yerdedir.,Reality is not always dark or positive. It is somewhere in-between.,Antara Mali,positive
"Biraz heyecan ve gerginlik hissetmek gereklidir ve olumludur. Bu gerginlik iyi bir şeydir; sevdiğin, tutkuyla bağlandığın ve büyük bir sorumluluk ile saygı duyduğun bir şey yaptığının işaretidir.","Feeling a few nerves is necessary and positive. That tension is a good thing: it's a sign that you're doing something you like, that you're passionate about, and about which you have a great sense of responsibility and respect for.",Julen Lopetegui,positive
Karşına ne çıkarsa çıksın onu kabul etmeli ve olumlu bir bakış açısıyla değerlendirmelisin.,"You have to take whatever comes at you, and you've got to look at it as a positive.",Bernard Tomic,positive
"İnsanların kendilerini yoksulluktan kurtarmalarına yardımcı olmak, bir kişinin hayatında kalıcı olumlu bir fark yaratmanın en iyi yoludur.",Helping people boost themselves out of poverty is the best way to make a lasting positive difference in a person's life.,Naveen Jain,positive
"Eğer hayatta gerçekten olumluysanız, her şey yerli yerine oturacaktır.","If you're really positive in life, everything else will fall into place.",Hardwell,positive
En karanlık durumlarda bile hayatımızda olumluya çevirebileceğimiz bir şeyler vardır.,There is something in even the darkest situations that we can make a positive in our lives.,Deborah Norville,positive
"Her türlü farklı durumla uğraşmak zorunda kaldım; olumlu, olumsuz ve her ikisinin de aşırı uçlarıyla.",I've had to deal with all different types of situations - positive and negative and extremes of both.,Shia LaBeouf,positive
Bir şeyleri olumlu yönde değiştirmek zordur.,It's difficult to change things in a positive way.,Lizzie Armitstead,positive
"Dünyadaki en iyi ve en güzel şeyler görülemez, hatta dokunulamaz; kalple hissedilmeleri gerekir.",The best and most beautiful things in the world cannot be seen or even touched - they must be felt with the heart.,Helen Keller,inspirational
Yüzünüzü her zaman güneş ışığına doğru tutun; gölgeler arkanıza düşecektir.,Keep your face always toward the sunshine - and shadows will fall behind you.,Walt Whitman,inspirational
"Mükemmellik erişilemezdir; fakat onun peşinden koşanlar, mükemmeliyeti değilse de mükemmelliğe yakın bir başarıyı yakalar.","Perfection is not attainable, but if we chase perfection we can catch excellence.",Vince Lombardi,inspirational
"Yarın için en iyi hazırlık, bugün elinizden gelenin en iyisini yapmaktır.",The best preparation for tomorrow is doing your best today.,"H. Jackson Brown, Jr.",inspirational
"Önce gerekli olanı yap, sonra mümkün olanı. Gün gelir, imkânsızı başardığını görürsün.",Start by doing what's necessary; then do what's possible; and suddenly you are doing the impossible.,Francis of Assisi,inspirational
Rüzgarın yönünü değiştiremem ama yelkenlerimi her zaman hedefime ulaşacak şekilde ayarlayabilirim.,"I can't change the direction of the wind, but I can adjust my sails to always reach my destination.",Jimmy Dean,inspirational
"Arkanda kalanlar da önünde duranlar da, içinde taşıdıklarının yanında sönük kalır.","What lies behind you and what lies in front of you, pales in comparison to what lies inside of you.",Ralph Waldo Emerson,inspirational
"Zihni sakin olan kişiye, bütün evren kapılarını açar.","To the mind that is still, the whole universe surrenders.",Lao Tzu,inspirational
Ne kadar küçük olursa olsun hiçbir iyilik boşa gitmez.,"No act of kindness, no matter how small, is ever wasted.",Aesop,inspirational
"Eğer başkalarından daha ileriyi görebildiysem, bunun nedeni devlerin omuzlarında durmuş olmamdır.","If I have seen further than others, it is by standing upon the shoulders of giants.",Isaac Newton,inspirational
Hiçbir şey imkânsız değildir; kelimenin kendisi bile ‘mümkünüm’ der.,"Nothing is impossible, the word itself says 'I'm possible'!",Audrey Hepburn,inspirational
"Gününü, topladığın hasata göre değil; ektiğin tohumlara göre yargıla",Don't judge each day by the harvest you reap but by the seeds that you plant.,Robert Louis Stevenson,inspirational
Birisi uzun zaman önce ağaç diktiği için bugün gölgede oturuyor.,Someone is sitting in the shade today because someone planted a tree a long time ago.,Warren Buffett,inspirational
Işığı yaymanın iki yolu vardır: Mum olmak ya da onu yansıtan ayna olmak.,There are two ways of spreading light: to be the candle or the mirror that reflects it.,Edith Wharton,inspirational
Ne olduğumuzu biliyoruz ama ne olabileceğimizi bilmiyoruz.,"We know what we are, but know not what we may be.",William Shakespeare,inspirational
"Hayatımızın, işlerimizin, yaptıklarımızın hatıraları başkalarında da devam edecek.","Memories of our lives, of our works and our deeds will continue in others.",Rosa Parks,inspirational
"Mümkün olanın sınırlarını keşfetmenin tek yolu, onların ötesine geçip imkansıza doğru gitmektir.",The only way to discover the limits of the possible is to go beyond them into the impossible.,Arthur C. Clarke,inspirational
"Eğer fırsat kapıyı çalmıyorsa, bir kapı inşa edin.","If opportunity doesn't knock, build a door.",Milton Berle,inspirational
"Mutluluk, takip edildiğinde her zaman elinizin altında olmayan, ancak sessizce oturursanız üzerinize konabilecek bir kelebektir.","Happiness is a butterfly, which when pursued, is always just beyond your grasp, but which, if you will sit down quietly, may alight upon you.",Nathaniel Hawthorne,inspirational
"Kendinize inanırsanız, kararlılığınız ve gururunuz varsa ve asla pes etmezseniz, kazanan siz olursunuz. Zaferin bedeli yüksektir ama ödülleri de öyledir.","If you believe in yourself and have dedication and pride - and never quit, you'll be a winner. The price of victory is high but so are the rewards.",Bear Bryant,inspirational
"Mutluluk geleceğe ertelediğiniz bir şey değildir; bu, şu an için tasarladığınız bir şeydir.",Happiness is not something you postpone for the future; it is something you design for the present.,Jim Rohn,inspirational
Mevcut koşullarınız nereye gidebileceğinizi belirlemez; sadece nereden başlayacağınızı belirlerler.,Your present circumstances don't determine where you can go; they merely determine where you start.,Nido Qubein,inspirational
Olabileceğiniz kişi olmak için asla geç değildir.,It is never too late to be what you might have been.,George Eliot,inspirational
"İnsanlar size ne söylerse söylesin, kelimeler ve fikirler dünyayı değiştirebilir.","No matter what people tell you, words and ideas can change the world.",Robin Williams,inspirational
Dünyayı daha iyi bir yer yapmak için kimsenin tek bir an bile beklemesine gerek olmaması ne kadar da harika.,How wonderful it is that nobody need wait a single moment before starting to improve the world.,Anne Frank,inspirational
En karanlık anlarımızda ışığı görmeye odaklanmalıyız.,It is during our darkest moments that we must focus to see the light.,Aristotle Onassis,inspirational
"Bulunduğunuz yerde biraz iyilik yapın; dünyayı şaşkına çeviren şey, bir araya getirilen bu küçük iyiliklerdir.",Do your little bit of good where you are; it's those little bits of good put together that overwhelm the world.,Desmond Tutu,inspirational
"Kaderin sizi bağladığı şeyleri kabul edin ve kaderin sizi buluşturduğu insanları sevin, ama bunu tüm kalbinizle yapın.","Accept the things to which fate binds you, and love the people with whom fate brings you together, but do so with all your heart.",Marcus Aurelius,inspirational
"Ayı hedef alın, eğer kaçırırsanız yine yıldızların arasında olursunuz.",Shoot for the moon and if you miss you will still be among the stars.,Les Brown,inspirational
"Şampiyon, yapamayacak haldeyken bile ayağa kalkabilendir.",A champion is someone who gets up when he can't.,Jack Dempsey,inspirational
"Asıl yolculuk, dışarıya değil, insanın kendi içine yaptığı yolculuktur.",The only journey is the one within.,Rainer Maria Rilke,inspirational
"Düşüncelerinizi değiştirin, dünyanız değişir.",Change your thoughts and you change your world.,Norman Vincent Peale,inspirational
"Bizimle ilgili en özgün şey, yaratma, üstesinden gelme, dayanma, dönüştürme, sevme ve acılarımızdan daha büyük olma kapasitemizdir.","The most authentic thing about us is our capacity to create, to overcome, to endure, to transform, to love and to be greater than our suffering.",Ben Okri,inspirational
"Çölü güzel yapan şey, bir yerlerinde gizli bir kuyunun var olmasıdır.",What makes the desert beautiful is that somewhere it hides a well.,Antoine de Saint-Exupery,inspirational
Yarının hayalini kuralım; ruhumuzla gerçekten sevebildiğimiz ve sevginin yaratılışın özündeki en büyük gerçek olduğunu bildiğimiz bir yarının.,"Let us dream of tomorrow where we can truly love from the soul, and know love as the ultimate truth at the heart of all creation.",Michael Jackson,inspirational
Bir hayalin olduğunda onu yakalamalı ve asla bırakmamalısın.,"When you have a dream, you've got to grab it and never let go.",Carol Burnett,inspirational
İçinizde var olana sadık olun.,Be faithful to that which exists within yourself.,Andre Gide,inspirational
"Başkalarının beklentilerini, özellikle de olumsuz olanlarını kabul ederseniz, sonucu asla değiştiremezsiniz.","If you accept the expectations of others, especially negative ones, then you never will change the outcome.",Michael Jordan,inspirational
"Yapabildiğimiz her şeyi yapsaydık, kelimenin tam anlamıyla kendimizi hayrete düşürürdük.","If we did all the things we are capable of, we would literally astound ourselves.",Thomas A. Edison,inspirational
"Canlı bir şekilde hayal ettiğin, tutkuyla arzuladığın, içtenlikle inandığın ve heyecanla üzerine hareket ettiğin her şey… kaçınılmaz olarak gerçekleşir!","Whatever you vividly imagine, ardently desire, sincerely believe, and enthusiastically act upon... must inevitably come to pass!",Paul J. Meyer,inspirational
Yarını bugünle aydınlatın!,Light tomorrow with today!,Elizabeth Barrett Browning,inspirational
Dünya sabırla zekamızın daha da keskinleşmesini bekleyen büyülü şeylerle dolu.,The world is full of magical things patiently waiting for our wits to grow sharper.,Bertrand Russell,inspirational
"İhtiyacınız olan tek şey plan, yol haritası ve hedefinize doğru ilerlemek için gereken cesarettir.","All you need is the plan, the road map, and the courage to press on to your destination.",Earl Nightingale,inspirational
Zorluklardan mucizeler doğar.,Out of difficulties grow miracles.,Jean de la Bruyere,inspirational
İçimizde başardıklarımız dış gerçekliği değiştirecektir.,What we achieve inwardly will change outer reality.,Plutarch,inspirational
"Başkalarındaki en iyiyi keşfetmeye çalıştığımızda, bir şekilde kendi içimizdeki en iyiyi ortaya çıkarırız.","When we seek to discover the best in others, we somehow bring out the best in ourselves.",William Arthur Ward,inspirational
"Işık verin, karanlık kendiliğinden kaybolacaktır.","Give light, and the darkness will disappear of itself.",Desiderius Erasmus,inspirational
Mutluluk mal mülkte ya da altında değildir; mutluluk ruhta yaşar.,"Happiness resides not in possessions, and not in gold, happiness dwells in the soul.",Democritus,inspirational
"Kendini sınırlandırma. Birçok insan, yapabileceklerini sandıkları şeylerle kendilerini sınırlar. Zihninin izin verdiği kadar ileri gidebilirsin. Unutma, neye inanırsan ona ulaşabilirsin.","Don't limit yourself. Many people limit themselves to what they think they can do. You can go as far as your mind lets you. What you believe, remember, you can achieve.",Mary Kay Ash,inspirational
Sevdiğimiz şeyler bize ne olduğumuzu söyler.,The things that we love tell us what we are.,Thomas Aquinas,inspirational
"Algı kapıları temizlenseydi, her şey insana olduğu gibi, yani sonsuz olarak görünürdü.","If the doors of perception were cleansed everything would appear to man as it is, infinite.",William Blake,inspirational
"İstediğin her şey dışarıda, senin sormanı bekliyor. İstediğin her şey de seni istiyor. Ama onu elde etmek için harekete geçmen gerekir.",Everything you want is out there waiting for you to ask. Everything you want also wants you. But you have to take action to get it.,Jules Renard,inspirational
"Zarafet, özgürlüğün etkisi altındaki formun güzelliğidir.",Grace is the beauty of form under the influence of freedom.,Friedrich Schiller,inspirational
Olasılık içinde yaşıyoruz.,We dwell in possibility.,Emily Dickinson,inspirational
"İnsan, hiçbir zaman insanın ruhu kadar dayanıklı bir madde yaratmadı.",Man never made any material as resilient as the human spirit.,Bernard Williams,inspirational
"Düşünmek, ruhun kendiyle konuşmasıdır.",Thinking: the talking of the soul with itself.,Plato,inspirational
Kaplumbağa gibi olmaya çalışın; kendi kabuğunuzda rahat olun.,Try to be like the turtle - at ease in your own shell.,Bill Copeland,inspirational
Fikirler tarihin akışını şekillendirir.,Ideas shape the course of history.,John Maynard Keynes,inspirational
"Işık verin, insanlar yolu bulacaktır.",Give light and people will find the way.,Ella Baker,inspirational
Ayaklarınız yerde olsun ama kalbinizin mümkün olduğu kadar yükseğe çıkmasına izin verin. Ortalama olmayı ve ruhsal çevrenizin soğukluğuna teslim olmayı reddedin.,"Keep your feet on the ground, but let your heart soar as high as it will. Refuse to be average or to surrender to the chill of your spiritual environment.",Arthur Helps,inspirational
"Sevinç, akşamın çiyi gibi yumuşakça iner; dolu yağmuru gibi sert ve gürültülü değildir.","Joy descends gently upon us like the evening dew, and does not patter down like a hailstorm.",Jean Paul,inspirational
Eylemler konuştuğunda kelimeler hiçbir şeydir.,"When deeds speak, words are nothing.",Pierre-Joseph Proudhon,inspirational
"Bir yerlerde, inanılmaz bir şey keşfedilmeyi bekliyor.","Somewhere, something incredible is waiting to be known.",Sharon Begley,inspirational
"Mucizeler, aslında dünyanın her yerine dev harflerle yazılmış aynı hikâyenin, küçük ölçekte yeniden anlatılmasıdır.",Miracles are a retelling in small letters of the very same story which is written across the whole world in letters too large for some of us to see.,C. S. Lewis,inspirational
"Dünya sana soğuk görünüyorsa, onu ısıtacak ateşler yak.","If the world seems cold to you, kindle fires to warm it.",Lucy Larcom,inspirational
Hayal gücü bizi sonsuz kılar.,The power of imagination makes us infinite.,John Muir,inspirational
"Düşünce rüzgardır, bilgi yelkendir, insan ise gemidir.","Thought is the wind, knowledge the sail, and mankind the vessel.",Augustus Hare,inspirational
"Kahramanlarımızla ilgili haberlerin tadını çıkarırız, bizim de birileri için olağanüstü olduğumuzu unuturak...","We relish news of our heroes, forgetting that we are extraordinary to somebody too...",Helen Hayes,inspirational
Her günü yeniden yaratın.,Create each day anew.,Morihei Ueshiba,inspirational
"Canlılık sadece devam etme yeteneğinde değil, aynı zamanda yeniden başlama yeteneğinde de ortaya çıkar.",Vitality shows in not only the ability to persist but the ability to start over.,F. Scott Fitzgerald,inspirational
Kalbinizi değiştirerek hayatınızı da değiştirirsiniz.,You change your life by changing your heart.,Max Lucado,inspirational
Anı sevin ve o anın enerjisi tüm sınırların ötesine yayılacaktır.,Love the moment and the energy of that moment will spread beyond all boundaries.,Corita Kent,inspirational
Gerçek yoldadır ve onu hiçbir şey durduramaz.,The truth is on the march and nothing will stop it.,Emile Zola,inspirational
Hayatın tüm mücevherleri tek bir ipe dizilmiyor.,Not on one strand are all life's jewels strung.,William Morris,inspirational
"Sevinç gözyaşları, güneş ışınlarının delip geçtiği yaz yağmuru damlaları gibidir.",Tears of joy are like the summer rain drops pierced by sunbeams.,Hosea Ballou,inspirational
"Dünyanın en güzel şeyi, şüphesiz yine dünyanın kendisidir.","The most beautiful thing in the world is, of course, the world itself.",Wallace Stevens,inspirational
"Umut, yalnızca uyanık olanların rüyasıdır.",Hope is but the dream of those who wake.,Matthew Prior,inspirational
"Çoğumuz, sahip olduğumuzu hayal ettiğimizden çok daha fazla cesarete sahibiz.",Most of us have far more courage than we ever dreamed we possessed.,Dale Carnegie,inspirational
İnsanlar fikirlerle değil eylemlerle yaşarlar.,It is by acts and not by ideas that people live.,Anatole France,inspirational
"İnanç, gerçeğin kendisini yaratır.",Belief creates the actual fact.,William James,inspirational
"Olması gereken her şey, olabilir.","Whatever ought to be, can be.",James Rouse,inspirational
Dünyada nezaketten daha güçlü bir şey yoktur.,There is nothing stronger in the world than gentleness.,Han Suyin,inspirational
"Yeni bir işe girişmek, yeni bir güç kazandırır.",The undertaking of a new action brings new strength.,Richard L. Evans,inspirational
Her zaman fikrinizi değiştirip farklı bir gelecek ya da farklı bir geçmiş seçmekte özgürsünüz.,"You are always free to change your mind and choose a different future, or a different past.",Richard Bach,inspirational
"Gerçek benlik, ruhun görünür olmasıdır.",The authentic self is the soul made visible.,Sarah Ban Breathnach,inspirational
"İdeallerimiz, bizim daha iyi hallerimizdir.",Our ideals are our better selves.,Amos Bronson Alcott,inspirational
Cesur bir ruh için asla yenilgi olamaz.,For a gallant spirit there can never be defeat.,Wallis Simpson,inspirational
"İnsan tutkuları, deniz kıyısındaki kumlar kadar sınırsız ve sayısızdır.",Countless as the sands of the sea are human passions.,Nikolai Gogol,inspirational
Coşku dünyayı hareket ettirir.,Enthusiasm moves the world.,Arthur Balfour,inspirational
"İnsanlar sürekli aynı noktada yürüdükçe, bir yol oluşur.","As people are walking all the time, in the same spot, a path appears.",John Locke,inspirational
"Mutluluk, sorumluluğun doğal bir sonucudur.",Happiness is the natural flower of duty.,Phillips Brooks,inspirational
"Biz, başka bir dünya kurmak için buradayız.",We are here to make another world.,W. Edwards Deming,inspirational
Geleceğimizi şimdi inşa edelim ve hayallerimizi yarının gerçeği hâline getirelim.,"Let us make our future now, and let us make our dreams tomorrow's reality.",Malala Yousafzai,inspirational
Hiçbir şey bu günden daha değerli değil.,Nothing is worth more than this day.,Johann Wolfgang von Goethe,inspirational
"Kendini keşfet ve olduğun kişi ol. Ruhun bu dünyadaki amacı budur. O gerçeği bulup yaşadığında, diğer her şey kendiliğinden gelir.","Find out who you are and be that person. That's what your soul was put on this Earth to be. Find that truth, live that truth and everything else will come.",Ellen DeGeneres,inspirational
"Bilginin temeli şüphe değil, meraktır.",Wonder rather than doubt is the root of all knowledge.,Abraham Joshua Heschel,inspirational
Her gün kendi hediyelerini getirir.,Each day provides its own gifts.,Marcus Aurelius,inspirational
"Merakın annesi cehalet değil, bilgidir.",It is not ignorance but knowledge which is the mother of wonder.,Joseph Wood Krutch,inspirational
"İnsanları sözlerimizle değil, varlığımızla ikna ederiz.",We convince by our presence.,Walt Whitman,inspirational
"Bize gereken, imkânsızda uzmanlaşan daha çok insandır.",What we need is more people who specialize in the impossible.,Theodore Roethke,inspirational
Birinin bulutundaki gökkuşağı olmaya çalışın.,Try to be a rainbow in someone's cloud.,Maya Angelou,inspirational
Kim olduğumuzun ölçüsü sahip olduklarımızla ne yaptığımızdır.,The measure of who we are is what we do with what we have.,Vince Lombardi,inspirational
Kim mutluysa başkalarını da mutlu edecektir.,Whoever is happy will make others happy too.,Anne Frank,inspirational
Tek bir güneş ışını birçok gölgeyi uzaklaştırmak için yeterlidir.,A single sunbeam is enough to drive away many shadows.,Francis of Assisi,inspirational
Sağlık en büyük servettir. Memnuniyet en büyük hazinedir. Güven en büyük dosttur. ,Health is the greatest possession. Contentment is the greatest treasure. Confidence is the greatest friend. ,Lao Tzu,inspirational
Küçük bir tohumdan dev bir ağaç yetişebilir.,From a small seed a mighty tree may grow.,Aeschylus,inspirational
"Mümkün olanın sınırları, ancak imkânsıza geçilerek belirlenebilir.",The limits of the possible can only be defined by going beyond them into the impossible.,Arthur C. Clarke,inspirational
"Kendimize inandığımızda, merak etmeyi, hayret duymayı, kendiliğinden gelen sevinci ve insan ruhunu ortaya koyan her deneyimi yaşamayı göze alabiliriz.","Once we believe in ourselves, we can risk curiosity, wonder, spontaneous delight, or any experience that reveals the human spirit.",e. e. cummings,inspirational
"İnançlarını yaşarsan, dünyayı değiştirebilirsin.",Live your beliefs and you can turn the world around.,Henry David Thoreau,inspirational
"En büyük fırsatın, tam da şu an bulunduğun yerde olabilir.",Your big opportunity may be right where you are now.,Napoleon Hill,inspirational
Her zaman olağanüstü olanı ortaya çıkaran şey basit olandır.,It is always the simple that produces the marvelous.,Amelia Barr,inspirational
"Sessizlik, dünyaya benden gelecek son şey olacaktır.",Silence is the last thing the world will ever hear from me.,Marlee Matlin,inspirational
Yıldızlara ulaşmayı hedefle.,Reach for the stars.,Christa McAuliffe,inspirational
"Kendi mutluluğunu takip et; evren, duvar sandığın yerlerde sana kapılar açar.",Follow your bliss and the universe will open doors where there were only walls.,Joseph Campbell,inspirational
"Ne düşünürsek, o oluruz.","What we think, we become.",Buddha,inspirational
"Kendine bak. İçinde iyiliğin kaynağı vardır ve eğer kazmayı bilirsen, o her zaman kabararak fışkıracaktır.","Look within. Within is the fountain of good, and it will ever bubble up, if thou wilt ever dig.",Marcus Aurelius,inspirational
Hayatımızı değiştirebiliriz. İstediğimiz her şey olabiliriz.,We can change our lives. We can be exactly what we wish.,Tony Robbins,inspirational
"Sevgi ve arzu, ruhun büyük işlere uzanan kanatlarıdır.",Love and desire are the spirit's wings to great deeds.,Johann Wolfgang von Goethe,inspirational
"Buradaki zamanımız adeta sihirdir; güzeli, gerçeği, büyüklüğü ve eşsiz olanı gerçekleştirebileceğimiz tek alandır. Başka bir alan yoktur.","Our time here is magic! It's the only space you have to realize whatever it is that is beautiful, whatever is true, whatever is great, whatever is potential, whatever is rare, whatever is unique, in. It's the only space.",Ben Okri,inspirational
"Güçlü ve neşeyle atan her kalp, dünyada ardında umut dolu bir etki bırakmış ve insanlığın geleneğini daha iyiye taşımıştır.","Every heart that has beat strongly and cheerfully has left a hopeful impulse behind it in the world, and bettered the tradition of mankind.",Robert Louis Stevenson,inspirational
"İnsanoğlu, kendi iradesiyle büyük ya da küçük yaratılmıştır.",Mankind is made great or little by its own will.,Friedrich Schiller,inspirational
"Kalbiniz, filizlenmeyi bekleyen verimli tohumlarla doludur.","Your heart is full of fertile seeds, waiting to sprout.",Morihei Ueshiba,inspirational
Durmadığınız sürece ne kadar yavaş gittiğinizin bir önemi yoktur.,It does not matter how slowly you go as long as you do not stop.,Confucius,motivational
"İyi, daha iyi, en iyi… Durma; iyiyi daha iyiye, daha iyiyi en iyiye dönüştür.","Good, better, best. Never let it rest. 'Til your good is better and your better is best.",St. Jerome,motivational
Olduğun yerden başla. Elindekini kullan. Elinden geleni yap.,Start where you are. Use what you have. Do what you can.,Arthur Ashe,motivational
Dün düştüyseniz bugün ayağa kalkın.,"If you fell down yesterday, stand up today.",H. G. Wells,motivational
En büyük zayıflığımız pes etmekte yatıyor. Başarılı olmanın en kesin yolu her zaman bir kez daha denemektir.,Our greatest weakness lies in giving up. The most certain way to succeed is always to try just one more time.,Thomas A. Edison,motivational
"Bir şey yeterince önemli olduğunda, ihtimaller lehinize olmasa bile onu yaparsınız.","When something is important enough, you do it even if the odds are not in your favor.",Elon Musk,motivational
"İyimserlik, başarıya götüren inançtır; umut ve özgüven olmadan hiçbir şey gerçekleştirilemez.",Optimism is the faith that leads to achievement. Nothing can be done without hope and confidence.,Helen Keller,motivational
"Zor şeyleri kolayken, büyük şeyleri küçükken yapın. Binlerce kilometrelik bir yolculuk tek bir adımla başlamalı.",Do the difficult things while they are easy and do the great things while they are small. A journey of a thousand miles must begin with a single step.,Lao Tzu,motivational
"Kalite bir eylem değil, bir alışkanlıktır.","Quality is not an act, it is a habit.",Aristotle,motivational
"Eğer hayal edebiliyorsan, yapabilirsin.","If you can dream it, you can do it.",Walt Disney,motivational
"Bugün yaptıklarınız, tüm yarınlarınızı iyileştirebilir.",What you do today can improve all your tomorrows.,Ralph Marston,motivational
İrade bir yol bulur.,A will finds a way.,Orison Swett Marden,motivational
İlerlemenin sırrı başlamaktır.,The secret of getting ahead is getting started.,Mark Twain,motivational
"Saate bakma, saatin yaptığını yap: ilerlemeye devam et.",Don't watch the clock; do what it does. Keep going.,Sam Levenson,motivational
"Bir şeyi yapmanın en etkili yolu, doğrudan yapmaktır.","The most effective way to do it, is to do it.",Amelia Earhart,motivational
Vazgeçmek için her zaman çok erkendir.,It's always too early to quit.,Norman Vincent Peale,motivational
Sadece durup suya bakarak denizi aşamazsın.,You can't cross the sea merely by standing and staring at the water.,Rabindranath Tagore,motivational
Evrende geliştirebileceğinizden emin olabileceğiniz tek bir köşe vardır; o da kendi benliğinizdir.,"There is only one corner of the universe you can be certain of improving, and that's your own self.",Aldous Huxley,motivational
"Hedef belirlemek, görünmeyeni görünür hale getirmenin ilk adımıdır.",Setting goals is the first step in turning the invisible into the visible.,Tony Robbins,motivational
Birçok yenilgiyle karşılaşabiliriz ama mağlup olmamalıyız.,We may encounter many defeats but we must not be defeated.,Maya Angelou,motivational
"Bilgi yeterli değildir, onu uygulamak gerekir. İstek yeterli değildir, harekete geçmek gerekir.",Knowing is not enough; we must apply. Willing is not enough; we must do.,Johann Wolfgang von Goethe,motivational
Mümkün olduğunca nazik olun. Bu her zaman mümkündür.,Be kind whenever possible. It is always possible.,Dalai Lama,motivational
"Hedeflerine ulaşarak elde ettiğin şey, hedeflerine ulaşırken dönüştüğün kişi kadar önemli değildir.",What you get by achieving your goals is not as important as what you become by achieving your goals.,Zig Ziglar,motivational
Asla pes etmeyen bir insanı yenmek mümkün değildir.,You just can't beat the person who never gives up.,Babe Ruth,motivational
"İşin sırrı, yalnızca seni yükselten ve varlığıyla içindeki en iyi yönlerini ortaya çıkaran insanlarla birlikte olmaktır.","The key is to keep company only with people who uplift you, whose presence calls forth your best.",Epictetus,motivational
"Kendi zaferine inananlar, zaferlerine ulaşır.",They can conquer who believe they can.,Virgil,motivational
Başka bir hedef belirlemek veya yeni bir hayal kurmak için asla çok yaşlı değilsiniz.,You are never too old to set another goal or to dream a new dream.,Les Brown,motivational
Yaptığınız şey bir fark yaratıyormuş gibi davranın. Çünkü yaratıyor.,Act as if what you do makes a difference. It does.,William James,motivational
"Sorunlar dur işaretleri değil, kılavuzlardır.","Problems are not stop signs, they are guidelines.",Robert H. Schuller,motivational
Vazgeçmemeliyiz ve problemin bizi yenmesine izin vermemeliyiz.,We should not give up and we should not allow the problem to defeat us.,A. P. J. Abdul Kalam,motivational
"Ayı hedefleyin. Eğer kaçırırsanız, bir yıldıza çarpabilirsiniz.","Aim for the moon. If you miss, you may hit a star.",W. Clement Stone,motivational
Geçmişi değiştiremezsin; ama geleceğin hâlâ senin elindedir.,The past cannot be changed. The future is yet in your power.,Anonim,motivational
"Yaratıcı bir insan, başkalarını yenme arzusuyla değil, başarma arzusuyla motive olur.","A creative man is motivated by the desire to achieve, not by the desire to beat others.",Ayn Rand,motivational
"Fırsat kapıyı çalmaz, kapıyı kırdığınızda kendini gösterir.","Opportunity does not knock, it presents itself when you beat down the door.",Kyle Chandler,motivational
Başarılı olmak için öncelikle başarabileceğimize inanmalıyız.,"In order to succeed, we must first believe that we can.",Nikos Kazantzakis,motivational
Hedeflerinizi yüksek tutun ve oraya ulaşana kadar durmayın.,"Set your goals high, and don't stop till you get there.",Bo Jackson,motivational
Sorunları bekle ve onları sabah kahvaltısı gibi tüket.,Expect problems and eat them for breakfast.,Alfred A. Montapert,motivational
Başarı arzusu önemlidir; ancak asıl önemli olan hazırlanma iradesidir.,"The will to succeed is important, but what's more important is the will to prepare.",Bobby Knight,motivational
"Hiçbir kuş kendi kanatlarıyla uçmazsa, çok yükseğe uçamaz.",No bird soars too high if he soars with his own wings.,William Blake,motivational
"Bekleme; zaman asla ‘tam uygun’ olmayacak. Olduğun yerden başla, elindeki imkânlarla çalış ve ilerledikçe daha iyi araçlar bulacaksın.","Do not wait; the time will never be 'just right.' Start where you stand, and work with whatever tools you may have at your command, and better tools will be found as you go along.",George Herbert,motivational
"Yıldızlara bak, ayaklarına değil. Gördüğünü anlamaya çalış ve evrenin var olmasını sağlayan şey üzerine düşün. Meraklı ol.","Look up at the stars and not down at your feet. Try to make sense of what you see, and wonder about what makes the universe exist. Be curious.",Stephen Hawking,motivational
Asla pes etme; çünkü dalganın döneceği yer ve zaman tam da orasıdır.,"Never give up, for that is just the place and time that the tide will turn.",Harriet Beecher Stowe,motivational
Bir ayağınızı diğerinin önüne koymanız ve devam etmeniz yeterlidir. ,You simply have to put one foot in front of the other and keep going,George Lucas,motivational
"Egonun nihai amacı bir şeyi görmek değil, bir şey olmaktır.","The ultimate aim of the ego is not to see something, but to be something.",Muhammad Iqbal,motivational
"İlerlemeye devam et. Durma, yolunda oyalanma; önündeki hedefe ulaşmak için gayret et.","Press forward. Do not stop, do not linger in your journey, but strive for the mark set before you.",George Whitefield,motivational
"Biri zorundaysa, o yapar.","When one must, one can.",Charlotte Whitton,motivational
"Yüzüstü düştüğünüzde bile, yine de ilerlemeye devam edersiniz.","Even if you fall on your face, you're still moving forward.",Victor Kiam,motivational
"Hedef, son teslim tarihi olan bir hayaldir.",A goal is a dream with a deadline.,Napoleon Hill,motivational
"Bir şeye başlamak için, başlayın.","To begin something, begin.",William Wordsworth,motivational
"Düşünme, sadece yap.","Don't think, just do.",Horace,motivational
Her çıkış başka bir yere giriştir.,Every exit is an entry somewhere else.,Tom Stoppard,motivational
İvmeyi sürdürmenin bir yolu sürekli olarak daha büyük hedeflere sahip olmaktır.,One way to keep momentum going is to have constantly greater goals.,Michael Korda,motivational
Sabreden kişi zafere ulaşır.,He conquers who endures.,Persius,motivational
Korkuyu yenmek istiyorsanız evde oturup bunu düşünmeyin. Dışarı çıkın ve meşgul olun.,"If you want to conquer fear, don't sit home and think about it. Go out and get busy.",Dale Carnegie,motivational
"Herkese karşı nazik, kendinize karşı sert olun.",Be gentle to all and stern with yourself.,Saint Teresa of Avila,motivational
Ya bir yol bulacağım ya da bir yol yapacağım.,"Either I will find a way, or I will make one.",Philip Sidney,motivational
"Yapabilirim, öyleyse varım.","I can, therefore I am.",Simone Weil,motivational
"Güç ve kararlılıkla tek, büyük ve belirleyici bir hedefe yönel.",Pursue one great decisive aim with force and determination.,Carl von Clausewitz,motivational
"Ne istediğinize karar verin, karşılığında neyi takas etmek istediğinize karar verin. Önceliklerinizi belirleyin ve işe başlayın.","Decide what you want, decide what you are willing to exchange for it. Establish your priorities and go to work.",H. L. Hunt,motivational
"Emek yoksa, sadece yabani ot büyür.","Without hard work, nothing grows but weeds.",Gordon B. Hinckley,motivational
"Sadece yapacağınızı söyleyerek, bir itibar oluşturamazsınız.",You can't build a reputation on what you are going to do.,Henry Ford,motivational
"Geçmişten ders alın, gelecek içincanlı ve detaylı hedefler belirleyin ve üzerinde kontrol sahibi olduğunuz tek anı yaşayın: şimdi.","Learn from the past, set vivid, detailed goals for the future, and live in the only moment of time over which you have any control: now.",Denis Waitley,motivational
Bir hedefe ulaşmak diğerinin başlangıç ​​noktasıdır.,Arriving at one goal is the starting point to another.,John Dewey,motivational
"Yapılan küçük işler, planlanan büyük işlerden daha iyidir.",Small deeds done are better than great deeds planned.,Peter Marshall,motivational
"Nerede olursan ol, tüm varlığınla orada ol.",Wherever you are - be all there.,Jim Elliot,motivational
Her zaman yararlı bir şey öğrenmeye istekli ol.,Always desire to learn something useful.,Sophocles,motivational
"Ne kadar çok şey yaparsanız, o kadar fazlasını yapabilirsiniz.","The more things you do, the more you can do.",Lucille Ball,motivational
"Hayatta ne istiyorsan, başkaları da onu isteyecektir. Buna sahip olmak için eşit hakkın olduğuna inanacak kadar kendine güven.","Whatever you want in life, other people are going to want it too. Believe in yourself enough to accept the idea that you have an equal right to it.",Diane Sawyer,motivational
"Büyük başarılar, sürekli denemeye devam eden küçük adımların sonucudur.",Big shots are only little shots who keep shooting.,Christopher Morley,motivational
"İster ileri gidiyor olun ister geri, yine de bir ilerleme vardır; önemli olan hareket etmektir!",There is progress whether ye are going forward or backward! The thing is to move!,Edgar Cayce,motivational
"Şansın oldukça öngörülebilir olduğunu keşfettim. Daha fazla şans istiyorsan, daha çok risk al. Daha aktif ol. Daha sık ortaya çık.","I've found that luck is quite predictable. If you want more luck, take more chances. Be more active. Show up more often.",Brian Tracy,motivational
Eğer hiç başlamazsan asla kazanamazsın.,You will never win if you never begin.,Helen Rowland,motivational
"Asla vazgeçemezsin. Kazananlar asla vazgeçmez, vazgeçenler ise asla kazanamaz.","You can never quit. Winners never quit, and quitters never win.",Ted Turner,motivational
"Kaç hedefe ulaşırsan ulaş, her zaman daha yüksek bir hedef belirlemelisin.","No matter how many goals you have achieved, you must set your sights on a higher one.",Jessica Savitch,motivational
Sizi etkileyen insanlar size inanan insanlardır.,The people who influence you are the people who believe in you.,Henry Drummond,motivational
Başarısız olduğunuzda yaptığınız hatalardan ders çıkarırsınız ve bu sizi daha da çok çalışmaya motive eder.,When you fail you learn from the mistakes you made and it motivates you to work even harder.,Natalie Gulbis,motivational
"Bilge olan, yapması gerekeni hemen yapar; aptal olan ise en sonunda yapar.",The wise does at once what the fool does at last.,Baltasar Gracian,motivational
Başarmak senin elinde.,You have to make it happen.,Denis Diderot,motivational
"İyi bir kaybeden olmak, nasıl kazanılacağını öğrenmektir.",To be a good loser is to learn how to win.,Carl Sandburg,motivational
"Gerçek mutluluk, insanın sahip olduğu güç ve yetenekleri tam anlamıyla kullanmasını gerektirir.",True happiness involves the full use of one's power and talents.,John W. Gardner,motivational
Ağlama; öfkeye kapılma. Anlamaya çalış.,Do not weep; do not wax indignant. Understand.,Baruch Spinoza,motivational
Kim olduğunu bilmek çok önemlidir; çünkü doğru kararlar vermeni ve gerçek benliğini göstermeni sağlar.,It is very important to know who you are. To make decisions. To show who you are.,Malala Yousafzai,motivational
"Sorunlarla mücadele etmeyin, onları çözün.","Don't fight the problem, decide it.",George C. Marshall,motivational
Asla boyun eğme ve asla vazgeçme.,Never give in and never give up.,Hubert H. Humphrey,motivational
Asla geri çekilme. Asla açıklama yapma. İşini bitir ve onların bağırmasına izin ver.,Never retreat. Never explain. Get it done and let them howl.,Benjamin Jowett,motivational
Her zaman zirvede yer vardır.,There is always room at the top.,Daniel Webster,motivational
"Motivasyon, neredeyse her zaman yeteneği yenecektir.",Motivation will almost always beat mere talent.,Norman Ralph Augustine,motivational
Birçok kişi çağrılır ama azı ayağa kalkar.,Many are called but few get up.,Oliver Herford,motivational
"Ya sen harekete geç, ya da başkaları seni hareket ettirir.",Either move or be moved.,Ezra Pound,motivational
"Bir şeyi yapana kadar, onu yapacağını nasıl bilebilirsin?","How do you know you're going to do something, untill you do it?",J. D. Salinger,motivational
Hayalinizi hak edin.,Deserve your dream.,Octavio Paz,motivational
"İstemezsen, alamazsın.","If you don't ask, you don't get.",Stevie Wonder,motivational
"Kendi sarayın ol, yoksa dünya senin hapishanen olur.","Be thine own palace, or the world's thy jail.",John Donne,motivational
Neye yaradığını ciddi şekilde anlamaya çalış ve sonra onu ciddi şekilde yapmaya koyul.”,"Set yourself earnestly to see what you are made to do, and then set yourself earnestly to do it.",Phillips Brooks,motivational
İnsan sınırlarını zorlayarak bulur.,One finds limits by pushing them.,Herbert A. Simon,motivational
Kendi fırsatlarınızı yapmak isteyerek yaratırsınız.,You create your opportunities by asking for them.,Shakti Gawain,motivational
"Ne kadar çok yaparsak, yapabileceklerimiz de o kadar artar.","The more we do, the more we can do.",William Hazlitt,motivational
"Ne yaşı, ne yorgunluğu, ne de yenilgiyi bilirim.","I know not age, nor weariness nor defeat.",Rose Kennedy,motivational
"İçimizin derinliklerinde, oraya kendi koyduklarımız dışında hiçbir şey yoktur.",There is nothing deep down inside us except what we have put there ourselves.,Richard Rorty,motivational
Kendini bilmek için insan kendini ortaya koymalıdır.,"To know oneself, one should assert oneself.",Albert Camus,motivational
"Eğer bir yeteneğiniz varsa, onu koruyun.","If you've got a talent, protect it.",Jim Carrey,motivational
"Ne yaparsan yap, tüm yoğunluğunla yap.",Do whatever you do intensely.,Robert Henri,motivational
"Kazanma arzusu, başarma arzusu, tüm potansiyelinize ulaşma dürtüsü... bunlar kişisel mükemmelliğin kapısını açacak anahtarlardır.","The will to win, the desire to succeed, the urge to reach your full potential... these are the keys that will unlock the door to personal excellence.",Confucius,motivational
Daima elinizden gelenin en iyisini yapın. Şimdi ne ekersen daha sonra onu biçersin.,"Always do your best. What you plant now, you will harvest later.",Og Mandino,motivational
Birisi bir zamanlar isteyen ve istediğini yapan bir hiç kimseydi.,A somebody was once a nobody who wanted to and did.,John Burroughs,motivational
"Başlamanın yolu, konuşmayı bırakıp harekete geçmektir.",The way to get started is to quit talking and begin doing.,Walt Disney,motivational
"Eğer olayların gidişatını beğenmiyorsan, onu değiştir! Sonuçta sen bir ağaç değilsin.","If you don't like how things are, change it! You're not a tree.",Jim Rohn,motivational
Daha iyi bir yol mutlaka vardır; onu bulun.,There's a way to do it better - find it.,Thomas A. Edison,motivational
Hedefe ulaşmak için hedefin yukarısını hedeflemeliyiz.,We aim above the mark to hit the mark.,Ralph Waldo Emerson,motivational
Şimdi harekete geç. Gelecek kimseye vaat edilmemiştir.,Go for it now. The future is promised to no one.,Wayne Dyer,motivational
Yalnızca eğitimli olanlar özgürdür.,Only the educated are free.,Epictetus,motivational
İçinde yaşadığımız dünyayı biz oluşturur ve çevremizi kendimiz şekillendiririz.,We make the world we live in and shape our own environment.,Orison Swett Marden,motivational
Bundan sonra ne olacaksan şimdi de o olmaya başla.,Begin to be now what you will be hereafter.,William James,motivational
"Arayan kişi, bulacaktır.",Who seeks shall find.,Sophocles,motivational
Bilin veya bilenleri dinleyin.,Know or listen to those who know.,Baltasar Gracian,motivational
"İnsan iyi düşünceler üzerine ne kadar çok düşünürse, hem kendi dünyası hem de genel olarak dünya o kadar iyi olur.","The more man meditates upon good thoughts, the better will be his world and the world at large.",Confucius,motivational
"Eğer yapabileceğini düşünüyorsan, yapabilirsin.","If you think you can do it, you can.",John Burroughs,motivational
Başarısızlık korkusu en büyük motivasyon aracıdır.,"Fear of failure, it's the greatest motivational tool.",Jerry West,motivational
"Motivasyonel, spesifik ve gerçekçi hedefler koymalıyız.","We should make goals that are motivational, that are specific, that are realistic.",Morten Andersen,motivational
"Hedeflere ulaşılamayacağınız açık olduğunda, hedefleri değil eylem adımlarını değiştirin.","When it is obvious that the goals cannot be reached, don't adjust the goals, adjust the action steps.",Confucius,wisdom
Tek gerçek bilgelik hiçbir şey bilmediğini bilmektir.,The only true wisdom is in knowing you know nothing.,Socrates,wisdom
"Önemli olan neye baktığınız değil, ne gördüğünüzdür.","It's not what you look at that matters, it's what you see.",Henry David Thoreau,wisdom
"Kötümser rüzgârdan yakınır, iyimser rüzgârın değişeceğini umar, gerçekçi ise yelkenlerini rüzgâra göre ayarlar.",The pessimist complains about the wind; the optimist expects it to change; the realist adjusts the sails.,William Arthur Ward,wisdom
Kaybedemeyeceğini kazanmak için geçici olanı veren kişi aptal değildir.,He is no fool who gives what he cannot keep to gain what he cannot lose.,Jim Elliot,wisdom
"Nereye gittiğini bilmiyorsan, hangi yoldan gittiğinin bir önemi yoktur.","If you don't know where you are going, any road will get you there.",Lewis Carroll,wisdom
Binlerce kilometrelik yolculuk tek bir adımla başlar.,The journey of a thousand miles begins with one step.,Lao Tzu,wisdom
Başkaları hakkında bizi rahatsız eden her şey kendimizi anlamamıza yol açabilir.,Everything that irritates us about others can lead us to an understanding of ourselves.,Carl Jung,wisdom
"Disiplin, hedeflerle başarı arasındaki köprüdür.",Discipline is the bridge between goals and accomplishment.,Jim Rohn,wisdom
"Önemli olan başınıza ne geldiği değil, buna nasıl tepki verdiğinizdir.","It's not what happens to you, but how you react to it that matters.",Epictetus,wisdom
"Çoğumuz için asıl tehlike, hedefimizi çok yükseğe koyup başaramamak değil; çok düşük koyup ona ulaşmaktır.","The greater danger for most of us lies not in setting our aim too high and falling short; but in setting our aim too low, and achieving our mark.",Michelangelo,wisdom
Gerçeklik yalnızca bir yanılsamadır; ama oldukça ısrarcı bir yanılsama.,"Reality is merely an illusion, albeit a very persistent one.",Albert Einstein,wisdom
"Güzel gözler için başkalarındaki iyiliği gör; güzel dudaklar için yalnızca nazik sözler söyle; ve zarafet için, asla yalnız olmadığını bilerek yürü.","For beautiful eyes, look for the good in others; for beautiful lips, speak only words of kindness; and for poise, walk with the knowledge that you are never alone.",Audrey Hepburn,wisdom
"Kabul edilebilir olanı değil, doğru olanı temel alarak başlayın.",Start with what is right rather than what is acceptable.,Franz Kafka,wisdom
"Engeller, gözlerinizi hedefinizden ayırdığınızda gördüğünüz korkunç şeylerdir.",Obstacles are those frightful things you see when you take your eyes off your goal.,Henry Ford,wisdom
"Doğru yolda olsanız bile yolun ortasında oturursanız, ezilirsiniz.","Even if you're on the right track, you'll get run over if you just sit there.",Will Rogers,wisdom
"Dehanın yüzde biri ilham, yüzde doksan dokuzu alın teridir.",Genius is one percent inspiration and ninety-nine percent perspiration.,Thomas A. Edison,wisdom
"Kendisiyle uyum içinde yaşayan, evrenle uyum içinde yaşar.",He who lives in harmony with himself lives in harmony with the universe.,Marcus Aurelius,wisdom
"İnsanları algılama biçimin, onlara davranışını belirler; onlara davranışın da onların nasıl olacaklarını etkiler.","The way you see people is the way you treat them, and the way you treat them is what they become.",Johann Wolfgang von Goethe,wisdom
"Doğayla yapılan her yürüyüşte, insan aradığından çok daha fazlasını bulur.",In every walk with nature one receives far more than he seeks.,John Muir,wisdom
Yolun götürdüğü yere gitmeyeceğim; yolun olmadığı yere gideceğim ve kendi izimi bırakacağım.,"I will not follow where the path may lead, but I will go where there is no path, and I will leave a trail.",Muriel Strode,wisdom
Karakterimiz kimsenin bakmadığını düşündüğümüzde yaptığımız şeydir.,Our character is what we do when we think no one is looking.,"H. Jackson Brown, Jr.",wisdom
Yanlış bilgiye dikkat edin; cehaletten daha tehlikelidir.,Beware of false knowledge; it is more dangerous than ignorance.,George Bernard Shaw,wisdom
"Bir insan hatalarını kabul edecek kadar büyük, onlardan ders çıkaracak kadar zeki ve onları düzeltecek kadar güçlü olmalıdır.","A man must be big enough to admit his mistakes, smart enough to profit from them, and strong enough to correct them.",John C. Maxwell,wisdom
"Sabır, aklın yoldaşıdır.",Patience is the companion of wisdom.,Saint Augustine,wisdom
"Şüphe duyduğunda, geri dur.","When you doubt, abstain.",Ambrose Bierce,wisdom
Elinizde yalnızca çekiç varsa her sorunu çivi olarak görme eğiliminde olursunuz.,"If you only have a hammer, you tend to see every problem as a nail.",Abraham Maslow,wisdom
Uygulamaya koymadığınız sürece bilginin hiçbir değeri yoktur.,Knowledge is of no value unless you put it into practice.,Anton Chekhov,wisdom
"Kendinizi ne kadar çok severseniz, başkalarına o kadar az benzersiniz, bu da sizi benzersiz kılar.","The more you like yourself, the less you are like anyone else, which makes you unique.",Walt Disney,wisdom
Başka birinin ikinci sınıf versiyonu olmak yerine her zaman kendinizin birinci sınıf versiyonu olun.,"Always be a first-rate version of yourself, instead of a second-rate version of somebody else.",Judy Garland,wisdom
Olağanüstü başarılardan önce her zaman olağanüstü hazırlıklar gelir.,Spectacular achievement is always preceded by unspectacular preparation.,Robert H. Schuller,wisdom
"Bağlılık bir söz değil, bir eylemdir.","Commitment is an act, not a word.",Jean-Paul Sartre,wisdom
"En küçük eylem, en büyük niyetten daha iyidir.",The smallest deed is better than the greatest intention.,John Burroughs,wisdom
İmkânsız dediğin şeyi yapan birini asla bölme.,Never interrupt someone doing what you said couldn't be done.,Amelia Earhart,wisdom
Deneyim başımıza gelenler değildir; gelenlerle ne yaptığımızdır.,Experience is not what happens to you; it's what you do with what happens to you.,Aldous Huxley,wisdom
Biz düşüncelerimizin bizi yaptığı şeyiz; bu yüzden ne düşündüğünüze dikkat edin.,We are what our thoughts have made us; so take care about what you think. ,Swami Vivekananda,wisdom
Gururun birçok laneti vardır. Alçakgönüllülükle birçok nimet gelir.,"With pride, there are many curses. With humility, there come many blessings.",Ezra Taft Benson,wisdom
Geleceği tahmin etmenin en iyi yolu onu icat etmektir.,The best way to predict the future is to invent it.,Alan Kay,wisdom
Üstün insan kendini suçlar. Aşağılık insan başkalarını suçlar.,The superior man blames himself. The inferior man blames others.,Don Shula,wisdom
"Bilgelik, konuşmayı tercih edeceğin anlarda dinlemeyi seçtiğin bir ömür boyu süren çabanın ödülüdür.",Wisdom is the reward you get for a lifetime of listening when you'd have preferred to talk.,Doug Larson,wisdom
"Bilgi, çok şey bildiği için gururludur; bilgelik ise daha fazlasını bilmediğini bildiği için alçakgönüllüdür.",Knowledge is proud that it knows so much; wisdom is humble that it knows no more.,William Cowper,wisdom
"Rotanızı geçen her geminin ışıklarına göre değil, yıldızlara göre belirleyin.","Set your course by the stars, not by the lights of every passing ship.",Omar N. Bradley,wisdom
"Karmaşık bir zihin, huzursuz bir uyku getirir.",A ruffled mind makes a restless pillow.,Charlotte Bronte,wisdom
Her zaman iki seçeneğiniz vardır: bağlılığınız mı yoksa korkunuz mu?,You always have two choices: your commitment versus your fear.,"Sammy Davis, Jr.",wisdom
Olduğumuz gibi kalarak olmamız gereken kişi olamayız.,We cannot become what we need to be by remaining what we are.,Max de Pree,wisdom
Dünya mükemmel olsaydı böyle olmazdı.,"If the world were perfect, it wouldn't be.",Yogi Berra,wisdom
"Yaptığımız şeylerden duyduğumuz pişmanlık zamanla hafifleyebilir; Teselli edilemez olan, yapmadığımız şeylerden duyulan pişmanlıktır.",Regret for the things we did can be tempered by time; it is regret for the things we did not do that is inconsolable.,Sydney J. Harris,wisdom
"İnsan, bir ‘şey’ olmaya değil de ‘birisi’ olmaya karar verdiğinde ne kadar çok kaygısını kaybeder.",How many cares one loses when one decides not to be something but to be someone.,Coco Chanel,wisdom
"Kimin haklı olduğu değil, neyin doğru olduğu önemli.","It is not who is right, but what is right, that is of importance.",Thomas Huxley,wisdom
Paylaşmadığın hiçbir şey sana gerçekten ait değildir.,Nothing that you have not given away will ever be really yours.,C. S. Lewis,wisdom
"Bugünün kudretli meşesi, dünün yerini koruyan cevizinden başka bir şey değil.","Today's mighty oak is just yesterday's nut, that held its ground.",David Icke,wisdom
"Başkalarının sizin hakkınızda sahip olduğu görüş onların sorunudur, sizin değil.","The opinion which other people have of you is their problem, not yours.",Elisabeth Kubler-Ross,wisdom
Yaralarınızı bilgeliğe dönüştürün.,Turn your wounds into wisdom.,Oprah Winfrey,wisdom
"Bilge kişi, başkalarının hatalarından kendi hatalarını düzeltir.","From the errors of others, a wise man corrects his own.",Publilius Syrus,wisdom
"Bilgelik, zamanımızı ve bilgimizi doğru şekilde kullanma gücüdür.",Wisdom is the power to put our time and our knowledge to the proper use.,Thomas J. Watson,wisdom
Gelecek çoktan geldi. Sadece henüz eşit şekilde dağılmadı.,The future has already arrived. It's just not evenly distributed yet.,William Gibson,wisdom
"Keşfin önündeki en büyük engel cehalet değil, bilgi yanılsamasıdır.",The greatest obstacle to discovery is not ignorance - it is the illusion of knowledge.,Daniel J. Boorstin,wisdom
"Yeniden inşayı gerekli kılan, zamanında onarımın ihmal edilmesidir.",It is the neglect of timely repair that makes rebuilding necessary.,Richard Whately,wisdom
"Bir günlük endişe, bir haftalık çalışmaktan daha yorucudur.",A day of worry is more exhausting than a week of work.,John Lubbock,wisdom
"Bilgi gelir, ama bilgelik kalır.","Knowledge comes, but wisdom lingers.",Alfred Lord Tennyson,wisdom
"Sürekli damlayan su, taşı deler.",The fall of dropping water wears away the stone.,Lucretius,wisdom
Mutlu ol. Bu bilge olmanın bir yoludur.,Be happy. It's one way of being wise.,Sidonie Gabrielle Colette,wisdom
"Başlangıçta direnmek, sonunda direnmekten daha kolaydır.",It's easier to resist at the beginning than at the end.,Leonardo da Vinci,wisdom
"Bir şey bittiğinde bitmiştir. Geriye bakma, bir sonraki hedefe odaklan.","When a thing is done, it's done. Don't look back. Look forward to your next objective.",George C. Marshall,wisdom
"Hayatımızın kum saatinden ne kadar çok kum akıp giderse, saatin içinden o kadar net görürüz.","The more sand that has escaped from the hourglass of our life, the clearer we should see through it.",Jean Paul,wisdom
Hiç kimse tesadüfen bilge olmadı.,No man was ever wise by chance.,Lucius Annaeus Seneca,wisdom
"Gerçek tüm insanlar için değil, yalnızca onu arayanlar içindir.","The truth is not for all men, but only for those who seek it.",Ayn Rand,wisdom
"Risksiz kazanmak, şan olmadan zafer kazanmaktır.",To win without risk is to triumph without glory.,Pierre Corneille,wisdom
"Her şey, ruhun köklerinden, ekildiği yerden gelir.","All things must come to the soul from its roots, from where it is planted.",Saint Teresa of Avila,wisdom
"Nadiren söz ver, ama yasal olduğu sürece, verdiğin sözü sürekli yerine getir.","Rarely promise, but, if lawful, constantly perform.",William Penn,wisdom
"İnsanları en yüksek başarılarına göre değil, başladıkları yerden ne kadar ilerlediklerine göre yargılamalıyız. ",We should not judge people by their peak of excellence; but by the distance they have traveled from the point where they started.,Henry Ward Beecher,wisdom
"Kendinizden verdiğinizde, verdiğinizden daha fazlasını alırsınız.","When you give yourself, you receive more than you give.",Antoine de Saint-Exupery,wisdom
"Aptal kendini över, bilge olan da aptalı över.","A fool flatters himself, a wise man flatters the fool.",Edward G. Bulwer-Lytton,wisdom
"Eğer bilgeliğim yoksa, sana öğretebileceğim tek şey cehalettir.","If I don't have wisdom, I can teach you only ignorance.",Leo Buscaglia,wisdom
"Övgüyü yüksek sesle yaparım, eleştiriyi ise yumuşak bir dille.",I praise loudly. I blame softly.,Catherine the Great,wisdom
"İnsan herkesi ne kadar çok memnun ederse, o kadar az derinden memnun olur.","The more one pleases everybody, the less one pleases profoundly.",Stendhal,wisdom
Hiçbir olasılığı göz ardı etme.,Leave no stone unturned.,Euripides,wisdom
"Aradığın altın fırsat kendi içindedir. O ne çevrendedir, ne şansta ya da tesadüfte, ne de başkalarının yardımındadır; yalnızca senin içindedir.","The golden opportunity you are seeking is in yourself. It is not in your environment; it is not in luck or chance, or the help of others; it is in yourself alone.",Orison Swett Marden,wisdom
Hiç kimse bir başkasının yükünün ağırlığını gerçekten bilemez.,None knows the weight of another's burden.,George Herbert,wisdom
"Paslanmak, yıpranmaktan daha iyidir.",It is better to rust out than wear out.,Edwin Markham,wisdom
"Ancak, yapılmadan kalmasıyla ölmeyi kabullenebileceğin şeyleri yarına bırak.",Only put off until tomorrow what you are willing to die having left undone.,Pablo Picasso,wisdom
"Alışılmadık derecede sağduyu, dünyanın bilgelik dediği şeydir.",Common sense in an uncommon degree is what the world calls wisdom.,Samuel Taylor Coleridge,wisdom
Çözebildiğiniz şeyi asla kesmeyin.,Never cut what you can untie.,Joseph Joubert,wisdom
"Ne olduğu, olanlara nasıl tepki verdiğiniz kadar önemli değildir.",What happens is not as important as how you react to what happens.,Ellen Glasgow,wisdom
"Kristal kürenin yanında yaşayan kişi, kısa sürede buzlu cam yemeyi öğrenir.",He who lives by the crystal ball soon learns to eat ground glass.,Edgar Fiedler,wisdom
Bilgelik bundan sonra ne yapılacağını bilmektir; erdem bunu yapmaktır.,Wisdom is knowing what to do next; virtue is doing it.,David Starr Jordan,wisdom
"Kendi özgün fikirlerinizi dile getirmezseniz, kendi varlığınızı dinlemezseniz, kendinize ihanet etmiş olursunuz.","If you do not express your own original ideas, if you do not listen to your own being, you will have betrayed yourself.",Rollo May,wisdom
Kapalı ağız sinek yutmaz.,A closed mouth catches no flies.,Miguel de Cervantes,wisdom
Küçük şeyler hakkında eleştirel olmamayı alışkanlık haline getirin.,Make it your habit not to be critical about small things.,Edward Everett Hale,wisdom
"Ama hayat uzundur. Ve kısa süreli ilgi ile tutkunun parıltısını dengeleyen şey, uzun vadedir.",But life is long. And it is the long run that balances the short flare of interest and passion.,Sylvia Plath,wisdom
Her insan her gün en az beş dakika tam bir aptallık eder; bilgelik ise bu süreyi aşmamaktır.,Every man is a damn fool for at least five minutes every day; wisdom consists in not exceeding the limit.,Elbert Hubbard,wisdom
"Uçları birleştirirsen, gerçek dengeyi bulursun.","Combine the extremes, and you will have the true center.",Karl Wilhelm Friedrich Schlegel,wisdom
Erdemler tamamen kendinize bağlı olan çabayla elde edilir.,"Virtues are acquired through endeavor, which rests wholly upon yourself.",Sidney Lanier,wisdom
Yenilgi kaçınılmaz olduğunda boyun eğmek en akıllıca yoldur.,"When defeat is inevitable, it is wisest to yield.",Quintilian,wisdom
Eğer doktorlara inanıyorsanız hiçbir şey sağlıklı değildir; eğer ilahiyatçılara inanıyorsanız hiçbir şey masum değildir; Eğer orduya inanıyorsanız hiçbir şey güvenli değildir.,"If you believe the doctors, nothing is wholesome; if you believe the theologians, nothing is innocent; if you believe the military, nothing is safe.",Lord Salisbury,wisdom
"Zorluklara karşı iyi hazırlanmış bir yürek, kötü günlerde umut eder; iyi günlerde ise talihin değişebileceğini unutmadan temkinli olur.","A heart well prepared for adversity in bad times hopes, and in good times fears for a change in fortune.",Horace,wisdom
Kolunuzu uzatmaya hazır olmadığınız sürece asla elinizi uzatmayın.,Never reach out your hand unless you're willing to extend an arm.,Pope Paul VI,wisdom
Doğuya gitmek istiyorsanız batıya gitmeyin.,"If you want to go east, don't go west.",Ramakrishna,wisdom
Tek başına akıllı olmaktansa dünyanın geri kalanıyla delirmek daha iyidir.,Better mad with the rest of the world than wise alone.,Baltasar Gracian,wisdom
Her zaman her zorlukta zafer tohumunu arayın.,Always seek out the seed of triumph in every adversity.,Og Mandino,wisdom
"Hayat, bilginin sınırına kadar yapılan bir yolculuk ve sonra bilinmeyene adım atmaktır.","Life is a travelling to the edge of knowledge, then a leap taken.",D. H. Lawrence,wisdom
Dereyi geçene kadar timsahla alay etmeyin.,Don't taunt the alligator until after you've crossed the creek.,Dan Rather,wisdom
"Belki de her şeyin çok fazlası, çok azı kadar kötüdür.",Perhaps too much of everything is as bad as too little.,Edna Ferber,wisdom
"Yaptıklarımız bizi belirlediği kadar, yaptıklarımızı da biz belirleriz.","Our deeds determine us, as much as we determine our deeds.",George Eliot,wisdom
Doğa ile bilgelik asla birbiriyle çelişmez.,Never does nature say one thing and wisdom another.,Juvenal,wisdom
Yaptığınız eylemlerin sorumluluğunu üstlenmelisiniz; fakat başarılarınızın tüm övgüsünü kendinize mal etmemelisiniz.,"You must accept responsibility for your actions, but not the credit for your achievements.",Denis Waitley,wisdom
Tüm seslerin en tatlısı övgüdür.,The sweetest of all sounds is praise.,Xenophon,wisdom
Verilen söz ödenmemiş bir borçtur.,A promise made is a debt unpaid.,Robert W. Service,wisdom
"Alkış bir fatura değil, bir makbuzdur.","Applause is a receipt, not a bill.",Dale Carnegie,wisdom
Ne kadar az konuşursanız o kadar çok dinlenirsiniz.,"The less you talk, the more you're listened to.",Pauline Phillips,wisdom
"Bu dünyada aslında ne kadar az şeye ihtiyaç duyduğumuzu, onları kaybedene kadar asla tam olarak anlayamayız.",We never understand how little we need in this world until we know the loss of it.,James M. Barrie,wisdom
Ne mutlu hatırlamadan veren ve unutmadan alan insanlar.,Blessed are those who give without remembering and take without forgetting.,Elizabeth Bibesco,wisdom
"Herhangi bir şeyi yeterince sık tekrarlarsanız, o zamanla size dönüşmeye başlayacaktır.",Repeat anything often enough and it will start to become you.,Tom Hopkins,wisdom
"Hızlı kararlar, güvenli kararlar değildir.",Quick decisions are unsafe decisions.,Sophocles,wisdom
"Asıl değer, sahip olmaktan çok ona ulaşma sürecindedir.","It's not the having, it's the getting.",Elizabeth Taylor,wisdom
"Bilgeliği üç yolla öğrenebiliriz: Birincisi, düşünerek; bu en soylu yoldur. İkincisi, örnek alarak; bu en kolay yoldur. Üçüncüsü ise deneyimle; bu da en acı yoldur.","By three methods we may learn wisdom: First, by reflection, which is noblest; Second, by imitation, which is easiest; and third by experience, which is the bitterest.",Confucius,wisdom
"Hata, işleri yapmanın başka bir yoludur.",A mistake is simply another way of doing things.,Katharine Graham,wisdom
"Alışkanlık, hataların yuvasıdır.",Habit is the nursery of errors.,Victor Hugo,wisdom
Her şey istediğin gibi giderken bile en kötü ihtimali düşünmek ve ona karşı hazırlıklı olmak bilgeliktir.,"It is wisdom in prosperity, when all is as thou wouldn't have it, to fear and suspect the worst.",Desiderius Erasmus,wisdom
"Hafıza, bütün bilgeliğin anasıdır.",Memory is the mother of all wisdom.,Aeschylus,wisdom
"Yolculuğun sonunda her zaman karşılaştığımız kişi yine kendimiziz. Bununla ne kadar erken yüzleşirsek, o kadar iyi olur.","It is always our own self that we find at the end of the journey. The sooner we face that self, the better.",Ella Maillart,wisdom
Her zaman açık fikirli ve şefkatli bir kalp tutun.,Always keep an open mind and a compassionate heart.,Phil Jackson,wisdom
"Önemli olan küçük ayrıntılardır. Küçük şeyler, büyük şeylerin gerçekleşmesini sağlar.",It's the little details that are vital. Little things make big things happen.,John Wooden,wisdom
"Öğretecek sadece üç şeyim var: basitlik, sabır, şefkat. Bu üçü, sahip olabileceğiniz en büyük hazinelerdir.","I have just three things to teach: simplicity, patience, compassion. These three are your greatest treasures.",Lao Tzu,wisdom
"İnsanlar, eğer doğru şekilde teklif edilirse, yardımı nadiren reddederler.","People seldom refuse help, if one offers it in the right way.",A. C. Benson,wisdom
"İnsani bilgelik, çoğu zaman ödül olarak beraberinde kaygı ve keder de getirir.",All human wisdom works and has worries and grief as reward.,Johann Georg Hamann,wisdom
Paylaşılan sorun yarı yarıya azalır.,Trouble shared is trouble halved.,Lee Iacocca,wisdom
Görünüş çoğu zaman aldatıcıdır.,Appearances are often deceiving.,Aesop,wisdom
Umutsuzca şeyler yapmamak bilgeliğin bir özelliğidir.,It is a characteristic of wisdom not to do desperate things.,Henry David Thoreau,wisdom
"Korku umutsuz, umut da korkusuz olamaz.",Fear cannot be without hope nor hope without fear.,Baruch Spinoza,wisdom
"Kendin etkilenemiyorsan, başkalarını da etkileyemezsin.","You can't sweep other people off their feet, if you can't be swept off your own.",Clarence Day,wisdom
Şansınız yaver giderse sevinmeyin; kaşlarını çatarsa ​​umutsuzluğa kapılmayın.,If fortune favors you do not be elated; if she frowns do not despond.,Ausonius,wisdom
"Neredeyse her bilgece sözün, onu dengeleyen en az onun kadar bilge bir karşıtı vardır.","Almost every wise saying has an opposite one, no less wise, to balance it.",George Santayana,wisdom
Bilgelik mutluluğun en yüce parçasıdır.,Wisdom is the supreme part of happiness.,Sophocles,wisdom
Görünmek istediğin kişi ol.,Be as you wish to seem.,Socrates,wisdom
"Hayal gücü, bilgiden daha önemlidir.",Imagination is more important than knowledge.,Albert Einstein,wisdom
"Eyleme dönüşen az bir bilgi, kullanılmadan duran çok bilgiden sonsuz kez daha değerlidir.",A little knowledge that acts is worth infinitely more than much knowledge that is idle.,Khalil Gibran,wisdom
Korkuyu yenmek bilgeliğin başlangıcıdır.,To conquer fear is the beginning of wisdom.,Bertrand Russell,wisdom
Eylemlerinizin kelimelerinizle eşleşmesine izin verin.,Let deeds match words.,Plautus,wisdom
"Başarısızlıklara ‘deney’ dersen, onları özgeçmişine yazıp başarı olarak gösterebilirsin.","If you call failures experiments, you can put them in your resume and claim them as achievements.",Mason Cooley,wisdom
"İnsanlar mutlu olduklarında, kış mı yaz mı olduğunu fark etmezler.",People don't notice whether it's winter or summer when they're happy.,Anton Chekhov,wisdom
"Kendinize en uygun olanı ancak deneyerek bulabilirsiniz. Kendinize gerçekçi hedefler koyarsanız, sonunda her şey iyi olacaktır.","You have to find out what's right for you, so it's trial and error. You are going to be all right if you accept realistic goals for yourself.",Teri Garr,wisdom
"Uzakta ve ulaşılması zor olanın çekiciliği aldatıcıdır. Asıl büyük fırsat, bulunduğun yerdedir.",The lure of the distant and the difficult is deceptive. The great opportunity is where you are.,John Burroughs,wisdom
"Büyük hayaller kur, küçük mutlulukları yaşa.",Think big thoughts but relish small pleasures.,"H. Jackson Brown, Jr.",wisdom
"Bilgelik, şefkat ve cesaret; insanı erdemli kılan, herkesçe kabul edilen üç temel ahlaki niteliktir.","Wisdom, compassion, and courage are the three universally recognized moral qualities of men.",Confucius,wisdom
"Kardeşlik fırsatı, bir insanla her karşılaştığınızda kendini gösterir.",The opportunity for brotherhood presents itself every time you meet a human being.,Jane Wyman,wisdom
Vermek almanın yolunu açar.,Giving opens the way for receiving.,Florence Scovel Shinn,wisdom
"Hepimiz hayatımızın belirli anlarında başkalarından tavsiye almaya, yardım almaya ihtiyaç duyarız.","All of us, at certain moments of our lives, need to take advice and to receive help from other people.",Alexis Carrel,wisdom
"Bilgi aktarılabilir; ama bilgelik aktarılamaz. Bilgelik bulunabilir, yaşanabilir, ondan güç alınabilir ve onun sayesinde büyük işler başarılabilir; fakat başkasına doğrudan aktarılamaz ya da öğretilemez.","Knowledge can be communicated, but not wisdom. One can find it, live it, be fortified by it, do wonders through it, but one cannot communicate and teach it.",Hermann Hesse,wisdom
"En çok gıcırdayan tekerlek, yağı alan tekerlektir.",The wheel that squeaks the loudest is the one that gets the grease.,Josh Billings,wisdom
Söylemekle yapmak arasında birçok çift ayakkabı eskir.,"Between saying and doing, many a pair of shoes is worn out.",Iris Murdoch,wisdom
Bilgeliği aramak bilgeliktir; ona ulaştığını sanmak ise aptallıktır.,In seeking wisdom thou art wise; in imagining that thou hast attained it - thou art a fool.,"Philip Stanhope, 4th Earl of Chesterfield",wisdom
"Gördüğümüz şey yalnızca bir parçadır, bütün değildir.","Tis but a part we see, and not a whole.",Alexander Pope,wisdom
Aptal olmayı göze alın; bu da bilgeliğe giden yoldaki ilk adımdır.,"He dares to be a fool, and that is the first step in the direction of wisdom.",James Huneker,wisdom
Başkalarını bilmek bilgeliktir; kendini bilmek ise aydınlanmadır.,"Knowing others is wisdom, knowing yourself is enlightenment.",Lao Tzu,wisdom
Bilgelik hayretle başlar.,Wisdom begins in wonder.,Socrates,wisdom
"Bizi bilge yapan, geçmişimizi hatırlamamız değil; geleceğimizin sorumluluğunu üstlenmemizdir.","We are made wise not by the recollection of our past, but by the responsibility for our future.",George Bernard Shaw,wisdom
Bazen riske girmeniz gerekir çünkü meyve oradadır.,You've got to go out on a limb sometimes because that's where the fruit is.,Will Rogers,wisdom
"Bize ait olan her şey, onu almaya kapasite oluşturursak bize gelir.",Everything comes to us that belongs to us if we create the capacity to receive it.,Rabindranath Tagore,wisdom
"Alışkanlık, direnilmezse çok geçmeden zorunluluk haline gelir.","Habit, if not resisted, soon becomes necessity.",Saint Augustine,wisdom
"Bir şiir sevinçle başlar, bilgelikle biter.",A poem begins in delight and ends in wisdom.,Robert Frost,wisdom
En yükseğe ulaşmak istiyorsanız en aşağıdan başlayın.,"If you wish to reach the highest, begin at the lowest.",Publilius Syrus,wisdom
"Başarının üç temel anahtarı vardır: sıkı çalışma, vazgeçmeme ve sağduyu.","The three great essentials to achieve anything worth while are: Hard work, stick-to-itiveness, and common sense.",Thomas A. Edison,wisdom
"Herkesi memnun etmeye çalışırsan, kimseyi memnun edemezsin.","Please all, and you will please none.",Aesop,wisdom
"Her gün bir an bile olsa, okuma, dinleme ve görme yoluyla yüceliği arayın.","Seek the lofty by reading, hearing and seeing great work at some moment every day.",Thornton Wilder,wisdom
Hiç kimse tavsiye istemez; sadece kendi düşündüğünün onaylanmasını ister.,No one wants advice - only corroboration.,John Steinbeck,wisdom
"Güçlü karakterler değişen koşullarda ortaya çıkar, yumuşak huylu karakterler ise istikrar içinde şekillenir.","Strong characters are brought out by change of situation, and gentle ones by permanence.",Jean Paul,wisdom
"Ne kadar iyi olursa olsun, bir tavsiyeyi; onun doğru olduğuna zihninde inandığın kadar, ruhunda da derinlemesine hissetmeden takip etme.","Don't follow any advice, no matter how good, until you feel as deeply in your spirit as you think in your mind that the counsel is wise.",Joan Rivers,wisdom
"Bilgelik, sana gerekli olacağı durumlara hiç düşmemenin adıdır.",Wisdom is the quality that keeps you from getting into situations where you need it.,Doug Larson,wisdom
Bilgelik yalnızca kitaplardan elde edildiğinde bilgelik değildir.,Wisdom is not wisdom when it is derived from books alone.,Horace,wisdom
Atlamadan önce iki kez bakın.,Look twice before you leap.,Charlotte Bronte,wisdom
Dağlara tırmanın tepede onların size getirdiği iyi haberleri dinleyin.,Climb the mountains and get their good tidings.,John Muir,wisdom
Bulunmak istiyorsan arayanın aradığı yerde dur.,If you want to be found stand where the seeker seeks.,Sidney Lanier,wisdom
"Sürekli refah dışında, dünyada her şeye katlanılabilir.",Everything in the world may be endured except continual prosperity.,Johann Wolfgang von Goethe,wisdom
Kurnazlık bilgelik değildir.,Cleverness is not wisdom.,Euripides,wisdom
"Bilgelik, gücü her zaman aşar.",Wisdom is always an overmatch for strength.,Phil Jackson,wisdom
Birkaç tohum ekecek bir yer arayın.,Look around for a place to sow a few seeds.,Henry Van Dyke,wisdom
İzleyerek birçok şeyi gözlemleyebilirsiniz.,You can observe a lot by watching.,Yogi Berra,wisdom
"Gerçek bilgi, hiçbir şey bilmediğinizi bilmekte mevcuttur.",True knowledge exists in knowing that you know nothing.,Socrates,wisdom
Bilgeliği yalnız başına aramak büyük bir budalalıktır.,It is great folly to wish to be wise all alone.,Francois de La Rochefoucauld,wisdom
"Bilgelik; ağlayamayacak kadar gururlu, gülemeyecek kadar ciddi ve kendisinden başkasını aramayacak kadar bencil olduğunda artık bilgelik olmaktan çıkar.","Wisdom ceases to be wisdom when it becomes too proud to weep, too grave to laugh, and too selfish to seek other than itself.",Khalil Gibran,wisdom
Aslında sandığımızdan daha bilgeyiz.,We are wiser than we know.,Ralph Waldo Emerson,wisdom
"Her şeyden önce kibirle, kıskançlıkla ve kalbinizdeki her türlü kötü duyguyla mücadele etmelisiniz.","Above all, you must fight conceit, envy, and every kind of ill-feeling in your heart.",Abraham Cahan,wisdom
"Önemli olan ne yaptığınız değil, nasıl yaptığınızdır.","It isn't what you do, but how you do it.",John Wooden,wisdom
"Bugün bulunduğum yere, yarın nasıl hissedeceğimi düşünerek gelmedim.",I didn't get where I am today by worryin' about how I'd feel tomorrow.,Ron White,wisdom
"Kendi talihsizliklerinle bilge olmaktansa, başkalarının talihsizliklerinden bilge olman daha iyidir.",Better be wise by the misfortunes of others than by your own.,Aesop,wisdom
"Tavsiye vermek, zorlamak değildir.",To advise is not to compel.,Anton Chekhov,wisdom
"Bilgelik, yanılsamaların yıkılmasıyla kazanılır.",Wisdom comes by disillusionment.,George Santayana,wisdom
Bilgelik yalnızca hakikatte bulunur.,Wisdom is found only in truth.,Johann Wolfgang von Goethe,wisdom
İhtiyatlı bir soru bilgeliğin yarısıdır.,A prudent question is one-half of wisdom.,Francis Bacon,wisdom
"Doğa ve kitaplar, onları görebilen gözlere aittir.",Nature and books belong to the eyes that see them.,Ralph Waldo Emerson,wisdom
"Bilgelik, yolun kavşağında durup bizi çağırır; ama biz onu sahte görür, ona kulak verenleri ise küçümseriz.","Wisdom stands at the turn in the road and calls upon us publicly, but we consider it false and despise its adherents.",Khalil Gibran,wisdom
"Söylenmiş sayısız bilgece sözden çok azı, tek bir aptalca eylemi engelleyebilmiştir.",Few of the many wise apothegms which have been uttered have prevented a single foolish action.,Thomas Babington Macaulay,wisdom
Yokluğunda kimseyi kötüleme.,Never find fault with the absent.,Alexander Pope,wisdom
"Arzuladıklarımız yoksa, sahip olduklarımızla hareket etmeliyiz.","Let us act on what we have, since we have not what we wish.",John Henry Newman,wisdom
"Bilgelik, en sonda başlar.",Wisdom begins at the end.,Daniel Webster,wisdom
"Her birimiz bir şeyi iyi yapma yeteneğiyle dünyaya gönderildik. Bu yeteneğimizi elimizden gelen en iyi şekilde kullanmazsak, kendimizi ve dünyayı aldatırız.",Each of us has been put on earth with the ability to do something well. We cheat ourselves and the world if we don't use that ability as best we can.,"George Allen, Sr.",wisdom
"Hayatta öğrendiğim şey şu: Herkes yetenekli, kendine özgün ve hepsinin söyleyecek önemli bir şeyi var.","This is what I learned: that everybody is talented, original and has something important to say.",Brenda Ueland,wisdom
"Gerçek hayatın dokusuna dokunmuş öğüt, bilgeliktir.",Counsel woven into the fabric of real life is wisdom.,Walter Benjamin,wisdom
"Birçok insan, elde edebilecekleri şeyler için zamanlarının yarısını dilemekle geçirir; oysa o zamanı dilemekle harcamasalardı, o şeylere sahip olabilirlerdi.",Many of us spend half of our time wishing for things we could have if we didn't spend half our time wishing.,Alexander Woollcott,wisdom
"Kasıtlı olarak kendinizde nezaket, sempati ve sabır fırsatlarını arayın.","Deliberately seek opportunities for kindness, sympathy, and patience.",Evelyn Underhill,wisdom
Önemli olan her şey her zaman önemsiz bir şeyden başlar.,Everything important always begins from something trivial.,Donald Hall,wisdom
İnsanın bilgeliği onun en iyi dostudur; en büyük düşmanı ise aptallıktır.,Man's wisdom is his best friend; folly his worst enemy.,William Temple,wisdom
"Hayatın küçük işlerini sabırla yaparken, hayatın büyük bütününün anlamı ve şekli yavaş yavaş sana görünür.",It is while you are patiently toiling at the little tasks of life that the meaning and shape of the great whole of life dawn on you.,Phillips Brooks,wisdom
"Öğrenme kütüphanelerde uyur ve horlar; ama bilgelik her yerdedir, uyanık ve tetikte.","Learning sleeps and snores in libraries, but wisdom is everywhere, wide awake, on tiptoe.",Josh Billings,wisdom
"Bilgi domatesin meyve olduğunu bilmektir. Bilgelik, onu meyve salatasına koymamayı bilmektir.",Knowledge is knowing that a tomato is a fruit. Wisdom is knowing not to put it in a fruit salad.,Brian O'Driscoll,wisdom
Bilgi edinmek için kişinin çalışması gerekir; ama bilgeliğe ulaşmak için gözlemlemek gerekir.,"To acquire knowledge, one must study; but to acquire wisdom, one must observe.",Marilyn vos Savant,wisdom
"İnsan hata yapmaktan kaçınamaz; fakat bilge kişiler, hatalarından geleceğe dair ders çıkarır.",To make no mistakes is not in the power of man; but from their errors and mistakes the wise and good learn wisdom for the future.,Plutarch,wisdom
Veri bilgi değildir; bilgi bilgelik değildir; bilgelik ise anlayış değildir.,"Data is not information, information is not knowledge, knowledge is not understanding, understanding is not wisdom.",Clifford Stoll,wisdom
"Deneyimler, cimrinin biriktirdiği servettir. Bilgelik ise savurganın bile tüketemeyeceği bir mirastır.",Experiences are savings which a miser puts aside. Wisdom is an inheritance which a wastrel cannot exhaust.,Karl Kraus,wisdom
Dünyayı kazanıp ruhunu kaybetme; bilgelik gümüşten veya altından daha iyidir.,Don't gain the world and lose your soul; wisdom is better than silver or gold.,Bob Marley,wisdom
Sevgi dolu bir kalp en gerçek bilgeliktir.,A loving heart is the truest wisdom.,Charles Dickens,wisdom
İyilikten daha büyük hangi bilgeliği bulabilirsin?,What wisdom can you find that is greater than kindness?,Jean-Jacques Rousseau,wisdom
"Yaşın getirdiği bilgelik: durma, yürümeye devam et.",The wisdom of age: don't stop walking.,Mason Cooley,wisdom
"Bilgi konuşur, bilgelik ise dinler.","Knowledge speaks, but wisdom listens.",Jimi Hendrix,wisdom
"Sessizlik, bilgeliği besleyen bir dinlenmedir.",Silence is the sleep that nourishes wisdom.,Francis Bacon,wisdom
"Bilgelik çoğu zaman yükseldiğimizde değil, alçaldığımızda daha yakındır.",Wisdom is oftentimes nearer when we stoop than when we soar.,William Wordsworth,wisdom
Akıntıya karşı yüz. Ters yöne git. Geleneksel bilgeliği görmezden gel.,Swim upstream. Go the other way. Ignore the conventional wisdom.,Sam Walton,wisdom
Sadaka ve bilgeliğin olduğu yerde ne korku ne de cehalet vardır.,"Where there is charity and wisdom, there is neither fear nor ignorance.",Francis of Assisi,wisdom
İyilik bilgelikten daha önemlidir ve bunun farkına varılması bilgeliğin başlangıcıdır.,"Kindness is more important than wisdom, and the recognition of this is the beginning of wisdom.",Theodore Isaac Rubin,wisdom
"Bir yasayı yapan şey bilgelik değil, otoritedir.",It is not wisdom but authority that makes a law.,Thomas Hobbes,wisdom
"Korku, hurafelerin ve acımasızlığın temel nedenidir; korkuyu aşmak ise bilgelik yolunun başlangıcıdır.","Fear is the main source of superstition, and one of the main sources of cruelty. To conquer fear is the beginning of wisdom.",Bertrand Russell,wisdom
Tam bir karanlıkta hepimiz aynıyızdır; bizi birbirimizden ayıran yalnızca bilgimiz ve bilgeliğimizdir. Gözlerinin seni aldatmasına izin verme.,"In complete darkness we are all the same, it is only our knowledge and wisdom that separates us, don't let your eyes deceive you.",Janet Jackson,wisdom
İnsan bilgeliklerinin tamamı iki kelimede özetlenir: sabret ve umut et.,All human wisdom is summed up in two words; wait and hope.,Alexandre Dumas,wisdom
"Bilgeliğimiz deneyimlerimizden, deneyimlerimiz ise aptallığımızdan gelir.","Our wisdom comes from our experience, and our experience comes from our foolishness.",Sacha Guitry,wisdom
En iyi bilgelik en zorlu mücadeleden gelir.,The best wisdom comes from the hardest struggle.,Xavier Rudd,wisdom
Acı insanı düşündürür. Düşünce insanı bilge yapar. Bilgelik hayatı çekilmez kılar.,Pain makes man think. Thought makes man wise. Wisdom makes life endurable.,John Patrick,wisdom
Gerçek bilgelik aptallıktan daha az kibirlidir. Bilge kişi sık sık şüpheye düşer ve fikrini değiştirir; Aptal inatçıdır ve şüphe duymaz; kendi cehaleti dışında her şeyi bilir.,"True wisdom is less presuming than folly. The wise man doubteth often, and changeth his mind; the fool is obstinate, and doubteth not; he knoweth all things but his own ignorance.",Akhenaton,wisdom
"Hiç kimse gençken bilgeliği aramakta yavaş olmasın, yaşlandığında da bilgeliği aramaktan yorulmasın. Çünkü hiçbir yaş, ruhun sağlığı için çok erken veya çok geç değildir.",Let no one be slow to seek wisdom when he is young nor weary in the search of it when he has grown old. For no age is too early or too late for the health of the soul.,Epicurus,wisdom
"Bizi iyi olmaktan uzaklaştıracak kadar büyük yapan büyüklük de, gerçek bilgeliğe mesafe koyan zekâ da mutsuzdur.",Unhappy is that grandeur which makes us too great to be good; and that wit which sets us at a distance from true wisdom.,Mary Astell,wisdom
"Üç tür insan vardır: bilgelik peşinde olanlar, şan ve şeref arayanlar ve kazanç peşinde koşanlar.","There are three classes of men; lovers of wisdom, lovers of honor, and lovers of gain.",Plato,wisdom
Mutluluğumuz her bakımdan bilgeliğe bağlıdır.,Our happiness depends on wisdom all the way.,Sophocles,wisdom
"En gerçek büyüklük, iyi kalpli olmaktır; en gerçek bilgelik ise mutlu bir zihne sahip olmaktır.","The truest greatness lies in being kind, the truest wisdom in a happy mind.",Ella Wheeler Wilcox,wisdom
"Hayatta gerilemeler, hatta yenilgiler beklenmelidir; bunlar bize bilgelik ve temkin kazandırır, gücümüzü ortaya çıkarır ve daha büyük felaketlerden korur.","We must expect reverses, even defeats. They are sent to teach us wisdom and prudence, to call forth greater energies, and to prevent our falling into greater disasters.",Robert E. Lee,wisdom
Büyük bilgelik cömerttir; küçük bilgelik tartışmacıdır. Büyük sözler tutkulu ve yapıcıdır; küçük sözler ise huysuz ve kavgacıdır.,"Great wisdom is generous; petty wisdom is contentious. Great speech is impassioned, small speech cantankerous.",Zhuangzi,wisdom
"İnsanın kendini tanıması bilgeliktir, komşusunu tanımaması ise dehalıktır.","To know one's self is wisdom, but not to know one's neighbors is genius.",Minna Antrim,wisdom
Ön yargılar bilgeliğe açılan kapının kilitleridir.,Preconceived notions are the locks on the door to wisdom.,Mary Browne,wisdom
Cehalete kapılmamak bilgeliktir.,Not engaging in ignorance is wisdom.,Bodhidharma,wisdom
"Yaş sana bilgelik getirmez, yaş sana kırışıklıklar getirir.","Age does not bring you wisdom, age brings you wrinkles.",Estelle Getty,wisdom
Bilgelik arttıkça bilgi küçülür.,Knowledge shrinks as wisdom grows.,Alfred North Whitehead,wisdom
"Espri ve şakacılık, kötülüğün son derece ciddi bir şekilde aşılmasıdır. Mizah, hem bir bilgelik biçimidir hem de bir hayatta kalma aracıdır.",Wit and playfulness represent a desperately serious transcendence of evil. Humor is both a form of wisdom and a means of survival.,Tom Robbins,wisdom
"Hata yapmaya devam edecek cesaretin varsa, bilgelik ve zekân büyük bir ivmeyle ilerler.","If you have the guts to keep making mistakes, your wisdom and intelligence leap forward with huge momentum.",Holly Near,wisdom
Şüpheleriniz olsa bile o adımı atın. Şansınızı deneyin. Hatalar asla başarısızlık değildir; bilgeliğe dönüştürülebilirler.,"Even when you have doubts, take that step. Take chances. Mistakes are never a failure - they can be turned into wisdom.",Cat Cora,wisdom
Yıl sonu ne bir son ne de bir başlangıçtır; deneyimin bize aşılayabileceği tüm bilgelikle devam eden bir süreçtir.,"Year's end is neither an end nor a beginning but a going on, with all the wisdom that experience can instill in us.",Hal Borland,wisdom
Başkalarının bilgisiyle bilgili olabiliriz ama başkalarının bilgeliğiyle bilge olamayız.,We can be knowledgable with other men's knowledge but we cannot be wise with other men's wisdom.,Michel de Montaigne,wisdom
Hayatın felsefesi şudur: Hayat bir savaş ya da gerilim değildir… Hayat bir mutluluktur; sonsuz bilgelik ve sonsuz varoluştur.,"The philosophy of life is this: Life is not a struggle, not a tension... Life is bliss. It is eternal wisdom, eternal existence.",Maharishi Mahesh Yogi,wisdom
Kibir kolayca bilgeliği geride bırakabilir. Genellikle sağduyunun önüne geçer.,Vanity can easily overtake wisdom. It usually overtakes common sense.,Julian Casablancas,wisdom
Bir atasözü birçok kişinin bilgeliği ve bir kişinin zekasıdır.,A proverb is the wisdom of many and the wit of one.,Lord John Russell,wisdom
Mantık bilgeliğin sonu değil başlangıcıdır.,"Logic is the beginning of wisdom, not the end.",Leonard Nimoy,wisdom
"Bu çağ, bilgeliğin okulundaki yamalı bir azizden çok, yaldızlı bir aptalı daha üstün görür.",This age thinks better of a gilded fool Than of a threadbare saint in wisdom's school.,Thomas Dekker,wisdom
Dünya çeşitliliklerle dolu bir yerdir. Erdem ve bilgelik üzerinde hiç kimsenin tekel hakkı yoktur.,The world is a diverse place. Nobody has a monopoly on virtue or wisdom.,Lee Hsien Loong,wisdom
"Bilgi, olguları üst üste yığma sürecidir; bilgelik ise onları sadeleştirmekte yatar.",Knowledge is a process of piling up facts; wisdom lies in their simplification.,Martin H. Fischer,wisdom
Bilgelik ne sabitlikte ne de değişimdedir; ikisi arasındaki diyalektiktedir.,"Wisdom lies neither in fixity nor in change, but in the dialectic between the two.",Octavio Paz,wisdom
"Cesaret, her zaman en kesin bilgeliğin kendisidir.",Courage is always the surest wisdom.,Wilfred Grenfell,wisdom
Bilgelik çoğu zaman bundan sonra ne yapılacağını bilmekten ibarettir.,Wisdom oft times consists of knowing what to do next.,Herbert Hoover,wisdom
"Çok az insan, kendisine fayda sağlayacak eleştiriyi, kendisini aldatan övgüye tercih edecek bilgeliğe sahiptir.","Few people have the wisdom to prefer the criticism that would do them good, to the praise that deceives them.",Francois de La Rochefoucauld,wisdom
"En ince ahmaklık, en ince bilgelikten kaynaklanır.",For the subtlest folly proceeds from the subtlest wisdom.,John Webster,wisdom
Ahlaki bir boyut taşıyan durumlarda gerekli olan şey pratik bilgeliktir.,Practical wisdom is what's called for in situations that have a moral dimension to them.,Barry Schwartz,wisdom
Adaletsiz bilgiye bilgelik yerine kurnazlık denir.,Knowledge without justice ought to be called cunning rather than wisdom.,Plato,wisdom
"Bazen ne kadar şeyin üstesinden gelebildiğine sen bile şaşarsın; eğer sonunda biraz bilgelikle çıkarsan, bu o kadar da kötü bir şey değildir.","Sometimes you surprise yourself with what you can handle, and if you come out the other end with some wisdom, then it's not such a bad thing.",Boy George,wisdom
"İnsan, düşmanından bile bilgelik öğrenebilir.",A man may learn wisdom even from a foe.,Aristophanes,wisdom
Güç ve bilgelik karşıt değerler değildir.,Strength and wisdom are not opposing values.,William J. Clinton,wisdom
Ham deha şimşek gibi parlayıp söner; bilgelik ise güneş gibi kalıcıdır.,"Genius unrefined resembles a flash of lightning, but wisdom is like the sun.",Franz Grillparzer,wisdom
"Şüphe, herkesin bilgelik tapınağına girmeden önce geçmesi gereken bir giriş kapısıdır.",Doubt is the vestibule through which all must pass before they can enter into the temple of wisdom.,Charles Caleb Colton,wisdom
Çam ağacı kışın da yeşil kalır…bilgelik ise zorluk anlarında kendini gösterir.,The pine stays green in winter... wisdom in hardship.,Norman Douglas,wisdom
"Günümüzün geleneksel anlayışına ters düşen yeni fikirler her zaman şüpheyle, küçümsemeyle, hatta korkuyla karşılanır.","New ideas that fly in the face of conventional wisdom of the day are always greeted with doubt and scorn, even fear.",John C. Bogle,wisdom
"Bilgeliğin değişmez işareti, sıradan olanda mucizeyi görebilmektir.",The invariable mark of wisdom is to see the miraculous in the common.,Ralph Waldo Emerson,wisdom
"Bilgeliği olmayan otorite, kesmeyen bir baltadır; sadece incitir.","Authority without wisdom is like a heavy ax without an edge, fitter to bruise than polish.",Anne Bradstreet,wisdom
Barış kırılgan bir şeydir. Onu sağlamak cesaret ister. Onu sürdürmek ise bilgelik gerektirir.,Peace is a fragile thing. It takes courage to secure it. It takes wisdom to maintain it.,Jenny Shipley,wisdom
Bilgeliğin bir kısmı artık neye ihtiyacınız olmadığını bilmek ve onu bırakmaktır.,One part of wisdom is knowing what you don't need anymore and letting it go.,Jane Fonda,wisdom
"Bilgeliğin bize tam anlamıyla mutlu olmamız için sunduğu şeyler arasında en büyüğü, dostluğa sahip olmaktır.","Of all the things which wisdom provides to make us entirely happy, much the greatest is the possession of friendship.",Epicurus,wisdom
Hiçbir şey söylememenin gerçek bir bilgeliği vardır.,There's a real wisdom to not saying a thing.,Willem Dafoe,wisdom
Deneyimsizlikten bilgeliğe giden yolun en sık kullanılan köprüsü hatalardır.,Mistakes are the usual bridge between inexperience and wisdom.,Phyllis Theroux,wisdom
"Konuşmak bilginin alanıdır, dinlemek ise bilgeliğin ayrıcalığıdır.","It is the province of knowledge to speak, and it is the privilege of wisdom to listen.","Oliver Wendell Holmes, Sr.",wisdom
Aptallık zamana bağlıdır; fakat bilgeliğin değerini hiçbir saat ölçemez.,"The hours of folly are measured by the clock; but of wisdom, no clock can measure.",William Blake,wisdom
İçgüdülerinizi takip edin. Gerçek bilgeliğin kendini gösterdiği yer burasıdır.,Follow your instincts. That's where true wisdom manifests itself.,Oprah Winfrey,wisdom
"Birbirimizden öğreniyoruz. Başkalarının hatalarından, deneyimlerinden, bilgeliklerinden öğreniriz. Kendi yaşamlarımızda daha iyi kararlar almamızı kolaylaştırır.","We learn from each other. We learn from others' mistakes, from their experience, their wisdom. It makes it easier for us to come to better decisions in our own lives.",Adrian Grenier,wisdom
"Neyin önemli olduğunu ve neyin olmadığını bilin. Yapılacak doğru şeyi bilecek bilgeliğe, bunu yapacak dürüstlüğe, yapmayanlara karşı duracak karaktere ve yapmayanları durduracak cesarete sahip olun.","Know what's important and what isn't. Have the wisdom to know the right thing to do, the integrity to do it, the character to stand up to those who don't, and the courage to stop those who won't.",Mark Goulston,wisdom
"Bilgelik, sonuçların öngörülmesinden oluşur.",Wisdom consists of the anticipation of consequences.,Norman Cousins,wisdom
En büyük bilgelik insanın kendi eksikliğini fark etmesidir.,The greatest wisdom is to realize one's lack of it.,Constantin Stanislavski,wisdom
"Bilgeliğin anahtarı şudur; sürekli ve sık sorgulamak, çünkü şüphe ederek sorgulamaya yönlendiriliriz ve sorgulayarak gerçeğe ulaşırız.","The key to wisdom is this - constant and frequent questioning, for by doubting we are led to question and by questioning we arrive at the truth.",Peter Abelard,wisdom
Mutluluk ile bilgelik arasında bir fark vardır: Kendini en mutlu insan sanan kişi aslında öyledir; ama kendini en bilge sanan kişi genellikle en büyük aptaldır.,There is a difference between happiness and wisdom: he that thinks himself the happiest man is really so; but he that thinks himself the wisest is generally the greatest fool.,Francis Bacon,wisdom
"Gerçek bilgeliğin temel noktalarından biri şudur; bir amacın gerçekleştiği her yerde, onu gerçekleştiren bir etken mutlaka bulunur.","It is a main point of true wisdom. Whenever there is an execution of purpose, there must be an agent.",Adoniram Judson,wisdom
Bilgelik tek başına tüm bilimlerin bilimidir.,Wisdom alone is the science of other sciences.,Plato,wisdom
Mantıkla ve deneyle doğrulayamadığınız sürece geleneksel bilgelikten şüphe edin.,Doubt the conventional wisdom unless you can verify it with reason and experiment.,Steve Albini,wisdom
Sessizlik gerçek bilgeliğin en iyi yanıtıdır.,Silence is true wisdom's best reply.,Euripides,wisdom
Kısa bir söz çoğu zaman çok fazla bilgelik içerir.,A short saying often contains much wisdom.,Sophocles,wisdom
"Trajedi, yaşayanların bilgelik kazanmaları için bir araçtır, yaşayacakları bir rehber değil.","Tragedy is a tool for the living to gain wisdom, not a guide by which to live.",Robert Kennedy,wisdom
"Baykuş geleneksel olarak bilgeliğin sembolüdür, dolayısıyla biz ne güverciniz ne de şahiniz; biz baykuşuz ve başkaları dinlenirken biz tetikte oluruz.","An owl is traditionally a symbol of wisdom, so we are neither doves nor hawks but owls, and we are vigilant when others are resting.",Urjit Patel,wisdom
Hayattaki her değerli şey zorlukla elde edilir; fakat bunların en zoru bilgeliktir.,"In life, all good things come hard, but wisdom is the hardest to come by.",Lucille Ball,wisdom
Doğru zamanda sessiz kalmak bilgeliktir ve o anda söylenecek her sözden daha değerlidir.,"Silence at the proper season is wisdom, and better than any speech.",Plutarch,wisdom
"İyi bir tavsiyeden yararlanmak, onu vermekten daha fazla bilgelik gerektirir.",To profit from good advice requires more wisdom than to give it.,Wilson Mizner,wisdom
"Bazen insan, doğruyu ancak artık onu uygulamak için çok geç olduğunda anlar.",Sometimes wisdom comes to us when it can no longer do any good.,Ravi Shastri,wisdom
Sırrını saklamak bilgeliktir; ama başkalarının onu saklamasını beklemek budalalıktır.,To keep your secret is wisdom; but to expect others to keep it is folly.,Samuel Johnson,wisdom
Bilgeliğin temeli iyiliktir; ama iyiliğin temeli bilgelik değildir.,"Wisdom has its root in goodness, not goodness its root in wisdom.",Ralph Waldo Emerson,wisdom
"Ne ültimatomları, ne yaygın kanaatleri, ne de mutlak doğruları olduğu gibi kabul et.","Never accept ultimatums, conventional wisdom, or absolutes.",Christopher Reeve,wisdom
Bilgelik ancak araştırma ve sorgulama sonucunda elde edilir.,Wisdom is not acquired save as the result of investigation.,Sara Teasdale,wisdom
"Çoğu zaman çok fazla bilgelik, en az kelimeyle sağlanır.",Much wisdom often goes with fewest words.,Sophocles,wisdom
Kurnazlık... bilgeliğin aşağılık bir taklidinden başka bir şey değildir.,Cunning... is but the low mimic of wisdom.,Plato,wisdom
"Deneyimlerimiz, kazandığımız bilgelikten çok, yitirdiğimiz hayallerden oluşur.",Our experience is composed rather of illusions lost than of wisdom acquired.,Joseph Roux,wisdom
"Bir düşünce gerçekten sağlam ve mantıklıysa, zamanla herkes tarafından kabul edilen bir gerçek olur.","If an idea is indeed sensible, it will eventually become just part of the accepted wisdom.",Nigel Farage,wisdom
"Ölçülülük, bilgeliğin ayrılmaz yoldaşıdır; ama deha onunla neredeyse hiç tanışmamıştır.","Moderation is the inseparable companion of wisdom, but with it genius has not even a nodding acquaintance.",Charles Caleb Colton,wisdom
Bilgelik yaşa göre değil kapasiteye göre kazanılır.,Not by age but by capacity is wisdom acquired.,Plautus,wisdom
"Yaşamın nihai bilgeliği, hayatın tutarsızlıklarını yok etmek değil, onlarla birlikte ve onların ötesinde iç huzurunu bulabilmektir.",The final wisdom of life requires not the annulment of incongruity but the achievement of serenity within and above it.,Reinhold Niebuhr,wisdom
"Bilgeliğe ulaşabilmek için, önce bilmediklerimizin farkına varmamız gerekir.",In order to have wisdom we must have ignorance.,Theodore Dreiser,wisdom
"İnsanların kusurlarını görmek, ama buna rağmen onlara kötülük istememek; belki de en büyük bilgelik ve erdemdir.","To think ill of mankind and not wish ill to them, is perhaps the highest wisdom and virtue.",William Hazlitt,wisdom
Güçlü bir hafıza asla bilgelikle eş anlamlı değildir; tıpkı bir sözlüğe bilimsel eser denilemeyeceği gibi.,"A great memory is never made synonymous with wisdom, any more than a dictionary would be called a treatise.",John Henry Newman,wisdom
"Bilgelik ve anlayış; yalnızca eski gözlem, dikkat, azim ve çalışkanlık yolunu takip eden bireylerin mülkiyeti haline gelebilir.","Wisdom and understanding can only become the possession of individual men by travelling the old road of observation, attention, perseverance, and industry.",Samuel Smiles,wisdom
"Bilgelik, nihai olarak ne yapılacağını bilmekten çok, sıradaki doğru adımın ne olduğunu bilmektir.",Wisdom consists not so much in knowing what to do in the ultimate as knowing what to do next.,Herbert Hoover,wisdom
"Bilgelik ve deneyim, taklit edilemeyen bir güzelliğe sahiptir. Gerçek olgunluk ancak yaşayarak kazanılır.",There's a beauty to wisdom and experience that cannot be faked. It's impossible to be mature without having lived.,Amy Grant,wisdom
"Mutlulukta ya da bilgelikte süreklilik isteyen kişi, sık sık değişmeyi göze almalıdır.","They must often change, who would be constant in happiness or wisdom.",Confucius,wisdom
"Bilgelik geçmişin özüdür, güzellik ise geleceğin vaadidir.","Wisdom is the abstract of the past, but beauty is the promise of the future.","Oliver Wendell Holmes, Sr.",wisdom
"Bilgeliğin bir kısmını, mutlaka bilge birinden öğrenmelisin.",Some wisdom you must learn from one who's wise.,Euripides,wisdom
"İyilik bilgeliğin, adalet ise nedenden daha derin vicdani değerlerin ürünüdür.","It is not from reason that justice springs, but goodness is born of wisdom.",Maurice Maeterlinck,wisdom
"Bilgelik en iyi, insanı mütevazı olmaya zorlayan gerçeklerle yüzleştiğinde gelişir.",Wisdom may best arise from a humbling reality.,Michael Leunig,wisdom
"Bilgelik, insanın varlığının bir parçası haline gelmiş bilgidir.",Wisdom is knowledge which has become a part of one's being.,Orison Swett Marden,wisdom
Bizim sahip olduğumuz ama makinelerin sahip olmadığı şey bilgelik sergileme yeteneğidir.,"The thing that we possess, that machines don't, is the ability to exhibit wisdom.",Herbie Hancock,wisdom
Disiplin bilgeliktir ve bunun tersi de geçerlidir.,Discipline is wisdom and vice versa.,M. Scott Peck,wisdom
"Hem düşüncede hem de duyguda, zaman gerçek olsa bile zamanın önemsizliğini anlamak bilgeliğin kapısıdır.","Both in thought and in feeling, even though time be real, to realise the unimportance of time is the gate of wisdom.",Bertrand Russell,wisdom
Cesaret olmadan bilgelik meyve vermez.,"Without courage, wisdom bears no fruit.",Baltasar Gracian,wisdom
Acı bilgeliğe ve gerçeğe açılan kapıdır.,Pain is the doorway to wisdom and to truth.,Keith Miller,wisdom
Bir çağın felsefeleri bir sonrakinin saçmalıkları haline gelmiş; dünün aptallığı ise yarının bilgeliği olmuştur.,"The philosophies of one age have become the absurdities of the next, and the foolishness of yesterday has become the wisdom of tomorrow.",William Osler,wisdom
Ne zaman duracağını bilmelisin; bu bilgeliktir.,You have to know when to stop - that's wisdom.,Hubert de Givenchy,wisdom
Bilgi zamanın sonucudur ve bilgeliği öğretmek için en uygun günler çoktur.,"Knowledge is the consequence of time, and multitude of days are fittest to teach wisdom.",Jeremy Collier,wisdom
Korkunun olduğu yerde bilgelik olamaz.,"Where fear is present, wisdom cannot be.",Lactantius,wisdom
Gücümüz olduğu için bilgeliğimizin de olduğunu düşündük.,"We thought, because we had power, we had wisdom.",Stephen Vincent Benet,wisdom
Kitaplar birikmiş bilgeliğin sürekli yanan lambalarıdır.,Books are the ever burning lamps of accumulated wisdom.,George William Curtis,wisdom
"Bilgeliğin ilk amacı yanlış olanı ayırt etmektir; ikincisi, neyin doğru olduğunu bilmek.","The first point of wisdom is to discern that which is false; the second, to know that which is true.",Lactantius,wisdom
"Geleneksel bilgeliği reddetmeye alıştığınızda, bu sizi daha fazla öğrenmeye açık bırakır.","When you're used to being prepared to reject conventional wisdom, it leaves you open to learn more.",Mayim Bialik,wisdom
Öğüt veririz ama bundan faydalanacak bilgeliği veremeyiz.,"We give advice, but we cannot give the wisdom to profit by it.",Francois de La Rochefoucauld,wisdom
"Bilgelik, daha fazlasını bilemediği için alçakgönüllüdür.",Wisdom is humble that he knows no more.,William Cowper,wisdom
"Bir davranış kendi başına ne kadar görkemli olursa olsun, bilgelik ve bilinçli bir niyetin ürünü değilse büyük sayılmamalıdır.","However glorious an action in itself, it ought not to pass for great if it be not the effect of wisdom and intention.",Francois de La Rochefoucauld,wisdom
"Bilgelik diyalogdan doğar, dolayısıyla onların kendi bilgeliklerini keşfedebilmeleri için kendi cehaletinizi ortaya çıkarma kapasitesini geliştirmelisiniz.",Wisdom comes out of dialogue so you have to develop the capacity to expose your own ignorance in order that they may discover their own wisdom.,John B. Goodenough,wisdom
"Bilgelik en kötüsüne hazırlanır, aptallık en kötüsünü geldiği güne bırakır.","Wisdom prepares for the worst, but folly leaves the worst for the day when it comes.",Richard Cecil,wisdom
"Bilgelik, tüm görüş ve düşüncelerimizin yanılabilir olduğunu akılda tutmaktır.",Wisdom is keeping a sense of fallibility of all our views and opinions.,Gerald Brenan,wisdom
Bir değiş tokuş var; yaşlandıkça bilgelik kazanırsınız ama öznelliğinizden kaybedersiniz.,There is a trade off - as you grow older you gain wisdom but you lose spontaneity.,Kenny Rogers,wisdom
Bilgeler bilgeliğin hazinesini cömertçe ortaya koyabilir; ama hazdan daha katı bir ahlak öğretmeni yoktur.,"Though sages may pour out their wisdom's treasure, there is no sterner moralist than pleasure.",Lord Byron,wisdom
"Kitaplar, hiç bilgeliği olmayan birine bilgelik vermez. Ama içinde biraz bilgelik olan birinin bilgeliğini ise daha da artırır.","Books give not wisdom where none was before. But where some is, there reading makes it more.",Elizabeth Hardwick,wisdom
"Radikal sağduyu; geçmiş deneyimlerden kazanılan, bugünün gelip geçici fırsatlarını görebilen bilgeliktir. Yanıldığını kabul edebilmek ve başarısızlık karşısında vazgeçmemektir.",Radical common sense is the wisdom gleaned from the past that recognizes the perishable opportunities of the moment. It is the willingness to admit error and the refusal to be deterred by failure.,Marilyn Ferguson,wisdom
"Öncülük, olağanüstü bilgelik ister.",You need to have extraordinary wisdom to be the forerunner.,Ma Huateng,wisdom
Bilgeliğin başlangıcı onu arzulamaktır.,The beginning of wisdom is to desire it.,Solomon Ibn Gabirol,wisdom
"Bilgeliğin yüceliği, ölürken arzu edilecek şeyleri yaşarken yapmaktır.","The sublimity of wisdom is to do those things living, which are to be desired when dying.",Norman Douglas,wisdom
"Motivasyon, yalnızca zihne yapılan bir çağrı değil, kalp için verilen bir mücadeledir. Tutku ise her zaman ruhun bir ifadesidir.","Motivation is a battle for the heart, not just an appeal to the mind. Passion is always an expression of the soul.",Patrick Dixon,
"Dünyanın insanların niyetlerine biçtiği değer, çoğu zaman son derece adaletsiz ve yanlıştır.",The value the world sets upon motives is often grossly unjust and inaccurate.,H. L. Mencken,
"Hayatı kasvetli kılan şey, bir amacın olmayışıdır.",What makes life dreary is the want of motive.," George Eliot, Daniel Deronda",
"Samimi bir iyi niyet, insana beklenmedik bir güç verir.",A good intention clothes itself with sudden power. ,Ralph Waldo Emerson,
"Bugün dünyayı iyileştiremeyiz. Ama işe şefkat dolu bir sesle, sevgi dolu bir yürekle ve tek bir iyilik hareketiyle başlayabiliriz.","We can’t heal the world today. But we can begin with a voice of compassion, a heart of love, and an act of kindness.",Mary Davis,
Merakla dinleyin. Dürüstçe konuşun. Erdemle hareket edin.,Listen with curiosity. Speak with honesty. Act with integrity.,Roy T. Bennett,
Başka biriyle bağlantı kurmanın en temel ve güçlü yolu dinlemektir.,The most basic and powerful way to connect to another person is to listen.,,
"Gerçekten ve derinden dinlemek, bir insanın yaşadığı acıyı hafifletebilecek en güçlü davranışlardan biridir.",Deep listening is the kind of listening that can help relieve the suffering of another person.,Thich Nhat Hanh,
"Hayatta karşılaştığın herkes sana bir şey öğretebilir. Bunu fark ettiğinde, insanları gerçekten dinlemeye başlarsın.","Every person in this life has something to teach—and as soon as you accept that, you open yourself to truly listening.",Adam Grant,
"Tüm canlılara karşı saygı geliştirelim. Şiddetin ve hoşgörüsüzlüğün yerine anlayışı, şefkati ve sevgiyi koymaya çalışalım.","Let us develop respect for all living things. Let us try to replace violence and intolerance with understanding, compassion and love.",Jane Goodall,
"‘Her şey yoluna girer.’ deriz; ama hayır. Geleceği gerçekten şekillendiren şey, yaptıklarımızdır.","We say 'things will turn out', but no. It's what we do that actually creates the future.",Jane Goodall,
"Doğadaki tek bir şeyi çekiştirdiğinde, onun dünyanın geri kalanına bağlı olduğunu görürsün.","When one tugs at a single thing in nature, one finds it attached to the rest of the world.",John Muir,
Başıma gelenler beni değiştirebilir. Ama onlar tarafından küçültülmeyi reddediyorum.,I can be changed by what happens to me. But I refuse to be reduced by it.,Maya Angelou,
"Zorlu toprağı yarıp güçlü ağaçlara dönüşen küçücük tohumlar gibi, biz de içimizde hayal edemeyeceğimiz kadar büyük bir güce sahibiz. Biz dayanıklıyız.","Like tiny seeds with potent power to push through tough ground and become mighty trees, we hold innate reserves of unimaginable strength. We are resilient.",Malala Yousafzai,
Zorluklar çoğu zaman sıradan insanları olağanüstü bir kadere hazırlar.,Hardships often prepare ordinary people for an extraordinary destiny.,,
Dolaşan herkes yolunu kaybetmiş değildir.,Not all those who wander are lost.,J. R. R. Tolkien,
"Hayat ancak geriye doğru anlaşılabilir, ileriye doğru yaşanması gerekir.",Life can only be understood backwards but it must be lived forwards.,,
"Uçamıyorsan koş, koşamıyorsan yürü, yürüyemiyorsan sürün ama ne yaparsan yap ilerlemeye devam etmelisin.","If you can't fly then run, if you can't run then walk, if you can't walk then crawl, but whatever you do you have to keep moving forward.",,
Kendinize şunu sorun: Bugün nazik davrandınız mı? İyiliği çalışma tarzınız haline getirin ve dünyanızı değiştirin.,Ask yourself: Have you been kind today? Make kindness your modus operandi and change your world.,,
"İnsanlar için bir şeyler yapın, kim olduklarına ya da karşılığında ne yaptıklarına göre değil, kim olduğunuza göre yapın.","Do things for people not because of who they are or what they do in return, but because of who you are.",,
"Ah, nezaket. Mücadele eden başka bir ruha dünyada sevginin bulunabileceğini söylemenin ne kadar basit bir yolu.","Ah, kindness. What a simple way to tell another struggling soul that there is love to be found in the world.",,
Tünelin sonunda ışık olduğuna inanın. Başka biri için o ışık olabileceğinize inanın.,Believe that there's light at the end of the tunnel. Believe that you might be that light for someone else.,,
"Başkalarına yardım etmek için büyük fırsatlar nadiren gelir, ancak küçük fırsatlar her gün etrafımızı sarar.","Great opportunities to help others seldom come, but small ones surround us every day.",,
Sahip olduğunda başkalarına ver; öğrendiğinde ise bildiklerini başkalarıyla paylaş.,"If you get, give. If you learn, teach.",Maya Angelou,
"Gelecek, hayallerinin güzelliğine inananlarındır.",The future belongs to those who believe in the beauty of their dreams.,,
"Eğer kışımız olmasaydı bahar bu kadar hoş olmazdı; eğer bazen sıkıntıları tatmasaydık, refah bu kadar hoş karşılanmazdı.","If we had no winter, the spring would not be so pleasant; if we did not sometimes taste of adversity, prosperity would not be so welcome.",,
"İmkânları görebilen biri ol. Hayat ne kadar zor ya da karanlık görünürse görünsün, umudunu ve bakış açını geniş tut. Her zaman yeni olasılıkları fark etmeye çalış; çünkü her durumda mutlaka bir çıkış yolu vardır.","Become a possibilitarian. No matter how dark things seem to be or actually are, raise your sights and see possibilities—always see them, for they’re always there.",Norman Vincent Peale,
"Paylaşan hiç kimse, verdiği için yoksullaşmamıştır.",No one has ever become poor by giving.,Anne Frank,
"Nerede ihtiyaç sahibi bir insan varsa, orada iyilik yapma ve fark yaratma fırsatı da vardır.","Wherever there is a human in need, there is an opportunity for kindness and to make a difference.",,
"Toprağa dokunun, sevgiden bahsedin, ortak noktada buluşun.","Touch the earth, speak of love, walk on common ground.",Stephen Covey,
Hepimiz mutlu olma hedefiyle yaşıyoruz; hayatlarımız farklı ama yine de aynı.,We all live with the objective of being happy; our lives are all different and yet the same.,,
Benzerliklerimiz bizi ortak bir zeminde buluşturur; farklılıklarımız ise birbirimize hayranlık duymamızı sağlar.,Our similarities bring us to a common ground; our differences allow us to be fascinated by each other.,Tom Robbins,
"Birbirimizi anlamayı, kendimizden bir parçayı başkalarında görmeyi ve insanların aslında düşündüğümüzden çok daha fazla ortak yönü olduğunu öğrenebiliriz.",We can learn to see each other and see ourselves in each other and recognize that human beings are more alike than we are unalike.,Maya Angelou,
Hayatınızı aksiyonla doldurun. Bunun olmasını beklemeyin. Bunu gerçekleştirin. Kendi geleceğinizi yaratın. Kendi umudunuz olun.,Infuse your life with action. Don't wait for it to happen. Make it happen. Make your own future. Make your own hope.,Bradley Whitford,
"Umut görünmeyeni görür, soyut olanı hisseder ve imkansızı başarır.","Hope sees the invisible, feels the intangible, and achieves the impossible.",,
Çoğu zaman en parlak yıldızları en karanlık gökyüzünde görürüz.,It is often in the darkest skies that we see the brightest stars.,,
"İçinizdeki küçücük olasılık kıvılcımlarını, başarı alevlerine dönüştürerek kendinizin en iyi hâline ulaşın.","Make the most of yourself by fanning the tiny, inner sparks of possibility into flames of achievement.",Golda Meir,
Kim olduğunun ya da nereden geldiğinin önemi yoktur. Başarma gücü seninle başlar.,It doesn't matter who you are or where you come from. The ability to triumph begins with you.,Oprah Winfrey,
İmkansızı başarmak için düşünülmesi gereken tam da düşünülemez olandır.,"To achieve the impossible, it is precisely the unthinkable that must be thought.",,
Şükran hayatın doluluğunun kilidini açar. Sahip olduklarımızı yeterliye ve daha fazlasına dönüştürür.,"Gratitude unlocks the fullness of life. It turns what we have into enough, and more.",,
"Başkalarına hizmet etmek için çalışın ve yaşayın, dünyayı bulduğunuzdan biraz daha iyi bırakın.","Work and live to serve others, leave the world a little better than you found it.",,
"Cömertlik verilen miktardan değil, bahşedilme tarzından oluşur.","Generosity consists not the sum given, but the manner in which it is bestowed.",,
Gerekli şeylerde birlik; tartışmalı konularda özgürlük; her şeyde hayırseverlik.,"In necessary things, unity; in disputed things, liberty; in all things, charity.",,
Başkalarının mutlu olmasını istiyorsanız şefkat gösterin; Mutlu olmak istiyorsanız da şefkat gösterin.,"If you want others to be happy, practice compassion; if you want to be happy, practice compassion.",Dalai Lama XIV,
Bunu defalarca duymuş olabilirsin ama gerçek şu ki: emek her zaman karşılığını verir. İyi olmak istiyorsan sürekli pratik yapmalısın.,"I know you've heard it a thousand times before, but it's true... hard work pays off. If you want to be good, you have to practice, practice, practice.",Ray Allen,
"Şansını dene, hata yap. Bu şekilde büyürsün.","Take chances, make mistakes. That's how you grow.",,
"Hayatta hangi yollardan geçerseniz geçin, birkaçının mutlaka tozlu toprak yollar olmalarına izin verin.","Of all the paths you take in life, make sure a few of them are dirt.",John Muir,
Doğa her türlü sıkıntıya teselli verir.,Nature brings solace in all troubles.,,
"Affetmek, bir mahkumu serbest bırakmak ve mahkumun kendiniz olduğunu keşfetmektir.",To forgive is to set a prisoner free and discover that the prisoner was you.,,
"Birçok seçeneğiniz var. İntikam yerine affetmeyi, umutsuzluk yerine neşeyi seçebilirsiniz. Kayıtsızlık yerine eylemi seçebilirsiniz.","You have many choices. You can choose forgiveness over revenge, joy over despair. You can choose action over apathy.",,
"Hatalar her zaman affedilebilir, eğer kişi onları kabul etme cesaretine sahipse.","Mistakes are always forgivable, if one has the courage to admit them.",,
Karakter üçüncü ve dördüncü denemede yaptıklarınızdan oluşur.,Character consists of what you do on the third and fourth tries.,,
"Gül dostum, çünkü kahkaha karnının derinliklerinde bir ateş yakar ve tüm varlığını canlandırır.","Laugh my friend, for laughter ignites a fire within the pit of your belly and awakens your being.",John O'Donohue,
"Tüm günlerin en boşa harcanan olanı, kahkaha atılmayan gündür.",The most wasted of all days is one without laughter.,,
"Duvarlarınız neşeyle dolsun, her oda kahkahalarla dolu olsun ve her pencere büyük olasılıklara açılsın.","May your walls know joy, may every room hold laughter, and every window open to great possibility.",,
Kahkaha iki kişi arasındaki en kısa mesafedir.,Laughter is the shortest distance between two people.,,
Dikkatlice dinleyin. En derin sorularımızın yanıtları sıklıkla fısıldanır.,Listen carefully. The answers to our deepest questions are often whispered.,,
"Dinlemek sadece sessiz olmakla ilgili değil, mevcut olmakla ilgilidir.","Listening is about being present, not just about being quiet.",,
"Çoğu zaman bir dokunuşun, bir gülümsemenin, nazik bir sözün gücünü hafife alıyoruz; bunların hepsi bir hayatı değiştirme potansiyeline sahip.","Too often we underestimate the power of a touch, a smile, a kind word... all of which have the potential to turn a life around.",,
"Dinlemek sevginin başladığı yerdir: önce kendimizi, sonra da etrafımızdakileri dinlemek.",Listening is where love begins: listening to ourselves and then to our neighbors.,,
"Kendinize olan güveninizde alçakgönüllü, karakterinizde ise cesur olun.",Be humble in your confidence yet courageous in your character.,,
"Alçakgönüllülük, kendini küçümsemek değil; kendini daha az merkeze koymaktır.","Humility is not thinking less of yourself, it's thinking of yourself less.",C. S. Lewis,
"Gerçek alçakgönüllülük, iltifatları kabul ettiğimiz kadar eleştirileri de nezaketle kabul edebilmektir.",True humility is being able to accept criticisms as graciously as we accept compliments.,,
"Kibir, kimin haklı olduğu ile ilgilenir. Alçakgönüllülük ise neyin doğru olduğu ile ilgilenir.",Pride is concerned with who is right. Humility is concerned with what is right.,Ezra Taft Benson,
Alçakgönüllülük tüm erdemlerin sağlam temelidir.,Humility is the solid foundation of all virtues.,,
"Kabullenmek, pes etmek demek değildir; bir şeyin ne olduğunu anlamak ve onun içinden bir çıkış yolu olduğuna inanmak demektir.”",Acceptance doesn't mean resignation; it means understanding that something is what it is and that there's got to be a way through it.,Michael J. Fox,
"Kabul, pratikte sadece sevgidir. Sevdiğin zaman kabullenirsin, sevgin olmadığında yargılarsın.","Acceptance is simply love in practice. When you love, you accept, when you lack love, you judge.",,
"En kalıcı değişimi sağlayanın genellikle büyük sıçramalar değil, küçük adımlar olduğunu hatırlamakta fayda var.","It's worth remembering that it is often the small steps, not the giant leaps, that bring about the most lasting change.",,
Kendinize inanın ve ve hedeflerinizin peşinden gidin.,Believe in yourself and go for it.,,
"Hayallerinize inanın. Bir şeyleri başarmanın; inanç, kendine güven, vizyon, sıkı çalışma, kararlılık ve adanmışlık gerektirdiğini anlayın. Unutmayın ki: inananlar için her şey mümkündür.","Keep your dreams alive. Understand to achieve anything requires faith and belief in yourself, vision, hard work, determination, and dedication. Remember all things are possible for those who believe.",Gail Devers,
Kendinize ve olduğunuz her şeye inanın. İçinizde her türlü engelden daha büyük bir şeyin olduğunu bilin.,Believe in yourself and all that you are. Know that there is something inside you that is greater than any obstacle.,,
"Başkalarının size neyi yapamayacağınızı söylemesine izin vermeyin. Başkalarının sınırlamalarının görüşünüzü sınırlamasına izin vermeyin. Eğer kendinizden şüphe duymayı ortadan kaldırabilir ve kendinize inanırsanız, asla mümkün olmadığını düşündüğünüz şeyleri başarabilirsiniz.","Don’t let others tell you what you can’t do. Don't let the limitations of others limit your vision. If you can remove your self-doubt and believe in yourself, you can achieve what you never thought possible.",,
"Bittiği için ağlama, yaşandı diye gülümse.","Don't cry because it's over, smile because it happened.",,
Gülümseme her şeyi yoluna koyan bir eğridir.,A smile is a curve that sets everything straight.,,
Tek bir gülümseme evrenin güzelliğini inanılmaz derecede arttırır.,"Just one smile, immensely increases the beauty, of the universe.",,
"Gülümsemeyen birini görürsen, ona seninkilerden birini ver.","If you see someone without a smile, give them one of yours.",,
"Aldığımız her nefes, attığımız her adım; huzur, sevinç ve rahatlıkla dolabilir.","Every breath we take, every step we make, can be filled with peace, joy and serenity.",Thich Nhat Hanh,
"Zihnimizde huzur, uyum ve denge yarattığımızda, bunları yaşamlarımızda da bulacağız.","When we create peace and harmony and balance in our minds, we will find it in our lives.",,
Barış bir gülümsemeyle başlar.,Peace begins with a smile.,,
"Sevgiyi seçin ve barış gelecektir. Barışı seçin, sevgi gelecektir.",Choose love and peace will follow. Choose peace and love will follow.,,
"Sevgi ve kahkaha günlerinizi aydınlatsın, kalbinizi ve evinizi ısıtsın. Nerede olursanız olun iyi ve sadık dostlar sizin olsun...","May love and laughter light your days, and warm your heart and home. May good and faithful friends be yours wherever you may roam...",,
Sevdiğimiz şeylerin içinde kendimizi kaybederiz. Aynı zamanda kendimizi de en çok orada buluruz.,"We lose ourselves in the things we love. We find ourselves there, too.",Kristin Hannah,
"Evrendeki herkes kadar, siz de kendi sevginizi ve şefkatinizi hak ediyorsunuz.","You yourself, as much as anybody in the entire universe deserve your love and affection.",Buddha,
"Bakış açınızda basit bir değişiklikle, hayatınızı değiştirme olanağına sahipsiniz.",You have the capability to change your life all with a simple shift in perspective.,,
"Bilgelik, hayata bakış açındır; denge duygundur ve yaşamın çeşitli parçalarının ve ilkelerinin nasıl uygulanıp birbiriyle ilişkili olduğunu anlama biçimindir.","Wisdom is your perspective on life, your sense of balance, your understanding of how the various parts and principles apply and relate to each other.",Stephen R. Covey,
En iyi fikirler çok farklı bakış açıları buluştuğunda ortaya çıkar.,The best ideas emerge when very different perspectives meet.,,
"Sorunlarınız tarafından itilmeyin, hayalleriniz tarafından yönlendirilin.","Don't be pushed by your problems, be led by your dreams.",,
Zaman uçup gidiyor gibi görünse de hiçbir zaman bir günden daha hızlı ilerlemez. Her gün hayatınızı dolu dolu yaşamak için yeni bir fırsattır.,"Although time seems to fly by, it never travels faster than one day at a time. Each day is a new opportunity to live your life to the fullest.",,
"Her büyük hayal, bir hayalperestle başlar.",Every great dream begins with a dreamer.,,
"Güven her zaman haklı olmaktan değil, haksız olmaktan korkmamaktan gelir.","Confidence comes not from always being right, but from not fearing to be wrong.",,
"Korkumuzla her yüzleştiğimizde, bunu yaparken güç, cesaret ve güven kazanırız.","Each time we face our fear, we gain strength, courage and confidence in the doing.",,
"Mutluluk ve güven, üstünüze alabileceğiniz en güzel şeylerdir.",Happiness and confidence are the prettiest things you can wear.,,
"Bulunduğunuz yerde biraz iyilik yapın; dünyayı şaşkına çeviren şey, bir araya getirilen bu küçük iyiliklerdir.",Do your little bit of good where you are; its those little bits of good put together that overwhelm the world.,,
"Tek bir nezaket eylemi, köklerini her yöne fırlatır ve bu kökler yeşererek yeni ağaçlar oluşturur.","A single act of kindness throws out roots in all directions, and the roots spring up and make new trees.",,
Başkalarını kaldırarak yükseliriz.,We rise by lifting others.,,
"Daha şefkatli bir dünya kurmak istiyorsak, nezaketi ciddiyet, azim ve adanmışlıkla benimsemeliyiz. Hayatın her anında onu uygulamalıyız. Nezaket bu kadar önemlidir.","To achieve a kinder world, we must approach kindness with ambition and dedication. We must practice it in every moment of our lives. Kindness is that important.",Adam Grant,
Dünyayı nasıl değiştiririz? Her seferinde tek bir rastgele iyilik yaparak.,How do we change the world? One random act of kindness at a time.,,
Her zaman daha iyi bir yol vardır. O yolu bul.,There’s a way to do it better. Find it.,Thomas A. Edison,
Tutku ve yenilikle birleşen öz disiplin sizi bu dünyada çok ileriye taşıyacaktır.,Self-discipline coupled with passion and innovation will get you far in this world.,,
"Kırılganlık; yeniliğin, yaratıcılığın ve değişimin doğduğu yerdir.","Vulnerability is the birthplace of innovation, creativity and change.",Brené Brown,
"İnovasyon, geleceği hayal etmek ve boşlukları doldurmaktır.",Innovation is to imagine the future and fill in the gaps.,,
Bilgiye yapılan yatırım her zaman en iyi getiriyi sağlar.,An investment in knowledge always pays the best interest.,,
"Eğitim her şeydir; eğitim sizin gücünüzdür, eğitim yapmak istediğiniz her şey için; hayattaki sizi ulaştıracak yolunuzdur.","Education is everything—education is your power, education is your way in life for whatever you want to do.",,
"Güzelliğin özü, farklılıklar içinde kurulan birliktir.",The essence of the beautiful is unity in variety.,Felix Mendelssohn,
"Birlik olursak ayakta kalırız, ayrılırsak yıkılırız.","United we stand, divided we fall.",Aesop,
"Birlik, herkesin aynı düşünmesi değil; ortak bir hedef etrafında birleşmesidir.",Unity does not mean sameness. It means oneness of purpose.,Jiddu Krishnamurti,
Birliğin ışığı o kadar güçlüdür ki tüm dünyayı aydınlatabilir.,So powerful is the light of unity that it can illuminate the whole earth.,Baha’u’llah,
"Keşif, herkesin gördüğünü görmek ama kimsenin düşünmediğini düşünmektir.","Discovery is seeing what everybody else has seen, and thinking what nobody else has thought.",,
Hatalar keşif portallarıdır.,Mistakes are the portals of discovery.,,
"Asıl keşif yolculuğu, yeni yerler bulmakta değil; dünyaya yeni bir bakışla bakabilmektedir.","The real voyage of discovery lies not in seeking new lands, but in seeing with new eyes.",Marcel Proust,
Eğer onları ararsan her zaman öğrenecek yeni şeyler vardır.,There are always new things to find out if you go looking for them.,,
"Tüm zamanların en büyük keşfi, bir insanın sadece tutumunu değiştirerek geleceğini değiştirebileceğini fark etmesidir.",The greatest discovery of all time is that a person can change their future by merely changing their attitude.,Oprah Winfrey,
"Sadece başkaları için yaşanan hayat, gerçekten yaşamaya değer bir hayattır.",Only a life lived for others is worth living.,Albert Einstein,
"Zihnini kontrol edebilirsin, dış olayları değil. Bunu anladığında güç sende olur.","You have power over your mind—not outside events. Realize this, and you will find strength.",Marcus Aurelius,
"Dostluk, sevgi, sağlık, enerji, heyecan ve mutluluk; hayatı anlamlı ve keşfedilmeye değer kılan şeylerdir.","Friendship, love, health, energy, enthusiasm, and joy are the things that make life worth living and exploring.",,
Güçlendikçe dünyadaki her şey kolaylaşır. Kendini değiştir ve her şeyi değiştirmiş olursun.,When you get stronger everything in the world gets easier. Change yourself and you've changed everything.,,
Huzur her zaman güzeldir.,Peace is always beautiful.,,
"Kalbimizde ve zihnimizde huzur olduğunda, hayatımıza da huzuru çekeriz.","When we have peace in our hearts and minds, we draw peace into our lives.",,
Hazır yolu takip etme; yolun olmadığı yere git ve kendi izini bırak.,Do not follow where the path may lead. Go instead where there is no path and leave a trail.,Ralph Waldo Emerson,
İyi arkadaşlar yıldızlar gibidir. Onları her zaman göremezsin ama her zaman orada olduklarını bilirsin.,"Good friends are like stars. You don't always see them, but you know they're always there.",,
"Arkadaşlar, yaralı bir kalp için ilaç; umut dolu bir ruh için vitamindir.",Friends are medicine for a wounded heart and vitamins for a hopeful soul.,,
Sizi destekleyecek doğru insanlar yanınızda olduğunda her şey mümkündür.,Anything is possible when you have the right people there to support you.,,
"Meraklı olun, yargılayıcı değil.","Be curious, not judgmental.",,
"Her şeyden önemlisi, etrafındaki dünyaya parlayan gözlerle bak; çünkü en büyük sırlar her zaman en beklenmedik yerlerde gizlidir.","Above all, watch with glittering eyes the whole world around you, because the greatest secrets are always hidden in the most unlikely places.",Roald Dahl,
"Merak, bilgiden daha önemlidir.",Curiosity is more important than knowledge.,Albert Einstein,
Dünyanın hayal kuranlara ve gerçekleştirenlere ihtiyacı var. Ama her şeyden önce dünyanın bunu başarabilen hayalperestlere ihtiyacı var.,"The world needs dreamers and the world needs doers. But above all, the world needs dreamers who do.",,
"Cesaretlendirme, ruhun oksijenidir.",Encouragement is oxygen to the soul.,,
"Belirsizliği kucaklayın. Hayatımızdaki en güzel bölümlerden bazılarına, ancak çok sonra bir başlık verilebilir.",Embrace uncertainty. Some of the most beautiful chapters in our lives won’t have a title until much later.,,
"Yeni bir deneyimle genişleyen bir zihin, asla eski boyutlarına geri dönemez.",A mind that is stretched by a new experience can never go back to its old dimensions.,Oliver Wendell Holmes Jr.,
"Ve en büyük risk şudur: Hayatını istediğin şeyi yapmadan geçirip, bunu ileride yapacak özgürlüğü satın alabileceğine inanmak.",And then there is the most dangerous risk of all...the risk of spending your life not doing what you want on the bet you can buy yourself the freedom to do it later.,Randy Komisar,
Hiç kimse gerçekte ne kadar yüksekliklere uçabileceğini tahmin edemez. Kanatlarını açana kadar bunu sen bile bilemezsin.,No one can really predict to what heights you might soar. Even you will not know until you spread your wings.,,
Engele gülümse çünkü o bir köprüdür.,"Smile at the obstacle, for it is a bridge.",Robert G. Ingersoll,
Basit bir gülümsemenin yapabileceği tüm iyiliği asla bilemeyeceğiz.,We shall never know all the good that a simple smile can do.,Dale Carnegie,
"Sıcak bir gülümseme, nezaketin evrensel dilidir.",A warm smile is the universal language of kindness.,William Arthur Ward,
"Nazik bir söz, iyi niyetli bir bakış ve içten bir gülümseme mucizeler yaratabilir.","A gentle word, a kind look, a good-natured smile can work wonders and accomplish miracles.",William Hazlitt,
"Zor olmasaydı herkes yapardı. Onu değerli yapan şey, zorluğudur.","If it wasn't hard, everyone would do it. It's the hard that makes it great.",Jimmy Dugan,
"İnsanın emeğinin en büyük ödülü, onun karşılığında aldığı şey değil; o emek sayesinde dönüştüğü kişidir.","The highest reward for man's toil is not what he gets for it, but what he becomes by it.",John Ruskin,
"Bir hayal sihir yoluyla gerçeğe dönüşmez; ter, kararlılık ve sıkı çalışma gerektirir.","A dream doesn't become reality through magic; it takes sweat, determination, and hard work.",,
"Hayatın sunduğu en büyük ödül, gerçekten yapılmaya değer bir işte çok çalışabilme fırsatıdır.",Far and away the best prize that life offers is the chance to work hard at work worth doing.,Theodore Roosevelt,
Ruhunuzu ateşe veren hayallerin peşinden korkusuzca gidin.,Be fearless in the pursuit of what sets your soul on fire.,Jennifer Lee,
"Bu senin dünyadaki yerin; bu senin hayatın. Devam et ve onunla elinden gelenin en iyisini yap, onu yaşamak istediğin hayata dönüştür.","It's your place in the world; it's your life. Go on and do all you can with it, and make it the life you want to live.",Mae Jemison,
"Bir insanın hayatına memnuniyetle dönüp bakabilmesi, iki kez yaşamış olmak gibidir.","To be able to look back upon one's life in satisfaction, is to live twice.",Marcus Valerius Martial,
"Mutluluk, başka bir yerde değil, burada bu anda; başka bir zamanda değil, şuanda...","Happiness, not in another place, but this place... not for another hour, but for this hour.",Walt Whitman,
"Sevinç hayata nasıl tepki vereceğinize dair bir karardır, gerçekten cesur bir karardır.","Joy is a decision, a really brave one, about how you are going to respond to life.",W. Paul Young,
"Yapmayı seçtiğin her şeyde neşe bul. Her işte, her ilişkide, her evde… onu sevmek ya da değiştirmek senin sorumluluğundur.","Find joy in everything you choose to do. Every job, relationship, home... it's your responsibility to love it, or change it.",Chuck Palahniuk,
"Kalbinde neşeyi taşırsan, her anı iyileştirebilirsin.","If you carry joy in your heart, you can heal any moment.",Cleo Wade,
"Neşe, zihinler ve kalpler açık olduğunda çiçek açar.",Joy blooms where minds and hearts are open.,,
"Bilgi ile bilgelik arasındaki farkı biliyor musun? Bilgi, domatesin bir meyve olduğunu bilmektir. Bilgelik ise domatesi meyve salatasına koymayacağını bilmektir.",You know the difference between knowledge and wisdom? Knowledge is knowing tomato is a fruit. Wisdom is knowing you don't put tomato in a fruit salad.,Miles Kington,
Güzel sözler kalbe güzel duygular getirir. Her zaman nezaketle konuşun.,"Good words bring good feelings to the heart. Speak with kindness, always.",,
"Nezaket, birine onun yapamadığı için değil, sen yapabildiğin için yardım etmektir.","That’s what kindness is. It’s not doing something for someone else because they can’t, but because you can.",,
"Hiçbir karşılık beklemeden, bir gün bir başkasının da senin için aynısını yapabileceğini bilmenin güveniyle rastgele bir iyilik yap.","Carry out a random act of kindness, with no expectation of reward, safe in the knowledge that one day someone might do the same for you.",Princess Diana,
"Gücümü vizyonumun hizmetinde kullanmak üzere güçlü olmaya cesaret ettiğimde, korkup korkmadığımın önemi giderek azalıyor.",When I dare to be powerful to use my strength in the service of my vision then it becomes less and less important whether I am afraid.,,
Sevginin gücü güce olan sevgiyi yendiğinde dünya barışı tanıyacak.,When the power of love overcomes the love of power the world will know peace.,,
"Barış günlük bir sorundur, çok sayıda olayın ve yargının ürünüdür. Barış bir 'olmak' değil, bir 'oluş'tur.","Peace is a day-to-day problem, the product of a multitude of events and judgments. Peace is not an ‘is,’ it is a ‘becoming.’.",,
"İç huzur istediğimizi elde etmekten değil, kim olduğumuzu hatırlamaktan gelir.","Inner peace doesn’t come from getting what we want, but from remembering who we are.",,
Barış başlı başına bir ödüldür.,Peace is its own reward.,,
Barıştan bahsetmek yeterli değil. Buna inanmak gerekir. Ve buna inanmak yeterli değil. Bunun üzerinde çalışmak gerekir.,It isn’t enough to talk about peace. One must believe in it. And it isn’t enough to believe in it. One must work at it.,,
"İyimserlik daha iyi bir gelecek yaratma stratejisidir. Çünkü geleceğin daha iyi olabileceğine inanmadığınız sürece, adım atmanız ve bunu yapmanın sorumluluğunu üstlenmeniz pek mümkün değildir.","Optimism is a strategy for making a better future. Because unless you believe that the future can be better, you are unlikely to step up and take responsibility for making it so.",,
"Ve ""Ya düşersem?"" diye soruyorsunuz. Ah ama sevgilim, ya uçarsan?”.","And you ask “what if I fall?"" Oh but my darling, what if you fly?”.",,
İyimserlik hayatın tüm sorunlarını çözmüyor; sadece bazen başa çıkmakla çöküş arasındaki farkı yaratabilir.,It’s not that optimism solves all of life’s problems; it is just that it can sometimes make the difference between coping and collapsing.,,
Seni giymekten gurur duy.,Be proud to wear you.,,
Güç ve güveni her zaman kendi dışımda arıyordum ama bu içimden geliyor. Her zaman oradadır.,I was always looking outside myself for strength and confidence but it comes from within. It is there all the time.,,
"Kendimizde yaptığımız her küçük olumlu değişiklik, geleceğe olan güvenimizin karşılığını bize verir.",Every small positive change we make in ourselves repays us in confidence in the future.,,
Sevgi hakim değildir; yetiştiriyor.,Love does not dominate; it cultivates.,,
Eylem halindeki sevgi hizmettir.,Love in action is service.,,
Bir arkadaş bir yabancının yüzünün arkasında bekliyor olabilir.,A friend may be waiting behind a stranger’s face.,,
"Nerede olursak olalım, dünyamızı yaratan dostlarımızdır.","Wherever we are, it is our friends that make our world.",,
Size meydan okuyan ve ilham veren bir grup insan bulun; onlarla çok zaman geçirin ve bu hayatınızı değiştirecektir.,"Find a group of people who challenge and inspire you; spend a lot of time with them, and it will change your life.",,
Yeni tanışan eski arkadaşlar için henüz bir kelime yok.,There’s not a word yet for old friends who’ve just met.,,
"İyi gemiler ve ahşap gemiler vardır, denizde yol alan gemiler ama en iyi gemiler dostluktur, öyle olsunlar!","There are good ships and wood ships, ships that sail the sea, but the best ships are friendships, may they always be!",,
Azmin anahtarı direnişin kapattığı tüm kapıları açar.,The key of persistence opens all doors closed by resistance.,,
Sürekli bir ayağınızı diğerinin önüne koyuyorsunuz ve bir gün arkanıza bakıyorsunuz ve bir dağa tırmanmışsınız.,"You keep putting one foot in front of the other, and then one day you look back and you've climbed a mountain.",,
"Bir hedefte ısrar etmek için, hayalinize, ona ulaşmak için yapacağınız fedakarlıklardan daha fazla değer vermelisiniz.","To persist with a goal, you must treasure the dream more than the costs of sacrifice to attain it.",,
Başarısızlık ısrarla baş edemez.,Failure cannot cope with persistence.,,
"Hiç kimse geriye dönüp yepyeni bir başlangıç ​​yapamasa da, herkes şu andan başlayıp yepyeni bir son yapabilir.","Though no one can go back and make a brand new start, anyone can start from now and make a brand new ending.",,
Oldukça gelişmiş bir değerler sistemi pusulaya benzer. Kaybolduğunuzda sizi doğru yöne yönlendirecek bir rehber görevi görür.,A highly developed values system is like a compass. It serves as a guide to point you in the right direction when you are lost.,,
Olduğumuzdan daha iyi olmaya çabaladığımızda etrafımızdaki her şey de daha iyi hale gelir.,"When we strive to become better than we are, everything around us becomes better, too.",,
"Seni yıkan yük değil, onu taşıma şeklindir.","It's not the load that breaks you down, it's the way you carry it.",,
"Acı verici bir deneyimin üstesinden gelmek, demir parmaklıkları aşmaya benzer. İlerlemek için bir noktada vazgeçmeniz gerekir.",Getting over a painful experience is much like crossing monkey bars. You have to let go at some point in order to move forward.,,
Yaratıcılık kendinize hata yapmanıza izin vermektir. Sanat hatalardan hangisine tutacağını bilmektir.,Creativity is allowing yourself to make mistakes. Art is knowing which ones to keep.,,
Yaratıcılık kesinliklerden vazgeçme cesaretini gerektirir.,Creativity requires the courage to let go of certainties.,,
Yaratıcı insanlar olayları oldukları gibi görmezler; onları olabilecekleri şekilde görüyorlar.,Creative people do not see things for what they are; they see them for what they can be.,,
Güneşin doğuşunu ya da umudu yenebilecek ne bir gece ne de bir sorun vardı.,There was never a night or a problem that could defeat sunrise or hope.,,
"Umut bir zihin durumudur, dünyaya ait değil. Bu derin ve güçlü anlamda umut, işlerin iyi gitmesinden duyulan mutlulukla aynı şey değildir… daha ziyade bir şey iyi olduğu için o şey için çalışma yeteneğidir.","Hope is a state of mind, not of the world. Hope, in this deep and powerful sense, is not the same as joy that things are going well…, but rather an ability to work for something because it is good.",,
"Nasıl ki insan hayalsiz yaşayamazsa, umutsuz da yaşayamaz. Rüyalar geçmişi yansıtırsa, umut da geleceği çağırır.","Just as one cannot live without dreams, one cannot live without hope. If dreams reflect the past, hope summons the future.",,
"Umut, gelecek yılın eşiğinden gülümsüyor, 'daha mutlu olacak' diye fısıldıyor...","Hope smiles from the threshold of the year to come, whispering 'it will be happier'...",,
Evimizin ne kadar büyük olduğu önemli değildi; içinde sevginin olması önemliydi.,It didn’t matter how big our house was; it mattered that there was love in it.,,
"Gidecek bir yere sahip olmak evdir, sevecek birine sahip olmak ailedir, ikisine de sahip olmak bir nimettir.","Having somewhere to go is home, having someone to love is family, having both is blessing.",,
"Sizin için dileğim şu: gönül rahatlığı, yıl boyunca refah, çoğalan mutluluk, size ve sizin için sağlık, her köşede eğlence, hayallerinizi kovalayacak enerji, tatillerinizi dolduracak neşe!","This is my wish for you: peace of mind, prosperity through the year, happiness that multiplies, health for you and yours, fun around every corner, energy to chase your dreams, joy to fill your holidays!",,
Gülmenin neşesi hayatın tüm yollarına gün ışığını saçar.,Laughing cheerfulness throws the light of day on all the paths of life.,,
Her fırtınadan sonra güneş gülümser; Her sorunun bir çözümü vardır ve ruhun vazgeçilmez görevi neşeli olmaktır.,"After every storm the sun will smile; for every problem there is a solution, and the soul's indefeasible duty is to be of good cheer.",,
"Başkalarını neşelendirmek için gösterdiğimiz özverili çaba, kendimiz için daha mutlu bir yaşamın başlangıcı olacaktır.",The unselfish effort to bring cheer to others will be the beginning of a happier life for ourselves.,,
"Vermenin diğer faydalarının yanı sıra, verenin ruhunu da özgürleştirdiğini buldum.","I have found that among its other benefits, giving liberates the soul of the giver.",,
"Çok varsa malından ver; Azın varsa, yüreğinden ver.","If you have much, give of your wealth; if you have little, give of your heart.",,
"Unutmayın ki en mutlu insanlar daha fazlasını alanlar değil, daha fazlasını verenlerdir.","Remember that the happiest people are not those getting more, but those giving more.",,
"Huzur, zihninizi, yaşamı olması gerektiğini düşündüğünüz gibi değil, olduğu gibi işlemek üzere yeniden eğitmenin sonucudur.","Peace is the result of retraining your mind to process life as it is, rather than as you think it should be.",,
"Sonuçta tek bir ahlaki görevimiz var: İçimizde geniş barış alanlarını yeniden yaratmak... ve bunu başkalarına da yansıtmak. Ve içimizde ne kadar huzur varsa, sıkıntılı dünyamızda da o kadar huzur olacaktır.","Ultimately, we have just one moral duty: to reclaim large areas of peace in ourselves…,and to reflect it towards others. And the more peace there is in us, the more peace there will be in our troubled world.",,
"Sesini nezaket için, kulaklarını şefkat için, ellerini hayırseverlik için, aklını hakikat için ve kalbini sevgi için kullan.","Use your voice for kindness, your ears for compassion, your hands for charity, your mind for truth, and your heart for love.",,
"Korku düşündüğümüz şeylerden doğar; zihinlerimizde yaşıyor. Şefkat, olduğumuz şeylerden doğar ve kalplerimizde yaşar.","Fear grows out of the things we think; it lives in our minds. Compassion grows out of the things we are, and lives in our hearts.",,
"İnsani şefkatimiz bizi birbirimize bağlar; acıma ya da küçümsemeyle değil, ortak acılarımızı gelecek için umuda dönüştürmeyi öğrenmiş insanlar olarak.","Our human compassion binds us the one to the other - not in pity or patronizingly, but as human beings who have learnt how to turn our common suffering into hope for the future.",,
"Gerçek şefkat, yalnızca bir başkasının acısını hissetmek değil, aynı zamanda onu hafifletmeye yardımcı olmak için harekete geçmek anlamına da gelir.",True compassion means not only feeling another's pain but also being moved to help relieve it.,,
İki tür minnettarlık vardır: Aldığımız şey için aniden hissettiğimiz minnettarlık; verdiklerimiz için hissettiğimiz daha büyük tür.,Two kinds of gratitude: the sudden kind we feel for what we take; the larger kind we feel for what we give.,,
"Şükür, sıradan günleri şükranlara, rutin işleri neşeye, sıradan fırsatları nimetlere dönüştürebilir.","Gratitude can transform common days into thanksgivings, turn routine jobs into joy, and change ordinary opportunities into blessings.",,
"Hayatın komik bir yanı var; şükran duyduğunuz şeyleri not etmeye başladığınızda, eksik olduğunuz şeyleri gözden kaçırmaya başlıyorsunuz.","It's a funny thing about life, once you begin to take note of the things you are grateful for, you begin to lose sight of the things that you lack.",,
Bizi mutlu eden insanlara minnettar olalım; onlar ruhlarımızın çiçek açmasını sağlayan büyüleyici bahçıvanlardır.,Let us be grateful to the people who make us happy; they are the charming gardeners who make our souls blossom.,,
Alçakgönüllülük güçlü yönlerinizi inkar etmek değildir; zayıf yönleriniz konusunda dürüst olmaktır.,Humility isn't denying your strengths; it's being honest about your weaknesses.,,
"Tevazu, gururunuzdan vazgeçip yine de itibarınızı koruma yeteneğidir.",Humility is the ability to give up your pride and still retain your dignity.,,
"Tutkunuz, yaşamaktan mümkün olduğu kadar çok hayat elde etmek, olabildiğince çok zevk, çok ilgi, çok deneyim, çok anlayış elde etmek olmalıdır. Sadece genel olarak 'başarı' olarak adlandırılan şey değil.","Your ambition should be to get as much life out of living as you possibly can, as much enjoyment, as much interest, as much experience, as much understanding. Not simply be what is generally called a ‘success.’.",,
"Hırs, bir amacı olan coşkudur.",Ambition is enthusiasm with a purpose.,,
Hırsınız korkunuzdan büyük olduğunda hayatınız hayallerinizden daha büyük olacaktır.,"When your ambition is greater than your fear, your life will get bigger than your dream.",,
"En güçlü güven, en küçük eylemlerle, küçük sözlerin tutulmasıyla oluşturulur.","The strongest trust is built by the smallest actions, the keeping of the little promises.",,
Sadakatini bir günde kazanamazsınız. Her gün sadakat kazanırsınız.,You don’t earn loyalty in a day. You earn loyalty day-by-day.,,
"Sadakat satın alamazsınız; kalplerin, zihinlerin ve ruhların bağlılığını satın alamazsınız. Bunları kazanmanız gerekiyor.","You cannot buy loyalty; you cannot buy the devotion of hearts, minds, and souls. You have to earn these things.",,
"Cesaret, en başarılı insanları diğerlerinden ayıran 'ekstra bir şeydir'. Hayallerimiz gerçeğe dönüşene kadar onlara bağlı kalmak için yönlendirmemiz gereken tutku, azim ve dayanıklılıktır.","Grit is that ‘extra something’ that separates the most successful people from the rest. It’s the passion, perseverance, and stamina that we must channel in order to stick with our dreams until they become a reality.",,
Cesaret karakterin tohumudur.,Grit is the grain of character.,,
"Şampiyonlarımızı ve idollerimizi bizden farklı doğmuş süper kahramanlar olarak düşünmeyi seviyoruz. Onları, kendilerini olağanüstü kılan nispeten sıradan insanlar olarak düşünmekten hoşlanmıyoruz.",We like to think of our champions and idols as superheroes who were born different from us. We don’t like to think of them as relatively ordinary people who made themselves extraordinary.,,
"Patatesi yumuşatan kaynar su, yumurtayı da sertleştirir. Önemli olan koşullarla değil, nasıl yaratıldığınla ilgili.","The same boiling water that softens the potato hardens the egg. It's about what you're made of, not the circumstances.",,
Kumar oynamayı sevmiyorum ama üzerine bahse girebileceğim bir şey varsa o da kendimdir.,"I don’t like to gamble, but if there’s one thing I’m willing to bet on, it’s myself.",,
Kendinizle sevdiğiniz biriyle konuştuğunuz gibi konuşun.,Talk to yourself like you would to someone you love.,,
Sonsuz potansiyelinize inanın. Tek sınırlamanız kendinize koyduğunuz sınırlamalardır.,Believe in your infinite potential. Your only limitations are those you set upon yourself.,,
Bazen mucizeler sadece iyi kalpli iyi insanlardır.,Sometimes miracles are just good people with kind hearts.,,
Hiçbir iyilik çok küçük değildir. Nezaket armağanı küçük bir dalgalanma olarak başlayabilir ve zamanla birçok kişinin hayatını etkileyen bir gelgit dalgasına dönüşebilir.,No act of kindness is too small. The gift of kindness may start as a small ripple that over time can turn into a tidal wave affecting the lives of many.,,
"Eğitim kovayı doldurmak değil, ateş yakmaktır.","Education is not the filling of a pail, but the lighting of a fire.",,
Eğitim sosyal bir süreçtir. Eğitim büyümedir. Eğitim hayata hazırlık değildir; eğitim hayatın kendisidir.,Education is a social process. Education is growth. Education is not a preparation for life; education is life itself.,,
"Eğitim geleceğe pasaportumuzdur, çünkü yarın, ona bugünden hazırlananlarındır.","Education is our passport to the future, for tomorrow belongs to the people who prepare for it today.",,
Doğadaki her şeyde muhteşem bir şeyler vardır.,In all things of nature there is something of the marvelous.,,
"Dünyanın güzelliğini düşünenler, hayat boyu dayanacak güç rezervlerini bulurlar.",Those who contemplate the beauty of the earth find reserves of strength that will endure as long as life lasts.,,
"Doğanın tamamında güzellik bulanlar, kendilerini yaşamın sırlarıyla bir arada bulacaklardır.",Those who find beauty in all of nature will find themselves at one with the secrets of life itself.,,
Başkalarına 'evet' derken kendinize 'hayır' demediğinizden emin olun.,"When you say 'yes' to others, make sure you aren't saying 'no' to yourself.",,
"Dürüstlük, söylediğimiz, yaptığımız ve yaptığımızı söylediğimiz şeydir.","Integrity is what we say, what we do, and what we say we do.",,
Hayır deme cesaretine sahip olun. Gerçekle yüzleşme cesaretine sahip olun. Doğru olanı yapın çünkü doğru. Bunlar hayatınızı dürüstlükle yaşamanın sihirli anahtarlarıdır.,Have the courage to say no. Have the courage to face the truth. Do the right thing because it is right. These are the magic keys to living your life with integrity.,,
"Değerlerinize test edilirken bağlı kalmazsanız, bunlar değer değil, hobidir.","If you don't stick to your values when they are being tested, they're not values: they're hobbies.",,
Empati alışverişi birçok insanın iyileşmenin nasıl bir his olduğunu görmesi için bir giriş noktası sağlar.,An exchange of empathy provides an entry point for a lot of people to see what healing feels like.,,
"Dinlediğimizi sanıyoruz ama çok nadiren gerçek anlayışla, gerçek empatiyle dinliyoruz. Ancak bu çok özel türden dinlemek, bildiğim kadarıyla değişime yol açan en güçlü güçlerden biridir.","We think we listen, but very rarely do we listen with real understanding, true empathy. Yet listening, of this very special kind, is one of the most potent forces for change that I know.",,
"Empati, kendi içinizde başka bir kişinin yankılarını bulmakla ilgilidir.",Empathy is about finding echoes of another person in yourself.,,
"Kişisel bakım, zevke düşkünlük değil, kendini korumaktır.","Self-care is not self-indulgence, it is self-preservation.",,
"Evrende geliştirebileceğinizden emin olabileceğiniz tek bir köşe var, o da kendi benliğiniz.","There’s only one corner of the universe you can be certain of improving, and that’s your own self.",,
Dinlenme ve kişisel bakım çok önemlidir. Ruhunuzu yenilemek için zaman ayırdığınızda taşanlardan hizmet etmenizi sağlar. Boş bir kaptan servis yapamazsınız.,"Rest and self-care are so important. When you take time to replenish your spirit, it allows you to serve from the overflow. You cannot serve from an empty vessel.",,
Akıl. Vücut. Ruh. Bunlar kişisel bakımın tamamen ilgili olduğu üç şeydir.,Mind. Body. Soul. These are the three things self-care is all about.,,
"İşbirliği, herkes oraya ulaşmadıkça kimsenin oraya varamayacağına dair tam bir inançtır.",Cooperation is the thorough conviction that nobody can get there unless everybody gets there.,,
Doğru insanlar bir araya geldiğinde sorunlar fırsata dönüşebilir.,Problems can become opportunities when the right people come together.,,
Başkalarını arayışımıza dahil etmenin değerini öğrendiğimizde potansiyelimize ulaşmamız daha kolay olur.,It is easier to reach our potential when we learn the value of including others in our quest.,,
"O halde biri tarafından tamamen görülmek ve her halükarda sevilmek, mucizevi boyutlara varabilecek bir insani tekliftir.","To be fully seen by somebody, then, and be loved anyhow—this is a human offering that can border on miraculous.",,
Koşulsuz sevecek kadar büyük bir kalbe ve her birimizi benzersiz kılan farklılıkları kucaklayacak kadar geniş bir zihne sahip olun.,"Have a big enough heart to love unconditionally, and a broad enough mind to embrace the differences that make each of us unique.",,
İnsanın kendi kalbinin mutluluğu tek başına ruhu tatmin edemez; Kişi kendi mutluluğu için gerektiği kadar başkalarının mutluluğunu da dahil etmeye çalışmalıdır.,"The happiness of one's own heart alone cannot satisfy the soul; one must try to include, as necessary to one's own happiness, the happiness of others.",,
"Hayatta korkulacak hiçbir şey yok. Sadece anlaşılması gerekiyor. Şimdi daha fazlasını anlamanın zamanıdır ki, daha az korkalım.","Nothing in life is to be feared. It is only to be understood. Now is the time to understand more, so that we may fear less.",,
Kalbinizin ve sezgilerinizin peşinden gitme cesaretine sahip olun. Bir şekilde gerçekte ne olmak istediğini zaten biliyorlar.,Have the courage to follow your heart and intuition. They somehow already know what you truly want to become.,,
"Cesaret korkmayacağınız anlamına gelmez. Cesaret, korkunun sizi durdurmasına izin vermemek anlamına gelir.",Courage doesn’t mean you don’t get afraid. Courage means you don’t let fear stop you.,,
Cesaret kelimesi en eski biçimlerinden birinde 'Herkesin yüreğine söyleyerek aklından geçenleri söylemek' anlamına geliyordu.,"In one of its earliest forms, the word courage meant ‘To speak one’s mind by telling all one’s heart.",,
"Kimisi bunun olmasını ister, kimisi olmasını diler, kimisi de gerçekleştirir.","Some people want it to happen, some wish it would happen, others make it happen.",,
Gitmeye değer hiçbir yerin kısayolu yoktur.,There are no shortcuts to any place worth going.,,
Tek başarısızlık bırakmaktır. Geriye kalan her şey sadece bilgi toplamaktır.,The only failure is quitting. Everything else is just gathering information.,,
"Herhangi bir konuda başarılı olmanın tek yolu vardır, o da her şeyi vermektir.","There's only one way to succeed in anything, and that is to give it everything.",,
"Dere ile kaya arasındaki çatışmada, dere her zaman kazanır; gücüyle değil, azimle.","In the confrontation between the stream and the rock, the stream always wins- not through strength but by perseverance.",,
İyi bir kahkaha pek çok acıyı iyileştirir.,A good laugh heals a lot of hurts.,,
Gülmek ruhu aydınlatır.,Laughter lightens the soul.,,
"Kahkaha rahatlamamı sağlıyor. Derin bir nefes alıp, nefesi verip 'Bu da geçecek' demekle eşdeğerdir.","Laughter lets me relax. It’s the equivalent of taking a deep breath, letting it out and saying, ‘This, too, will pass.’.",,
"Bir gülmenin neler yapabileceğini gördüm. Neredeyse dayanılmaz gözyaşlarını katlanılabilir, hatta umut verici bir şeye dönüştürebilir.","I have seen what a laugh can do. It can transform almost unbearable tears into something bearable, even hopeful.",,
Gülmek umudun kanıtıdır.,Laughter is proof of hope.,,
Şimdi sahip olmadığın şeyleri düşünmenin zamanı değil. Mevcut olanla neler yapabileceğinizi düşünün.,Now is no time to think of what you do not have. Think of what you can do with what there is.,,
"Zihin bir çiçeğe benzer. Takdir, teşvik ve sevginin ışıkları olmadan çiçek açmaz.","The mind is like a flower. It does not bloom without the lights of appreciation, encouragement, and love.",,
"Hayattaki küçük şeylerin tadını çıkarın, çünkü bir gün geriye baktığınızda bunların büyük şeyler olduğunu fark edebilirsiniz.","Enjoy the little things in life, for one day you may look back and realize they were the big things.",,
Ancak kalplerimizin hazinelerimizin bilincinde olduğu anlarda hayatta olduğumuz söylenebilir.,We can only be said to be alive in those moments when our hearts are conscious of our treasures.,,
Gurur duyana kadar durma.,Don't stop until you're proud.,,
"İyi, daha iyi, en iyi. Asla dinlenmesine izin vermeyin. Ta ki sizin iyiniz daha iyi olana ve sizin daha iyi olanınız en iyi olana kadar.","Good, better, best. Never let it rest. Until your good is better and your better is best.",,
"Hayat hikayenizin nasıl gelişeceğini belirleyen, sıkıntının kendisi değil, zorluklara verdiğiniz tepkidir.","It’s your reaction to adversity, not adversity itself that determines how your life’s story will develop.",,
"Bazen devam etmek, sadece devam etmek insanüstü bir başarıdır.","Sometimes, carrying on, just carrying on, is the superhuman achievement.",,
"Ya bir yolunu bulacağız, ya da yapacağız.","We will either find a way, or make one.",,
"Kalıcılık ve dayanıklılık, yalnızca zor sorunlarla başa çıkma şansının verilmiş olmasından gelir.",Persistence and resilience only come from having been given the chance to work though difficult problems.,,
"Çok çalışmadan başarıya ulaşmak, ekmediğiniz yerden hasat yapmaya çalışmak gibidir.",Striving for success without hard work is like trying to harvest where you haven't planted.,,
"Çok çalışın ve nazik olun, harika şeyler olacak.",Work hard and be kind and amazing things will happen.,,
Kendi sıkı çalışmanızın meyvesi en tatlısıdır.,The fruit of your own hard work is the sweetest.,,
"Eğer hayaliniz büyük bir hayalse ve hayatınızın söylediğiniz gibi yüksek düzeyde çalışmasını istiyorsanız, sizi oraya götürecek işi yapmanın başka yolu yoktur.","If your dream is a big dream, and if you want your life to work on the high level you say you do, there’s no way around doing the work it takes to get you there.",,
Çünkü Sürü'nün gücü Kurt'tur ve Kurt'un gücü de Sürü'dür.,"For the strength of the Pack is the Wolf, and the strength of the Wolf is the Pack.",,
"Kuşkusuz birlik arzulanacak, çabalanacak bir şeydir ama sadece beyanla istenemez.","No doubt, unity is something to be desired, to be striven for, but it cannot be willed by mere declarations.",,
Biz birbirimizin hasadıyız; biz birbirimizin işiyiz; biz birbirimizin büyüklüğü ve bağıyız.,We are each other’s harvest; we are each other’s business; we are each other’s magnitude and bond.,,
"Seni zorlamayan şey, seni değiştirmez.","If it doesn’t challenge you, it doesn’t change you.",,
"Fitness başkasından daha iyi olmakla ilgili değildir. Bu, eskisinden daha iyi olmakla ilgilidir.",Fitness is not about being better than someone else. It’s about being better than you used to be.,,
Enerji ve kararlılık her şeyin üstesinden gelir.,Energy & persistence conquer all things.,,
"Antrenmanın amacı gevşekliği sıkılaştırmak, bedeni güçlendirmek ve ruhu cilalamaktır.","The purpose of training is to tighten up the slack, toughen the body, and polish the spirit.",,
"Akıl hocam 'Sen git şunu yap' değil, 'Hadi gidelim' dedi. Birisinin 'Hadi yapalım!' demesi ne kadar güçlü.","My mentor said, ‘Let’s go do it,’ not ‘You go do it.’ How powerful when someone says, ‘Let’s!’.",,
Yorgunluğun panzehiri dinlenmek değildir. Bu doğadır.,The antidote to exhaustion isn’t rest. It’s nature.,,
"Rahatlamak, iyileşmek ve duyularımı düzene sokmak için doğaya gidiyorum.","I go to nature to be soothed and healed, and to have my senses put in order.",,
"Nereden olursanız olun, hayalleriniz geçerlidir.","No matter where you’re from, your dreams are valid.",,
"Hayallerinin peşinden git, onlar yolu biliyor.","Follow your dreams, they know the way.",,
"Dünyanın neye ihtiyacı olduğunu sormayın. Seni neyin canlandırdığını sor ve git onu yap. Çünkü dünyanın ihtiyacı olan şey, canlanan insanlardır.","Don’t ask what the world needs. Ask what makes you come alive, and go do it. Because what the world needs is people who have come alive.",,
"Harika Yerlere gidiyorsunuz! Bugün senin günün! Dağın bekliyor, O halde... yolunuza çıkın!","You're off to Great Places! Today is your day! Your mountain is waiting, So... get on your way!",,
Hayallerinizin yönünde güvenle ilerleyin! Hayal ettiğiniz hayatı yaşayın.,Go confidently in the direction of your dreams! Live the life you've imagined.,,
İyi mizah zihnin güneş ışığıdır.,Good humor is the sunshine of the mind.,,
"Olabildiğince gülün, daima gülün. Bu insanın kendisi ve diğer insanlar için yapabileceği en tatlı şeydir.","Laugh as much as possible, always laugh. It's the sweetest thing one can do for oneself & one's fellow human beings.",,
Bir durumu değiştiremeyebilirsiniz ama mizahla o duruma karşı tutumunuzu değiştirebilirsiniz.,"You may not be able to change a situation, but with humor you can change your attitude about it.",,
Alıştırma beyninizi kaslarınıza yerleştirir.,Practice puts brains in your muscles.,,
Daima hayal edin ve yapabileceğinizi bildiğinizden daha yükseği hedefleyin. Sadece çağdaşlarınızdan veya öncüllerinizden daha iyi olma zahmetine girmeyin. Kendinizden daha iyi olmaya çalışın.,Always dream and shoot higher than you know you can do. Do not bother just to be better than your contemporaries or predecessors. Try to be better than yourself.,,
"Pratik, iyi olduğunuzda yaptığınız bir şey değildir. Seni iyi yapan şey yaptığın şeydir.",Practice isn't the thing you do once you're good. It's the thing you do that makes you good.,,
"Biz tekrar tekrar yaptığımız şeyiz. O halde mükemmellik bir eylem değil, bir alışkanlıktır.","We are what we repeatedly do. Excellence, then, is not an act, but a habit.",,
Yaptığımız her şey şu anda bulunduğumuz yerden daha büyük bir şey için pratik yapmaktır. Uygulama yalnızca gelişmeyi sağlar.,Everything we do is practice for something greater than where we currently are. Practice only makes for improvement.,,
Bazen mevcut tek ulaşımınız bir inanç sıçramasıdır.,Sometimes your only available transportation is a leap of faith.,,
"Güçlü ol, yüreğinle hareket et ve mucizelere inan çünkü her şey... her şey olabilir.","Be strong, go with your heart, and believe in miracles because anything...anything can happen.",,
Ve hepsinden önemlisi etrafınızdaki tüm dünyayı ışıltılı gözlerle izleyin çünkü en büyük sırlar her zaman en beklenmedik yerlerde saklıdır. Sihire inanmayanlar onu asla bulamazlar.,"And above all, watch with glittering eyes the whole world around you because the greatest secrets are always hidden in the most unlikely places. Those who don't believe in magic will never find it.",,
Bahçe dikmek yarına inanmaktır.,To plant a garden is to believe in tomorrow.,,
Affetmek geçmişi değiştirmez ama geleceği genişletir.,"Forgiveness does not change the past, but it does enlarge the future.",,
"Affet, unut. Başkalarının sizin hatalarınıza katlanmasını istediğiniz gibi, onların hatalarına da katlanın.","Forgive, forget. Bear with the faults of others as you would have them bear with yours.",,
İnsanları affedebileceğiniz bir yere ulaşmak kolay bir yolculuk değil. Ama burası çok güçlü bir yer çünkü seni özgürleştiriyor.,"It’s not an easy journey, to get to a place where you forgive people. But it is such a powerful place, because it frees you.",,
"Affetmek, yeni bir başlangıç ​​yapmanız için size bir şans daha verildiğini söyler.",Forgiveness says you are given another chance to make a new beginning.,,
Başarısız olamayacağınızı bilseydiniz ne yapmaya çalışırdınız?,What would you attempt if you knew you could not fail?,,
Hayal gücümün benden kaçmasına izin verme alışkanlığım var. Yine de her zaman geri gelir... olasılıklarla dolu.,I have a habit of letting my imagination run away from me. It always comes back though... drenched with possibilities.,,
"Hayal gücü sadece sanatın katalizörü değil, aynı zamanda şefkatin de katalizörüdür.","Imagination is not just the catalyst of art, it’s also the catalyst of compassion.",,
Hayal gücü sıçramaları veya hayal kurmadıkça olasılıkların heyecanını kaybederiz. Sonuçta rüya görmek bir planlama şeklidir.,"Without leaps of imagination, or dreaming, we lose the excitement of possibilities. Dreaming, after all, is a form of planning.",,
"Sabır, beklemeyi öğrenmekten daha fazlasıdır. Zaman ayırmaya değer olanı öğrenmiş olmaktır.",Patience is more than simply learning to wait. It is having learned what is worth your time.,,
Sabırlı olun. Her şey kolaylaşmadan önce zordur.,Have patience. All things are difficult before they become easy.,,
Sabır bir bilgelik biçimidir. Bazen olayların kendi zamanlarında ortaya çıkması gerektiği gerçeğini anladığımızı ve kabul ettiğimizi gösterir.,Patience is a form of wisdom. It demonstrates that we understand and accept the fact that sometimes things must unfold in their own time.,,
Sabır sadece bekleme yeteneği değildir; beklerken nasıl davrandığımızdır.,Patience is not simply the ability to wait - it's how we behave while we're waiting.,,
"Sabır güçtür. Sabır eylemsizlik değildir; daha ziyade ""zamanlamadır"", doğru ilkeler için ve doğru şekilde harekete geçmek için doğru zamanı bekler.","Patience is power. Patience is not an absence of action; rather it is ""timing"" it waits on the right time to act, for the right principles and in the right way.",,
"Başkalarına şefkat, kendimize nezaketle başlar.",Compassion for others begins with kindness to ourselves.,,
"Nazik bir jest, yalnızca şefkatin iyileştirebileceği bir yaraya ulaşabilir.",A kind gesture can reach a wound that only compassion can heal.,,
"Merhamet çemberimizi genişletmek, tüm canlıları ve doğayı tüm güzellikleriyle kucaklamak görevimiz olmalıdır.","Our task must be to widen our circle of compassion, to embrace all living creatures and the whole of nature in its beauty.",,
"Hiçbir zaman gerçekten büyük ve cömert olan, aynı zamanda şefkatli ve şefkatli olmayan bir kalp olmadı.","There never was any heart truly great and generous, that was not also tender and compassionate.",,
"Olana teslim ol, olanı bırak, olacağına inan.","Surrender to what is, let go of what was, have faith in what will be.",,
Vizyonunuz ancak kalbinizin içine baktığınızda netleşecektir. Dışarıya bakan rüya görür. İçeri bakan uyanır.,"Your vision will become clear only when you look into your heart. Who looks outside, dreams. Who looks inside awakens.",,
"Farkındalık mekanik bir süreç değildir. Şimdiki ana kadar çok nazik, nazik ve yaratıcı bir farkındalık geliştiriyor.","Mindfulness is not a mechanical process. It is developing a very gentle, kind, and creative awareness to the present moment.",,
"Hayata dair birkaç basit ipucu: Ayaklar yere, baş göklere, kalp açık-sessiz zihin.","A few simple tips for life: feet on the ground, head to the skies, heart open-quiet mind.",,
"Farkındalık, mevcut deneyimin bilinçli, dengeli bir şekilde kabul edilmesidir... Hoş ya da hoş olmayan, ona sarılmadan ya da onu reddetmeden, şimdiki ana açılmak ya da onu kabul etmektir.","Mindfulness is the aware, balanced acceptance of the present experience... It is opening to or receiving the present moment, pleasant or unpleasant, just as it is, without either clinging to it or rejecting it.",,
Yaratıcılık yeni şeyler düşünmektir. İnovasyon yeni şeyler yapmaktır.,Creativity is thinking up new things. Innovation is doing new things.,,
"İnovasyon, halihazırda var olan iki şeyi alıp bunları yeni bir şekilde bir araya getirmektir.",Innovation is taking two things that already exist and putting them together in a new way.,,
"İnovasyon, değişimi bir tehdit olarak değil, bir fırsat olarak görebilme yeteneğidir.",Innovation is the ability to see change as an opportunity – not a threat.,,
"Bir fikir, fikir olarak kalırsa ne işe yarar? Denemek. Deney. Yineleyin. Hata. Tekrar deneyin. Dünyayı değiştirin.",What good is an idea if it remains an idea? Try. Experiment. Iterate. Fail. Try again. Change the world.,,
Hiç kimse yalnızca birkaç yıl yaşayarak yaşlanmaz. İnsanlar ideallerinden vazgeçerek yaşlanırlar. Yıllar cildi kırıştırabilir ama vazgeçmek ruhu kırıştırır.,"Nobody grows old by merely living a number of years. People grow old by deserting their ideals. Years may wrinkle the skin, but to give up wrinkles the soul.",,
"Yedi kez düş, sekiz kez ayağa kalk.","Fall seven times, stand up eight.",,
"Bazıları başarılı oldukları için başarılı olurlar, ancak çoğu da kararlı oldukları için başarılı olurlar.","Some succeed because they are destined to, but most succeed because they are determined to.",,
"Hatalar yaptıysanız, ciddi olsa bile, sizin için her zaman bir şans daha vardır. Başarısızlık dediğimiz düşmek değil, yerde kalmaktır.","If you have made mistakes, even serious ones, there is always another chance for you. What we call failure is not the falling down, but the staying down.",,
"Kararlı bir ruhun sağlam kararlılığını engelleyebilecek veya kontrol edebilecek hiçbir şans, hiçbir kader, hiçbir kader yoktur.","There is no chance, no destiny, no fate, that can hinder or control the firm resolve of a determined soul.",,
"Dostluk, iki kişide birbirinin iyiliğini ve mutluluğunu teşvik etmeye yönelik güçlü ve alışılmış bir eğilimdir.",Friendship is a strong and habitual inclination in two persons to promote the good and happiness of one another.,,
"Gerçek arkadaşların yaptığı en güzel keşif, birbirlerinden ayrılmadan ayrı ayrı büyüyebilecekleridir.",The most beautiful discovery true friends make is that they can grow separately without growing apart.,,
Arkadaşlar seçtiğiniz ailedir.,Friends are the family you choose.,,
Yaşam deneyimlerini bulun ve onları bir bütün olarak yutun. Seyahat. Birçok insanla tanışın. Kendinizi muhteşem yaşam arayışında tüketin.,Find life experiences and swallow them whole. Travel. Meet many people. Exhaust yourself in the glorious pursuit of life.,,
"Geçiminizi sağlamanın, yaşamınızı sürdürmenize engel olmasına izin vermeyin.",Do not let making a living prevent you from making a life.,,
Kafanın içinde beyin var. Ayakkabının içinde ayakların var. Kendinizi seçtiğiniz herhangi bir yöne yönlendirebilirsiniz. Tek başınasın. Ve ne bildiğini biliyorsun. Nereye gideceğinize karar verecek olan sizsiniz.,You have brains in your head. You have feet in your shoes. You can steer yourself in any direction you choose. You're on your own. And you know what you know. You are the one who'll decide where to go.,,
Noktaların yolda birleşeceğine inanmak size kalbinizin sesini dinleme konusunda güven verecektir.,Believing that the dots will connect down the road will give you the confidence to follow your heart.,,
Güvenimiz nasılsa kapasitemiz de öyle.,"As is our confidence, so is our capacity.",,
"Arkanızda olanlar ve önünüzde olanlar, içinizde olanlarla karşılaştırıldığında sönük kalır.",What lies behind you and what lies in front of you pales in comparison to what lies inside you.,,
"Kendi kalbinizden yaşayın. Mükemmel olmayı değil, bütün olmayı arayın.","Live from the heart of yourself. Seek to be whole, not perfect.",,
"Cesaret, insanların kendi gerçeklerini, vizyonlarını ve hayallerini yaşama cesaretine sahip olduklarında günlük yaşamda ortaya çıkar.","Bravery shows up in everyday life when people have the courage to live their truth, their vision and their dreams.",,
Ancak karanlığı keşfedecek kadar cesur olduğumuzda ışığımızın sonsuz gücünü keşfedeceğiz.,Only when we're brave enough to explore the darkness will we discover the infinite power of our light.,,
"Cesaret, başarısızlıkların engellemesine izin vermeme ve bilinmeyen şeyler karşısında özgürlükle, güçle ve umutla yürüme cesaretidir.","Bravery is the audacity to be unhindered by failures, and to walk with freedom, strength, and hope, in the face of things unknown.",,
Cesur ol. Risk alın. Hiçbir şey tecrübenin yerini tutamaz.,Be brave. Take risks. Nothing can substitute experience.,,
"Işık her zaman vardır, yeter ki onu görecek kadar cesur olalım. Keşke bunu yapabilecek kadar cesur olsaydık.","There is always light, if only we're brave enough to see it. If only we're brave enough to be it.",,
İlk önce hazırlanıyorum. O zaman inancım var.,"First, I prepare. Then I have faith.",,
Gençlerimize her zaman geleceği inşa edemeyiz ama gençliğimizi gelecek için inşa edebiliriz.,"We cannot always build the future for our youth, but we can build our youth for the future.",,
"Her günü, elde ettiğiniz hasata göre değil, ektiğiniz tohumlara göre değerlendirin.","Don't judge each day by the harvest you reap, but by the seeds that you plant.",,
Önemli olan kazanma arzusu değil; herkeste var. Önemli olan kazanmaya hazırlanma isteğidir.,It's not the will to win that matters-everyone has that. It's the will to prepare to win that matters.,,
"Başkalarının karakterini, kendileri için hiçbir şey yapamayacak olanlara nasıl davrandıklarına göre kolaylıkla yargılayabilirsiniz.",You can easily judge the character of others by how they treat those who can do nothing for them.,,
"Bizim neslimizin en büyük keşfi, insanların zihinsel tutumlarını değiştirerek hayatlarını değiştirebilecekleridir. Nasıl düşünürsen öyle olacaksın.","The greatest discovery of our generation is that human beings can alter their lives by altering their attitudes of mind. As you think, so shall you be.",,
Ne bildiğimiz önemli ama kim olduğumuz daha önemli.,What we know matters but who we are matters more.,,
"Barış. Gürültünün, sıkıntının, emeğin olmadığı bir yerde olmak demek değildir. Bu olayların ortasında olmak ve hala kalbinizde sakin olmak demektir.","Peace. It does not mean to be in a place where there is no noise, trouble or hard work. It means to be in the midst of those things and still be calm in your heart.",,
"Amacınıza sadık kaldığınızda ve korkudan cesaretinizin kırılmasını reddettiğinizde, içinde tüm olasılıkların var olduğu sonsuz benliğe uyum sağlarsınız.","When you stay on purpose and refuse to be discouraged by fear, you align with the infinite self, in which all possibilities exist.",,
Kim olduğunu bildiğinde; Görevin belli olduğunda ve sarsılmaz iradenin iç ateşiyle yandığında; hiçbir soğuk dokunamaz yüreğine; hiçbir tufan amacınızı gölgede bırakamaz. Hayatta olduğunu biliyorsun.,When you know who you are; when your mission is clear and you burn with the inner fire of unbreakable will; no cold can touch your heart; no deluge can dampen your purpose. You know that you are alive.,,
Çağrınızı onurlandırmaktan daha büyük bir hediye veremez veya alabilirsiniz. Bu yüzden doğdun. Ve nasıl gerçekten canlı hale geldiğinizi.,There is no greater gift you can give or receive than to honor your calling. It's why you were born. And how you become most truly alive.,,
Amacınızı bulamıyorsanız tutkunuzu öğrenin. Çünkü tutkunuz sizi doğrudan amacınıza götürecektir.,"If you can't figure out your purpose, figure out your passion. For your passion will lead you right into your purpose.",,
"Dünden ders alın, bugünü yaşayın, yarına umut edin.","Learn from yesterday, live for today, hope for tomorrow.",,
Ve birdenbire şunu anlarsın: Yeni bir şeye başlamanın ve başlangıçların büyüsüne güvenmenin zamanı geldi.,And suddenly you know: It's time to start something new and trust the magic of beginnings.,,
"Değişimin sırrı, tüm enerjinizi eskiyle mücadeleye değil, yeniyi inşa etmeye odaklamaktır.","The secret of change is to focus all of your energy, not on fighting the old, but on building the new.",,
Yeni yılın size ne getireceği büyük ölçüde yeni yıla ne katacağınıza bağlı olacaktır.,What the new year brings to you will depend a great deal on what you bring to the new year.,,
"Başkalarının hayatlarını aydınlatmanın, birbirimizin yükünü taşımanın, başkalarının yüklerini hafifletmenin, boş kalpleri ve hayatları cömert hediyelerle doldurmanın sevinci bizim için bayramın büyüsü oluyor.","The joy of brightening other lives, bearing each others' burdens, easing others' loads and supplanting empty hearts and lives with generous gifts becomes for us the magic of the holidays.",,
Sevinci başkalarına yayarak artar.,Joy is increased by spreading it to others.,,
"Denge, huzur ve neşe başarılı bir yaşamın meyvesidir. Yeteneklerinizi tanımak ve bunları kullanarak başkalarına hizmet etmenin yollarını bulmakla başlar.","Balance, peace, and joy are the fruit of a successful life. It starts with recognizing your talents and finding ways to serve others by using them.",,
Gittiğiniz her yere sevgiyi yayın. Hiç kimse size daha mutlu ayrılmadan gelmesin.,Spread love everywhere you go. Let no one ever come to you without leaving happier.,,
Sevgi vererek her zaman kazanırsınız.,You always gain by giving love.,,
Daima gereğinden biraz daha nazik olun.,Always be a little kinder than necessary.,,
"Basit bir nezaket, insanların birbirleriyle nasıl barış içinde yaşayabilecekleri ve paylaştığımız bu gezegene nasıl gerektiği gibi bakabilecekleri bilmecesinin en hayati anahtarı olabilir.","Simple kindness may be the most vital key to the riddle of how human beings can live with each other in peace, and care properly for this planet we all share.",,
Mümkün olan her yerde kendinizi diğer insanlara karşı nezaketle genişletin.,Extend yourself in kindness to other human beings wherever you can.,,
"Cesaret. Nezaket. Dostluk. Karakter. Bunlar bizi insan olarak tanımlayan, zaman zaman büyüklüğe iten niteliklerdir.","Courage. Kindness. Friendship. Character. These are the qualities that define us as human beings, and propel us, on occasion, to greatness.",,
Kendi özel ışığımızı keşfetmek bizim ayrıcalığımız ve maceramızdır.,It is our privilege and our adventure to discover our own special light.,,
"Er ya da geç kazananlar, yapabileceklerini düşünenlerdir.","Sooner or later, those who win are those who think they can.",,
"En büyük zorluk, olma olasılığına sahip olduğun her şey olmaktır.",The big challenge is to become all that you have the possibility of becoming.,,
Minnettarlık mutluluk için güçlü bir katalizördür. Ruhunuzda sevinç ateşini yakan kıvılcımdır.,Gratitude is a powerful catalyst for happiness. It’s the spark that lights a fire of joy in your soul.,,
Şükran şükran duygusunun başlangıcıdır.,Thankfulness is the beginning of gratitude.,,
Her güne olumlu bir düşünce ve minnettar bir kalple başlayın.,Start each day with a positive thought and a grateful heart.,,
Biz ısrarcı olmak için yaratıldık. Kim olduğumuzu bu şekilde öğreneceğiz.,We are made to persist. That's how we find out who we are.,,
"Bunu her türlü makul şüphenin ötesinde biliyorum. Ne yaparsanız yapın, yeterince uzun süre, yeterince sert ve şevkle pompalarsanız, er ya da geç çabanız karşılığını verecektir.","This I do know beyond any reasonable doubt. Regardless of what you are doing, if you pump long enough, hard enough and enthusiastically enough, sooner or later the effort will bring forth the reward.",,
"Posta pulunu düşünün: Onun faydası, bir şeye varıncaya kadar ona bağlı kalma yeteneğinden ibarettir.",Consider the postage stamp: its usefulness consists in the ability to stick to one thing till it gets there.,,
En önemli faktör kararlılıktır; enerjinizin veya coşkunuzun cesaret kırıklığıyla sönmesine asla izin vermeme kararlılığıdır.,The most essential factor is persistence—the determination never to allow your energy or enthusiasm to be dampened by discouragement.,,
"Kalıcılık, başarısızlığı olağanüstü başarıya dönüştürebilir.",Persistence can change failure into extraordinary achievement.,,
Umudun büyüdüğü yerde mucizeler çiçek açar.,"Where hope grows, miracles blossom.",,
"Bu yeni gün, umutları ve davetleriyle, dünlerle vakit kaybetmeye değmeyecek kadar kıymetlidir.","This new day is too dear, with its hopes and invitations, to waste a moment on the yesterdays.",,
Umut mümkün olana duyulan tutkudur.,Hope is a passion for the possible.,,
Hayatınızı mutlak dürüstlük ve nezaketle yaşamayı birinci önceliğiniz haline getirin.,Make living your life with absolute integrity and kindness your first priority.,,
"Gerçek hoşgörü, sanki farklılıklar hiçbir fark yaratmıyormuş gibi farklılıkları göz ardı etmek anlamına gelmez. Gerçek hoşgörü, farklılıkları nezaket ve saygı çerçevesinde birleştirmek anlamına gelir.",Genuine tolerance does not mean ignoring differences as if differences made no difference. Genuine tolerance means engaging differences within a bond of civility and respect.,,
Dünyada görmek istediğiniz değişim siz olmalısınız.,You must be the change you wish to see in the world.,,
Bu hayatta her zaman harika şeyler yapamayız. Ama küçük şeyleri büyük bir sevgiyle yapabiliriz.,In this life we cannot always do great things. But we can do small things with great love.,,
Dünyamızı dönüştürmek için sihre ihtiyacımız yok. İhtiyacımız olan tüm gücü zaten içimizde taşıyoruz. Daha iyisini hayal etme gücümüz var.,We do not need magic to transform our world. We carry all the power we need inside ourselves already. We have the power to imagine better.,,
Yapmaya değer bir işte çok çalışın.,Work hard at work worth doing.,,
"Başarılarınızın yüksekliğinin tek sınırı, hayallerinize ulaşmanız ve onlar için çok çalışmaya istekli olmanızdır.",The only limit to the height of your achievements is the reach of your dreams and your willingness to work hard for them.,,
"Çok çalışın, nazik olun ve harika şeyler olacak.","Work hard, be kind, and amazing things will happen.",,
"Basit bir gülümseme. Bu, kalbinizi açmanın ve başkalarına şefkatli olmanın başlangıcıdır.",A simple smile. That’s the start of opening your heart and being compassionate to others.,,
"Çiçekler için güneş ışığı ne ise, insanlık için de gülümseme odur.","What sunshine is to flowers, smiles are to humanity.",,
"Gerçek benliğimizi dinleyebildiğimiz ve onun gerektirdiği özeni gösterebildiğimiz her an, bunu sadece kendimiz için değil, hayatlarına dokunduğumuz birçok kişi için de yapıyoruz.","Anytime we can listen to our true self and give the care it requires, we do it not only for ourselves, but for the many others whose lives we touch.",,
"İyileştiğinizde veya ruhunuzu besleyen, neşe veren bir şeyi keşfettiğinizde, hayatınızda ona yer açacak kadar kendinize değer verin.","When you recover or discover something that nourishes your soul and brings joy, care enough about yourself to make room for it in your life.",,
"Kendinizi sevmek, kendinize iyi bakmak ve mutluluğunuzu öncelik haline getirmek bencillik değildir. Bu gerekli.","It’s not selfish to love yourself, take care of yourself, and to make your happiness a priority. It’s necessary.",,
Kendinize iyi baktığınız zaman başkaları için daha iyi bir insan olursunuz. Kendinizi iyi hissettiğinizde başkalarına daha iyi davranırsınız.,"When you take care of yourself, you’re a better person for others. When you feel good about yourself, you treat others better.",,
"Empati basitçe dinlemek, yer tutmak, yargılamayı engellemek, duygusal olarak bağlantı kurmak ve inanılmaz derecede iyileştirici olan 'yalnız değilsiniz' mesajını iletmektir.","Empathy is simply listening, holding space, withholding judgment, emotionally connecting, and communicating that incredibly healing message of ‘you are not alone’.",,
"Empati, bir başkasının gözüyle görmek, bir başkasının kulağıyla dinlemek, bir başkasının kalbiyle hissetmektir. –Alfred Adler.","Empathy is seeing with the eyes of another, listening with the ears of another, and feeling with the heart of another. – Alfred Adler.",,
"Her şeyin ilacı tuzlu sudur; gözyaşı, ter ya da deniz.","The cure for anything is salt water—tears, sweat, or the sea.",,
"Vahşi doğa bir lüks değil, insan ruhunun bir gereğidir.","Wilderness is not a luxury, but a necessity of the human spirit.",,
Hayatın en acil sorusu şudur: Başkaları için ne yapıyorsun?,Life's most urgent question is: What are you doing for others?,,
Kutsanmış olmak güzel. Bir lütuf olmak daha iyidir.,It’s good to be blessed. It’s better to be a blessing.,,
"Başka birinin hayatını daha iyi hale getirmiyorsanız, zamanınızı boşa harcıyorsunuz demektir. Başka hayatları daha iyi hale getirerek sizin hayatınız daha iyi hale gelecektir.","If you're not making someone else's life better, then you're wasting your time. Your life will become better by making other lives better.",,
Sağlık ve neşe doğal olarak birbirini doğurur.,Health and cheerfulness naturally beget each other.,,
"Zayıflamak için değil, formda olmak için egzersiz yapın.","Exercise to be fit, not skinny.",,
"Yaratıcılık, olaylara farklı bir açıdan bakmak için yerleşik kalıpların dışına çıkmayı içerir.",Creativity involves breaking out of established patterns in order to look at things in a different way.,,
"Kalbinizi ateşe veren şeyi yaratın, o önünüzdeki yolu aydınlatacaktır.",Create what sets your heart on fire and it will illuminate the path ahead.,,
"Yaratıcılık, ruhumu dünyayla paylaşma biçimimdir.",Creativity is the way I share my soul with the world.,,
"Nezaket, fedakarlıktan çok, başkalarının duygularına saygılı olmak, mutluluğu paylaşmak, bencil olmayan düşünce, spontane ve dostane davranış, kendi mevcut çıkarlarımızı unutmaktır.","Kindness isn't sacrifice so much as it is being considerate for the feelings of others, sharing happiness, the unselfish thought, the spontaneous and friendly act, forgetfulness of our own present interests.",,
"Kendinize iyi bakın, nazik olun, diğer insanlara ve diğer türlere karşı düşünceli olun ve sevgi dolu olun.","Take care, be kind, be considerate of other people and other species, and be loving.",,
"Gerçek güç, düşünceli olmayı ve insanların duygularını desteklemeyi gerektirir.",Real strength entails being considerate and supportive of people's feelings.,,
Hayat kısa ama nezaket için her zaman yeterli zaman vardır.,Life is short but there is always time enough for courtesy.,,
Düşme zayıflığıyla doğmuş olsaydın. Yükselme gücüyle doğdun.,If you were born with the weakness to fall. You were born with the strength to rise.,,
"Belki de kim olduğumuz, ne yaptığımızla değil, en az beklediğimiz anda neler yapabildiğimizle ilgilidir.","Maybe who we are isn't so much about what we do, but rather what we're capable of when we least expect it.",,
"Değeri ne olursa olsun: Olmak istediğiniz kişi olmak için asla geç değildir. Umarım gurur duyduğunuz bir hayat yaşarsınız ve eğer öyle olmadığını fark ederseniz, umarım yeniden başlayacak güce sahip olursunuz.","For what it’s worth: It’s never too late to be whoever you want to be. I hope you live a life you’re proud of, and if you find you’re not, I hope you have the strength to start over again.",,
"Kötü bir şey olduğunda üç seçeneğiniz vardır. Sizi tanımlamasına, yok etmesine veya sizi güçlendirmesine izin verebilirsiniz.","When something bad happens you have three choices. You can let it define you, let it destroy you, or you can let it strengthen you.",,
"Gerçek bir kahraman, gücünün büyüklüğüyle değil, kalbinin gücüyle ölçülür.","A true hero isn’t measured by the size of their strength, but by the strength of their heart.",,
Ormanda yürüyüşe çıktım ve ağaçlardan daha yüksek bir yere çıktım.,I took a walk in the woods and came out taller than the trees.,,
Doğanın tekrarlanan nakaratlarında sonsuz iyileştirici bir şeyler vardır; geceden sonra şafağın ve kıştan sonra baharın geleceğinin güvencesi.,"There is something infinitely healing in the repeated refrains of nature – the assurance that dawn comes after night, and spring after winter.",,
"Doğada bir yürüyüş, ruhun eve dönmesini sağlar.","A walk in nature, walks the soul back home.",,
Tamamlanana kadar her zaman imkansız görünür.,It always seems impossible until its done.,,
Harika şeyler sıkı çalışma ve azimle gelir. Bahane yok.,Great things come from hard work and perseverance. No excuses.,,
"Sabır ve azim, zorlukların ve engellerin ortadan kalkmasını sağlayan sihirli bir etkiye sahiptir.",Patience and perseverance have a magical effect before which difficulties disappear and obstacles vanish.,,
"Bugün eğer bir şey sizi engellemeye çalışıyorsa, ona aldırış etmeyin. Umudunuzu yükseltin, inancınızı yükseltin, yukarı bakın ve yükselmeye hazırlanın.","Today if anything is trying to hold you back, give no attention to it. Get your hopes up, get your faith up, look up, and get ready to rise up.",,
"Dudaklarda bir gülümseme başlar, Gözlere bir sırıtış yayılır, Karnından bir kıkırdama gelir; Ama ruhtan güzel bir kahkaha fışkırır, Taşar ve her tarafta kabarcıklar oluşur.","A smile starts on the lips, A grin spreads to the eyes, A chuckle comes from the belly; But a good laugh bursts forth from the soul, Overflows, and bubbles all around.",,
"Bu dünyada gülmek için en iyi zaman, mümkün olan her zamandır.","In this world, a good time to laugh is any time you can.",,
Hayatta başarılı olmak için üç kemiğe ihtiyacınız var. Bir lades kemiği. Bir omurga. Ve komik bir kemik.,To thrive in life you need three bones. A wishbone. A backbone. And a funny bone.,,
"Vücut için sabun ne ise, ruh için de kahkaha odur.","What soap is to the body, laughter is to the soul.",,
"İyi karakter, başarılı ve değerli bir yaşamın en önemli özelliğidir.",Good character is the single most important attribute of a successful and worthy life.,,
"Yaşamın zorluklarıyla başa çıkma yeteneğimiz, karakter gücümüzün bir ölçüsüdür.",Our ability to handle life’s challenges is a measure of our strength of character.,,
"Dürüstlükle yaşanan bir hayat, gelecek yıllarda başkalarının da ışığını takip edebileceği parlayan bir yıldızdır.",A life lived with integrity… is a shining star in whose light others may follow in the years to come.,,
"Gerçek dürüstlük, kimsenin bunu yapıp yapmadığınızı bilmeyeceğini bilerek doğru olanı yapmaktır.","Real integrity is doing the right thing, knowing that nobody’s going to know whether you did it or not.",,
Doğru olanı yapmak için her zaman doğru zamandır.,The time is always right to do what is right.,,
"Dürüstlük, cesareti rahatlığa tercih etmektir; eğlenceli, hızlı veya kolay olanın yerine doğru olanı seçmek; ve değerlerimizi basitçe ilan etmek yerine uygulamayı tercih ediyoruz.","Integrity is choosing courage over comfort; choosing what is right over what is fun, fast, or easy; and choosing to practice our values rather than simply professing them.",,
Özgürlüğün temeli birliktir.,The foundation of freedom is unity.,,
Özgürlük cesur olmaktan geçer.,Freedom lies in being bold.,,
Hemcinsinizden üstün olmanın asil bir yanı yoktur; gerçek asalet eski halinden üstün olmaktır.,There is nothing noble in being superior to your fellow man; true nobility is being superior to your former self.,,
Tanıştığınız her insan sizin bilmediğiniz bir şey biliyor; onlardan öğrenin.,Every person that you meet knows something you don't; learn from them.,,
"Alçakgönüllü olmak, dünyaya ne kadar önemli olabileceğimizi görmek için değil, başkalarının hayatlarında ne kadar fark yaratabileceğimizi görmek için geldiğimizin farkına varmak anlamına gelir.","Being humble means recognizing that we are not on earth to see how important we can become, but to see how much difference we can make in the lives of others.",,
"Eğer herhangi bir insana gösterebileceğim bir iyilik ya da yapabileceğim bir iyilik varsa, bırakın bunu şimdi yapayım, caydırmayayım ya da ihmal etmeyeyim, çünkü bu yoldan bir daha geçmeyeceğim.","If there is any kindness I can show, or any good thing I can do to any fellow being, let me do it now, and not deter or neglect it, as I shall not pass this way again.",,
"Merhamet sadece birine karşı hissetmek değildir, durumu değiştirmeye çalışmaktır… eğer şefkatli olacaksanız harekete geçmeye hazır olun!","Compassion is not just feeling with someone, but seeking to change the situation… if you are going to be compassionate, be prepared for action!",,
"Nazik olun, çünkü karşılaştığınız herkes daha zorlu bir mücadele veriyor.","Be kind, for everyone you meet is fighting a harder battle.",,
"İnsanlara size nasıl davranılmasını istiyorsanız öyle davranın. İnsanlarla nasıl konuşulmasını istiyorsanız öyle konuşun. Saygı kazanılır, verilmez.","Treat people the way you want to be treated. Talk to people the way you want to be talked to. Respect is earned, not given.",,
"Saygı, sevginin en büyük ifadelerinden biridir.",Respect is one of the greatest expressions of love.,,
"Hangi kökenden, hangi mevkiden olursa olsun her insan saygıyı hak eder. Kendimize saygı duyduğumuz kadar, birbirimize de saygı duymalıyız.","Every human being, of whatever origin, of whatever station, deserves respect. We must each respect others even as we respect ourselves.",,
"Saygı, eylem halindeki sevgidir.",Respect is love in action.,,
"Çünkü özgür olmak yalnızca zincirlerden kurtulmak değil, başkalarının özgürlüklerine saygı duyarak ve onları geliştirerek yaşamaktır.","For to be free is not merely to cast off one's chains, but to live in a way that respects and enhances the freedom of others.",,
İnsan ihtiyaçlarının en temel olanı anlama ve anlaşılma ihtiyacıdır. İnsanları anlamanın en iyi yolu onları dinlemektir.,The most basic of all human needs is the need to understand and be understood. The best way to understand people is to listen to them.,,
Saygının en samimi biçimlerinden biri aslında bir başkasının söyleyeceklerini dinlemektir.,One of the most sincere forms of respect is actually listening to what another has to say.,,
Dinle' kelimesi 'sessiz' kelimesiyle aynı harfleri içerir.,The word 'listen' contains the same letters as the word 'silent'.,,
"Birini tamamen, dikkatle dinlediğinizde, yalnızca kelimeleri değil, aynı zamanda aktarılan duyguyu da, onun bir kısmını değil tamamını dinliyorsunuz.","When you are listening to somebody, completely, attentively, then you are listening not only to the words, but also to the feeling of what is being conveyed, to the whole of it, not part of it.",,
"Dinlemek; yetenekten ziyade dikkate, egodan ziyade ruha, kendinden ziyade başkalarına dikkat etmeyi gerektiren bir sanattır.","Listening is an art that requires attention over talent, spirit over ego, others over self.",,
Sevginin ilk görevi dinlemektir.,The first duty of love is to listen.,,
"Sabır, olayların aklınızda olduğundan farklı bir sırada olabileceğini sakin bir şekilde kabul etmektir.",Patience is the calm acceptance that things can happen in a different order than the one you have in mind.,,
"Hepimizin, başarılı olan, zorlukların farkına varan ve bu konuda bir şeyler yapan kişi için ayağa kalkıp tezahürat yapma zamanıdır.","It is time for us all to stand and cheer for the doer, the achiever – the one who recognizes the challenges and does something about it.",,
Yalnızca başkalarını geliştirdikçe kalıcı olarak başarılı oluruz.,It is only as we develop others that we permanently succeed.,,
"Hiçbir zaman, kalbinizde yapmak istediğinizi bildiğiniz şeyi yapmaktan sizi alıkoyan ihtimallere izin vermeyin.",Never let the odds keep you from doing what you know in your heart you were meant to do.,,
"Dünyayı yukarıya ve ileriye taşıyanlar, eleştirmekten çok teşvik edenlerdir.",Those who are lifting the world upward and onward are those who encourage more than criticize.,,
Eğer hayal kırıklıklarını büyüttüğümüz kadar nimetleri de büyütseydik hepimiz çok daha mutlu olurduk.,"If we magnified blessings as much as we magnify disappointments, we would all be much happier.",,
Şükretmek her zaman doğal bir varoluş durumu olarak deneyimlenmez; kalp için bir tür kuvvet antrenmanına benzer şekilde bunun üzerinde çalışmalıyız.,"Being thankful is not always experienced as a natural state of existence, we must work at it, akin to a type of strength training for the heart.",,
"Bugün kalbimi dolduran sevgiye, ruhumda yatan huzura ve her şeyin mümkün olduğunu söyleyen umudun sesine şükranla yaşamayı seçiyorum.","Today I choose to live with gratitude for the love that fills my heart, the peace that rests within my spirit, and the voice of hope that says all things are possible.",,
"Her durumda iyi olanı bulmaya odaklanırsanız, hayatınızın birdenbire şükranla, ruhu besleyen bir duyguyla dolacağını keşfedeceksiniz.","If you concentrate on finding whatever is good in every situation, you will discover that your life will suddenly be filled with gratitude, a feeling that nurtures the soul.",,
Başkalarının başarılı olmasına yardım ederek en iyi ve en hızlı şekilde başarılı olabileceğiniz tam anlamıyla doğrudur.,It is literally true that you can succeed best and quickest by helping others to succeed.,,
"Her zaman ama her zaman bir şeyler verebilirsiniz, bu yalnızca nezaket olsa bile!","You can always, always give something, even if it is only kindness!",,
İyilik dünyada bıraktığımız izdir.,Kindness is the mark we leave on the world.,,
Sevgi ve iyilik asla boşa gitmez. Her zaman fark yaratırlar. Onları alan kişiyi kutsarlar ve vereni de kutsarlar.,"Love and kindness are never wasted. They always make a difference. They bless the one who receives them, and they bless you, the giver.",,
Zorla başaramadığınızı nezaketle başarabilirsiniz.,You can accomplish by kindness what you cannot by force.,,
"Beklenmedik nezaket, insani değişimin en güçlü, en az maliyetli ve en az önemsenen aracısıdır.","Unexpected kindness is the most powerful, least costly, and most underrated agent of human change.",,
"Sorunlara, zorluklara ve olumsuzluklara karşı tavrınız, bunların üstesinden gelmede en önemli faktördür.","Your attitude towards problems, difficulties, and adversities is the most important factor in overcoming them.",,
"Başarı, kişinin hayatta ulaştığı konumla değil, aştığı engellerle ölçülmelidir.",Success is to be measured not so much by the position that one has reached in life as by the obstacles which they have overcome.,,
"Güç, yapabildiklerinizden gelmez. Bir zamanlar yapamayacağınızı düşündüğünüz şeylerin üstesinden gelmekten gelir.",Strength doesn't come from what you can do. It comes from overcoming the things you once thought you couldn't.,,
"Umut karanlıkta başlar; ortaya çıkıp doğru şeyi yapmaya çalışırsan şafağın geleceğine dair inatçı umut. Bekler, izler ve çalışırsınız: pes etmezsiniz.","Hope begins in the dark, the stubborn hope that if you just show up and try to do the right thing, the dawn will come. You wait and watch and work: you don't give up.",,
"Geleceğinizi acılarınızın değil, umutlarınızın şekillendirmesine izin verin.","Let your hopes, not your hurts, shape your future.",,
"Umut, sorunların yokmuş gibi davranması değildir. Sonsuza kadar sürmeyecekleri umudu. Bu acılar iyileşecek ve zorluklar aşılacak. Karanlıktan çıkıp gün ışığına çıkacağız.",Hope is not pretending that troubles don't exist. It is the hope that they won't last forever. That hurts will be healed and difficulties overcome. That we will be led out of the darkness and into the sunshine.,,
"Bir insanın bu dünyada mutlu olabilmesi için sadece üç şeye ihtiyacı olduğunu söylüyorlar: Sevecek biri, yapacak bir şey ve umut edecek bir şey.","They say a person needs just three things to be happy in this world: someone to love, something to do, and something to hope for.",,
Umut önemlidir çünkü şu anın katlanılmasını daha az zorlaştırabilir. Yarının daha iyi olacağına inanırsak bugün zorluklara katlanabiliriz.,"Hope is important because it can make the present moment less difficult to bear. If we believe that tomorrow will be better, we can bear a hardship today.",,
"Cesaret her zaman kükremez. Bazen cesaret, sonuç olarak yarın tekrar deneyeceğimi söyleyen küçük sestir.",Courage doesn't always roar. Sometimes courage is the little voice at the end of the day that says I'll try again tomorrow.,,
"Cesaret bulaşıcıdır. Cesareti seçtiğimiz her seferde çevremizdeki herkesi biraz daha iyi, dünyayı biraz daha cesur hale getiriyoruz.","Courage is contagious. Every time we choose courage, we make everyone around us a little better and the world a little braver.",,
Cesaret tüm erdemlerin en önemlisidir çünkü cesaret olmadan başka hiçbir erdemi tutarlı bir şekilde uygulayamazsınız.,"Courage is the most important of all the virtues because without courage, you can't practice any other virtue consistently.",,
Cesaret ayağa kalkıp konuşmaktır; cesaret aynı zamanda oturup dinlemeyi de gerektirir.,Courage is what it takes to stand up and speak; courage is also what it takes to sit down and listen.,,
"Gerçek işimiz işimiz değil, yaptığımız şey bu, yapmak için yaratıldığımız şey değil. Bizim asıl işimiz birbirimize sahip çıkmak, birbirimizi korumak ve birbirimize faydalı olmaktır.","Our true work is not our job, that is what we do, not what we were created to do. Our true work is to look after each other, to protect each other and to be of benefit to one another.",,
"Sahip olduğumuz zamanda, elimizden gelen her şekilde, elimizden gelen tüm insanlara elimizden gelen iyilikleri yapmak kesinlikle bizim görevimizdir.",In the time we have it is surely our duty to do all the good we can to all the people we can in all the ways we can.,,
"Kendinize yardım etmek için başkalarına yardım edin. Yaptığınız iyilik ne olursa olsun bir daire çizer ve size defalarca geri döner; ancak unutmayın, hayat ne elde ettiğinizle ilgili değil, ne olduğunuzla ilgilidir.","To help yourself, help others. Whatever good you do travels a circle and returns to you many times over- but remember, life isn't about what you get, it's about what you become.",,
Her şeyi olduğu gibi anlatan yeterince insanımız var; şimdi bunu olabileceği gibi anlatan birkaç kişiye ihtiyacımız var.,We have enough people who tell it like it is—now we could use a few who tell it like it can be.,,
İyimser biri hayatın inişli çıkışlı bir yol olabileceğini bilir ama en azından yol bir yere varır. Hatalardan ve başarısızlıklardan ders alırlar ve tekrar başarısız olmaktan korkmazlar.,"An optimist understands that life can be a bumpy road, but at least it is leading somewhere. They learn from mistakes and failures, and are not afraid to fail again.",,
Bilgi öğrenmekten gelir. Bilgelik yaşamaktan gelir.,Knowledge comes from learning. Wisdom comes from living.,,
"Bilgeliğin, şeyleri görmekte değil, şeylerin içini görmekte yattığı söylenir.","It is said that wisdom lies not in seeing things, but seeing through things.",,
Bilgiyi asla bilgelikle karıştırmayın. Biri geçiminizi sağlamanıza yardımcı olur; diğeri bir hayat kurmanıza yardımcı olur.,Never mistake knowledge for wisdom. One helps you make a living; the other helps you make a life.,,
Yaşamın bir kişinin iradesini test etmenin birçok yolu vardır; ya hiçbir şeyin olmaması ya da her şeyin bir anda gerçekleşmesi.,"Life has many ways of testing a person's will, either by having nothing happen at all or by having everything happen all at once.",,
"Zorluklar cesaretlendirmek için değil, cesaretlendirmek içindir. İnsan ruhu çatışmalarla güçlenecektir.","Difficulties are meant to rouse, not discourage. The human spirit is to grow strong by conflict.",,
"Koşulların insanı yaratmadığını, kişiyi ortaya çıkardığını unutmamalıyız.","We need to remember that circumstances don’t make a person, they reveal a person.",,
Arzu eden hiçbir ruh asla yükselmeyi başaramaz; Seven hiçbir kalp asla terk edilemez. Zorluklar yalnızca onların üstesinden gelerek güçlenebilmemiz ve acı çekenlerin kurtarabilmesi için vardır.,"No soul that aspires can ever fail to rise; no heart that loves can ever be abandoned. Difficulties exist only that in overcoming them we may grow strong, and they who have suffered are able to save.",,
Güzellik ruhunuzun aydınlığıdır.,Beauty is the illumination of your soul.,,
"Güzellik, kendi teninizde rahat olmakla ilgilidir. Bu, kim olduğunuzu bilmek ve kabul etmekle ilgilidir.",Beauty is about being comfortable in your own skin. It's about knowing and accepting who you are.,,
Güzellik kendin olmaya karar verdiğin an başlar.,Beauty begins the moment you decide to be yourself.,,
Güzellik yüzde değildir; güzellik kalpteki bir ışıktır.,Beauty is not in the face; beauty is a light in the heart.,,
Eğer bir yerde kalmamız gerekseydi ayaklarımız yerine köklerimiz olurdu.,"If we were meant to stay in one place, we’d have roots instead of feet.",,
"Eğer hata yapıyorsanız, o zaman yeni şeyler yapıyorsunuz, yeni şeyler deniyorsunuz, öğreniyorsunuz, yaşıyorsunuz, kendinizi zorluyorsunuz, kendinizi değiştiriyorsunuz, dünyanızı değiştiriyorsunuz. Daha önce hiç yapmadığınız şeyleri yapıyorsunuz ve daha da önemlisi bir şeyler yapıyorsunuz.","If you are making mistakes, then you are making new things, trying new things, learning, living, pushing yourself, changing yourself, changing your world. You're doing things you've never done before, and more importantly, you're doing something.",,
Bildiğiniz her şeyin sınırına geldiğinizde iki şeyden birine inanmalısınız: Ya üzerinde durabileceğiniz bir zemin olacak ya da size uçmanız için kanatlar verilecek.,"When you come to the edge of all that you know, you must believe one of two things: either there will be ground to stand on, or you will be given wings to fly.",,
Tutku dehanın doğuşudur.,Passion is the genesis of genius.,,
Gecenin son otobüsüymüş gibi tutkunuzun peşinden gidin.,Chase down your passion like it’s the last bus of the night.,,
"Eğer dışarıda yapmanız gereken bir şey olduğunu hissediyorsanız, eğer bu konuda bir tutkunuz varsa, dilemeyi bırakın ve sadece yapın.","If you feel like there’s something out there that you’re supposed to be doing, if you have a passion for it, then stop wishing and just do it.",,
"Yalnızca tutkular, büyük tutkular ruhu büyük şeylere yükseltebilir.","Only passions, great passions, can elevate the soul to great things.",,
"İyimser olmayı seçin, daha iyi hissettirir.","Choose to be optimistic, it feels better.",,
"Mutluluk en karanlık zamanlarda bile bulunabilir, yeter ki biri ışığı açmayı hatırlasın.","Happiness can be found in even the darkest of times, if only one remembers to turn on the light.",,
"Hiçbir şey imkansız değildir, kelimenin kendisi ""Ben mümkünüm"" diyor!","Nothing is impossible, the word itself says, ‘I’m possible’!",,
"Kötümser, fırsatlarından zorluk çıkaran kişidir ve iyimser, zorluklarından fırsat yaratan kişidir.",A pessimist is one who makes difficulties of his opportunities and an optimist is one who makes opportunities of his difficulties.,,
İhtiyacınız olan tek şey sevgi.,All you need is love.,,
Sevgi ve iyilik asla boşa gitmez. Her zaman fark yaratırlar.,Love and kindness are never wasted. They always make a difference.,,
"Başarısızlıktan, yeni şeyler denemeyi reddedecek kadar korkmayın. Hayatın en acı özeti üç tanımı içeriyor: Olabilirdi, olabilirdi ve olmalıydı.","Don't fear failure so much that you refuse to try new things. The saddest summary of life contains three descriptions: could have, might have and should have.",,
Doyum dolu bir hayat yaşamak için sahip olduğunuz şeyleri şükranla düşünün.,To live a life fulfilled reflect on the things you have with gratitude.,,
"Arkadaşlık, bir kişinin diğerine şöyle dediği anda doğar: Ne! Sen de mi? Benim tek olduğumu sanıyordum!","Friendship is born at that moment when one person says to another: ""What! You too? I thought I was the only one!",,
Okuryazarlık sefaletten umuda bir köprüdür.,Literacy is a bridge from misery to hope.,,
"Tüm insanlar eşit yaratılmıştır... belirli devredilemez Haklara sahiptir... bunların arasında Yaşam, Özgürlük ve Mutluluk arayışı da vardır.","All men are created equal... with certain unalienable Rights... among these are Life, Liberty and the pursuit of Happiness.",,
Herkes harika olabilir. Çünkü herkes hizmet edebilir.,Everybody can be great. Because anybody can serve.,,
Karakter büyük anlarda ortaya çıkabilir ama küçük anlarda ortaya çıkar.,"Character may be manifested in the great moments, but it is made in the small ones.",,
"Büyüklük mal mülkte, güçte, mevkide ya da prestijde bulunmaz. İyilikte, tevazuda, hizmette ve karakterde keşfedilir.","Greatness is not found in possessions, power, position, or prestige. It is discovered in goodness, humility, service, and character.",,
"Düşüncelerinize dikkat edin; çünkü onlar kelimelere dönüşürler. Sözlerine dikkat et; çünkü onlar eyleme dönüşürler. Eylemlerinizi izleyin; çünkü alışkanlık haline gelirler. Alışkanlıklarınıza dikkat edin; çünkü onlar karakter haline gelirler. Karakterinize dikkat edin, çünkü o sizin kaderiniz olacaktır.",Watch your thoughts; for they become words. Watch your words; for they become actions. Watch your actions; for they become habits. Watch your habits; for they become character. Watch your character for it will become your destiny.,,
"Hayat, motive olduğunuzda, hedefler belirlediğinizde ve durdurulamaz bir şekilde onların peşinden koştuğunuzda anlam kazanır.","Life takes on meaning when you become motivated, set goals and charge after them in an unstoppable manner.",,
"Take a method and try it. Başarısız olursa, açıkça itiraf edin ve başka bir tane deneyin. Ama mutlaka bir şeyler deneyin.","Take a method and try it. If it fails, admit it frankly, and try another. But by all means, try something.",,
"Ne olmaya kararlıysan o olabilirsin. Dünyada bir şey olmaya karar verirseniz, bir şey olursunuz. “Yapamam,” hiçbir şeyi başaramadım; ""Deneyeceğim"" harikalar yarattı.","You may be whatever you resolve to be. Determine to be something in the world and you will be something. “I cannot,” never accomplished anything; ""I will try,” has wrought wonders.",,
Her zaman rüzgara karşı duvarlarla kutsansın. Yağmur için bir çatı. Ateşin yanında sıcak bir fincan çay. Seni neşelendirmek için kahkahalar. Yakınınızda sevdikleriniz. Ve kalbinin isteyebileceği her şey.,May you always be blessed with walls for the wind. A roof for the rain. A warm cup of tea by the fire. Laughter to cheer you. Those you love near you. And all that your heart might desire.,,
Yeni bir yıl ve bunu doğru bir şekilde yapabilmemiz için bir şans daha.,Cheers to a new year and another chance for us to get it right.,,
"Verdiğimiz sevgi, sakladığımız tek sevgidir.",The love we give away is the only love we keep.,,
"Sevgi her zaman bir hediye olarak bahşedilir; özgürce, isteyerek ve hiçbir beklenti olmadan. Biz sevilmeyi değil, sevmeyi seviyoruz.","Love is always bestowed as a gift—freely, willingly, and without expectation. We don’t love to be loved, we love to love.",,
"Daha az korkun, daha fazlasını umut edin; Daha az yiyin, daha çok çiğneyin; Daha az sızlan, daha çok nefes al; Daha az konuşun, daha fazlasını söyleyin; Daha çok sevin, tüm güzel şeyler sizin olacak!","Fear less, hope more; Eat less, chew more; Whine less, breathe more; Talk less, say more; Love more, and all good things will be yours!",,
Aileler bize yol gösteren pusuladır. Onlar büyük zirvelere ulaşmamız için ilham kaynağı ve ara sıra bocaladığımızda bizim tesellimizdir.,"Families are the compass that guides us. They are the inspiration to reach great heights, and our comfort when we occasionally falter.",,
Ailelerimizi nerede bulursak bulalım onlara sahip çıkmalıyız.,We must take care of our families wherever we find them.,,
Aile ve arkadaşlıklar mutluluğun en büyük kolaylaştırıcılarından ikisidir.,Family and friendships are two of the greatest facilitators of happiness.,,
"Sevincinizin yolculuğunuzda olmasına izin verin, uzak bir hedefte değil.",Let your joy be in your journey—not in some distant goal.,,
"Hissettiğimiz mutluluğun hayatımızın koşullarıyla pek alakası yok, tamamen hayatımızın odak noktasıyla ilgisi var.",The joy we feel has little to do with the circumstances of our lives and everything to do with the focus of our lives.,,
"Hayatın özü büyük zaferlerde ve büyük başarısızlıklarda değil, basit sevinçlerdedir.","The essence of life is not in the great victories and grand failures, but in the simple joys.",,
"Sevinci, sürekli bir esenlik ve iç huzur duygusu, önemli olanla bağlantı olarak tanımlıyorum.",I define joy as a sustained sense of well-being and internal peace—a connection to what matters.,,
"Bizim büyüklüğümüz her zaman hiçbir şey beklemeyen ve hiçbir şeyi olduğu gibi kabul etmeyen, sahip oldukları şey için çok çalışan, sonra geri dönüp kendilerinden sonra başkalarına yardım eden insanlardan gelmiştir.","Our greatness has always come from people who expect nothing and take nothing for granted—folks who work hard for what they have, then reach back and help others after them.",,
"Başkalarına yardım ederken kendimize de yardım etmeliyiz, çünkü verdiğimiz iyilikler çemberi tamamlar ve bize geri döner.","In helping others, we shall help ourselves, for whatever good we give out completes the circle and comes back to us.",,
Bizi minnettar kılan sevinç değildir; bizi neşelendiren şey minnettarlıktır.,It is not joy that makes us grateful; it is gratitude that makes us joyful.,,
"Merhamet, her şeyin birbirine bağlı olduğunun keskin farkındalığıdır.",Compassion is the keen awareness of the interdependence of all things.,,
Eğer şefkatiniz kendinizi içermiyorsa eksiktir.,"If your compassion does not include yourself, it is incomplete.",,
"Kalplerimizin başkalarına karşı şefkatle açılmasına izin verin, çünkü herkes kendi zor yolunda yürüyor.","Let our hearts be stretched out in compassion toward others, for everyone is walking his or her own difficult path.",,
Nezaket kendi güdüsü haline gelebilir. Nazik davranarak nazik oluyoruz.,Kindness can become its own motive. We are made kind by being kind.,,
İnsan hayatında üç şey önemlidir. Birincisi nazik olmaktır. İkincisi nazik olmaktır. Üçüncüsü ise nazik olmaktır.,Three things in human life are important. The first is to be kind. The second is to be kind. And the third is to be kind.,,
"İçinizdeki o hazineyi, nezaketi iyi koruyun. Tereddüt etmeden vermeyi, pişmanlık duymadan kaybetmeyi, cimrilik yapmadan elde etmeyi bilin.","Guard well within yourself that treasure, kindness. Know how to give without hesitation, how to lose without regret, how to acquire without meanness.",,
Yalnızca büyük ölçüde başarısızlığa cesaret edenler büyük başarılara imza atabilirler.,Only those who dare to fail greatly can ever achieve greatly.,,
Her büyük başarının arkasında büyük hayaller kuran bir kişi vardır.,Behind every great achievement is a dreamer of great dreams.,,
Şimdi kanıtlananlar bir zamanlar sadece hayal edilmişti.,What is now proved was once only imagined.,,
"İnovasyon noktası, yetenekli ve motive insanların fikirleri ve hayalleri doğrultusunda harekete geçme fırsatını aradığı önemli anlardır.",The innovation point is the pivotal moment when talented and motivated people seek the opportunity to act on their ideas and dreams.,,
"Dünyanın sorunlarının, ufukları apaçık gerçeklerle sınırlı olan şüpheciler veya alaycılar tarafından çözülmesi mümkün değildir. Hiç olmamış şeyleri hayal edebilen ve 'neden olmasın' diye sorabilen insanlara ihtiyacımız var.",The problems of the world cannot possibly be solved by skeptics or cynics whose horizons are limited by the obvious realities. We need people who can dream of things that never were and ask 'why not'?,,
Dürüst olduğunuza asla pişman olmayın. Dönem.,Don’t ever regret being honest. Period.,,
Hakikat asla adil bir davaya zarar vermez.,Truth never damages a cause that is just.,,
"Kaybı dürüst olmayan bir kazanca tercih edin; biri o an için acı getirir, diğeri ise her zaman için.","Prefer a loss to a dishonest gain; the one brings pain at the moment, the other for all time.",,
"İşinize, sözünüze ve arkadaşınıza sadık olun.","Be true to your work, your word, and your friend.",,
"Dürüst bir hayat sürdüğünüzde, hakikate dayalı bir hayat yaşarsınız.","When you walk a life of honesty, you live a life of truth.",,
Yarını bugünle aydınlatın.,Light tomorrow with today.,,
Güçlü ol. Kime ilham verdiğini asla bilemezsin.,Be strong. You never know who you are inspiring.,,
"Saat ve takvimin, hayatın her anının bir mucize ve gizem olduğu gerçeğini göz ardı etmesine izin vermemeliyiz.",We must not allow the clock and the calendar to blind us to the fact that each moment of life is a miracle and mystery.,,
Yüzünüzü her zaman güneş ışığına doğru tutun; gölgeler arkanıza düşecektir.,Keep your face always toward the sunshine—and shadows will fall behind you.,,
"Mücevher sürtünmeden parlatılamaz, insan da denemeden mükemmelleşemez.","The gem cannot be polished without friction, nor a person perfected without trials.",,
"Tanıdığım en güzel insanlar; zorluklarla karşılaşan, mücadelelerle karşılaşan, kaybetmeyi bilen ve derinliklerden çıkış yolunu bulanlardır... Güzel insanlar bir anda meydana gelmez.","The most beautiful people I’ve known are those who have known trials, have known struggles, have known loss, and have found their way out of the depths… Beautiful people do not just happen.",,
Sen dağınla eş değersin.,You are a match for your mountain.,,
Korkunuzun farkında olmak akıllıcadır. Bunun üstesinden gelmek başarılı bir insanın işaretidir.,Being aware of your fear is smart. Overcoming it is the mark of a successful person.,,
"Güven kazanılır, saygı gösterilir ve sadakat gösterilir. Bunlardan herhangi birine ihanet etmek üçünü de kaybetmek demektir.","Trust is earned, respect is given, and loyalty is demonstrated. Betrayal of any one of those is to lose all three.",,
"Herkes sadakat, tutarlılık ve pes etmeyecek birini ister. Ama herkes o kişiyi elde etmek için o kişi olmanız gerektiğini unutuyor.","Everybody wants loyalty, consistency and somebody who won't quit. But everybody forgets that to get that person, you have to be that person.",,
"Sadakat güvenmemizi sağlar, güven kalmamızı sağlar, kalmak sevmemizi sağlar, sevgi ise umut verir.","Loyalty is what makes us trust, trust is what makes us stay, staying is what makes us love, and love is what gives us hope.",,
"Sadakat, karşılığında ne aldığınıza bakılmaksızın verdiğiniz bir şeydir ve sadakat verdiğinizde daha fazla sadakat elde edersiniz; ve sadakatten dolayı diğer harika nitelikler ortaya çıkar.","Loyalty is something you give regardless of what you get back, and in giving loyalty, you’re getting more loyalty; and out of loyalty flow other great qualities.",,
"Yapabildiğiniz veya yapabileceğinizi hayal ettiğiniz ne varsa başlayın. Cesaretin içinde deha, güç ve sihir vardır.","Whatever you can do or dream you can, begin it. Boldness has genius, power, and magic in it.",,
Küçük planlar yapmayın çünkü onların ruhu harekete geçirme güçleri yoktur.,Make no small plans for they have no power to stir the soul.,,
"Hayallerimizin çoğu ilk başta imkansız görünür, sonra olasılık dışı görünür ve sonra irademizi çağırdığımızda çok geçmeden kaçınılmaz hale gelirler.","So many of our dreams at first seem impossible, then they seem improbable, and then, when we summon the will, they soon become inevitable.",,
Başarısızlık çoğu zaman başarı gününün başlangıcından önceki sabahın erken saatlerindeki karanlık saattir.,Failure is often that early morning hour of darkness which precedes the dawning of the day of success.,,
"Başarı tesadüf değildir. Bu çok çalışmak, azim, öğrenmek, çalışmak, fedakarlık yapmak ve hepsinden önemlisi yaptığınız veya yapmaya öncülük ettiğiniz şeye duyulan sevgidir.","Success is no accident. It is hard work, perseverance, learning, studying, sacrifice and most of all, love of what you are doing or leading to do.",,
"Tüm engellere, cesaretsizliklere ve imkansızlıklara rağmen kalıcılık, azim ve sebat: Güçlü ruhu zayıftan her bakımdan ayıran şey budur.","Permanence, perseverance and persistence in spite of all obstacles, discouragements, and impossibilities: It is this that in all things distinguishes the strong soul from the weak.",,
"Engeller karşınıza çıktığında hedefinize ulaşmak için yönünüzü değiştirirsiniz, oraya ulaşma kararınızı değiştirmezsiniz.","When obstacles arise, you change your direction to reach your goal, you do not change your decision to get there.",,
"Çaba, ancak kişi bırakmayı reddettikten sonra ödülünü tamamen serbest bırakır.",Effort only fully releases its reward after a person refuses to quit.,,
Ne kadar çok okursanız o kadar çok şey bileceksiniz. Ne kadar çok öğrenirseniz o kadar çok yere gidersiniz.,"The more that you read, the more things you will know. The more that you learn, the more places you'll go.",,
"İyi kitaplar söz konusu olduğunda önemli olan onlardan kaç tanesine ulaşabildiğiniz değil, kaçının size ulaşabildiğidir.","In the case of good books, the point is not to see how many of them you can get through, but rather how many can get through to you.",,
Uyarı ve tepki arasında bir boşluk vardır. Bu alanda tepkimizi seçme gücümüz var. Cevabımızda büyümemiz ve özgürlüğümüz yatıyor.,Between stimulus and response there is a space. In that space is our power to choose our response. In our response lies our growth and our freedom.,,
Nasıl bakarsanız onu hemen hemen nasıl göreceksiniz.,How you look at it is pretty much how you’ll see it.,,
"Şimdiki anın içeriği ne olursa olsun, sanki onu seçmişsiniz gibi kabul edin. Daima onunla çalışın, ona karşı değil.","Whatever the present moment contains, accept it as if you had chosen it. Always work with it, not against it.",,
"Bir insanın bu dünyada gerçekten mutlu olabilmesi için sadece üç şeye ihtiyacı olduğunu söylüyorlar: sevecek biri, yapacak bir şey ve umut edecek bir şey.","They say a person needs just three things to be truly happy in this world: someone to love, something to do, and something to hope for.",,
Şans her zaman güçlüdür. Kancanız daima atılsın; havuzda hiç beklemediğiniz yerde bir balık olacak.,"Chance is always powerful. Let your hook be always cast; in the pool where you least expect it, there will be a fish.",,
Sınırlı hayal kırıklığını kabul etmeliyiz ama asla sonsuz umudumuzu kaybetmemeliyiz.,"We must accept finite disappointment, but we must never lose infinite hope.",,
"Umut güçlü bir güç olabilir. Belki bunda gerçek bir sihir yoktur ama en çok neyi umduğunuzu bildiğinizde ve onu içinizde bir ışık gibi tuttuğunuzda, neredeyse bir sihir gibi her şeyin gerçekleşmesini sağlayabilirsiniz.","Hope can be a powerful force. Maybe there's no actual magic in it, but when you know what you hope for most and hold it like a light within you, you can make things happen, almost like magic.",,
Kendi hayatınız da dahil olmak üzere her gün birisinin hayatında fark yaratmayı hedefleyin.,"Aim to make a difference in someone’s life every single day, including your own.",,
"Her birimizin, hepimiz için bir fark yaratması gerekiyor.",It takes each of us to make a difference for all of us.,,
Yaptığınız şey bir fark yaratır ve ne tür bir fark yaratmak istediğinize karar vermelisiniz.,What you do makes a difference and you have to decide what kind of a difference you want to make.,,
Hepimiz farklı gemilerle geldik ama artık hepimiz aynı gemideyiz.,"We all came in on different ships, but we're all in the same boat now.",,
Kendi değeriniz sizin tarafınızdan belirlenir. Birinin size kim olduğunuzu söylemesine bağlı kalmak zorunda değilsiniz.,Your self-worth is determined by you. You don’t have to depend on someone telling you who you are.,,
"En zor şey harekete geçme kararıdır, gerisi sadece azimdir.","The most difficult thing is the decision to act, the rest is merely tenacity.",,
Şu anda denemek kazanmaktır.,Trying is winning in the moment.,,
Yapamayacağınızı düşündüğünüz tek şeyi yapın. Başarısız olun. Tekrar deneyin. İkinci seferde daha iyisini yapın.,Do the one thing you think you cannot do. Fail at it. Try again. Do better the second time.,,
"Kendinizi denediğiniz ve başarısız olduğunuz şeylerle değil, hala yapmanızın mümkün olduğu şeylerle ilgilenin.","Concern yourself not with what you tried and failed in, but with what it is still possible for you to do.",,
"Gerçekten sahip olmaya değer hiçbir şeyi elde etmek kolay değildir. Önemli olan zorlu mücadeleler, fedakarlıkla kazanılan gollerdir.","Nothing really worth having is easy to get. The hard-fought battles, the goals won with sacrifice, are the ones that matter.",,
Çevremizde aradığımız harikaları içimizde taşıyoruz.,"We carry within us, the wonders we seek around us.",,
Her zaman merakın varlığına karşı tetikte olun.,Always be on the lookout for the presence of wonder.,,
"Büyümenin büyük sınırları yoktur; çünkü insan zekasının, hayal gücünün ve merakının sınırı yoktur.","There are no great limits to growth because there are no limits of human intelligence, imagination, and wonder.",,
Merak bilgeliğin başlangıcıdır.,Wonder is the beginning of wisdom.,,
"Sağlık ve esenlik söz konusu olduğunda, düzenli egzersiz sihirli bir iksire mümkün olduğunca yakındır.","When it comes to health and well-being, regular exercise is about as close to a magic potion as you can get.",,
"Hareket, kişinin fiziksel, duygusal ve zihinsel durumunda değişiklik yaratan bir ilaçtır.","Movement is a medicine for creating change in a person's physical, emotional, and mental states.",,
"Bir ayı, ne kadar çabalarsa çabalasın, egzersiz yapmadan şişkinleşir.","A bear, however hard he tries, grows tubby without exercise.",,
"Gerçek keyif, zihnin aktivitesinden ve bedenin egzersizinden gelir; ikisi her zaman birleşmiştir.",True enjoyment comes from activity of the mind and exercise of the body; the two are ever united.,,
"Fitness daha iyi düşünmeme, daha iyi hissetmeme ve daha iyi hareket etmeme yardımcı oluyor.","Fitness helps me think better, feel better, and move better.",,
Siz olmasaydınız belki de asla görülemeyecek şeyleri görünür hale getirin.,"Make visible what, without you, might perhaps never have been seen.",,
"Yapacağınız en yaratıcı eylem, kendinizi yaratma eylemidir.",The most creative act you will ever undertake is the act of creating yourself.,,
Yaratma arzusu insan ruhunun en derin özlemlerinden biridir.,The desire to create is one of the deepest yearnings of the human soul.,,
"Bir eritme potası değil, güzel bir mozaik haline geldik. Farklı insanlar, farklı inançlar, farklı özlemler, farklı umutlar, farklı hayaller.","We have become not a melting pot but a beautiful mosaic. Different people, different beliefs, different yearnings, different hopes, different dreams.",,
"Hepimiz birimiz ve birimiz hepimiz için, birlik halinde ayakta duruyoruz, bölünmüş durumdayız.","All for one and one for all, united we stand divided we fall.",,
"Başkalarına hizmet, dünyadaki odanız için ödediğiniz kiradır.",Service to others is the rent you pay for your room here on earth.,,
"Daha iyi ve daha güvenli bir dünya inşa etme umutlarımız hayal ürünü olmanın ötesine geçecekse, gönüllülerin katılımına her zamankinden daha fazla ihtiyacımız olacak.","If our hopes of building a better and safer world are to become more than wishful thinking, we will need the engagement of volunteers more than ever.",,
"Eğitim ve deneyim arasındaki farkı biliyor musunuz? Eğitim, küçük yazıları okuduğunuz zamandır; deneyim, yapmadığınızda elde ettiğiniz şeydir.",Do you know the difference between education and experience? Education is when you read the fine print; experience is what you get when you don't.,,
"Eğitim, dağları hareket ettirmenin, köprüler kurmanın, dünyayı değiştirmenin yoludur.","Education is the way to move mountains, to build bridges, to change the world.",,
Dünya güzel bir yer ve uğruna savaşmaya değer.,The Earth is a fine place and worth fighting for.,,
Doğa bizim için her gün sonsuz güzellikte resimler çiziyor.,"Nature is painting for us, day after day, pictures of infinite beauty.",,
"Hiçbir görev, teşekkür etmekten daha acil değildir.",No duty is more urgent than that of returning thanks.,,
Takdir... Minnettar düşüncelerinizin ışığını parlattığınız her yerde iyiliğin varlığını kabul eder.,Appreciation...acknowledges the presence of good wherever you shine the light of your thankful thoughts.,,
"En şanslı olanlar, yaşamın temel nimetlerini huşu, zevk ve merakla tekrar tekrar, taze ve saf bir şekilde takdir etme yeteneğine sahip olanlardır.","The most fortunate are those who have a wonderful capacity to appreciate again and again, freshly and naively, the basic goods of life, with awe, pleasure, wonder.",,
"Kahramanların mirası, büyük bir ismin anısı ve büyük bir örneğin mirasıdır.",The legacy of heroes is the memory of a great name and the inheritance of a great example.,,
Ne mutlu hatırlamadan verebilen ve unutmadan alabilenlere.,Blessed are those who can give without remembering and take without forgetting.,,
Ağaçları tanıdığım için sabrın anlamını anlıyorum. Çimleri tanıdığım için ısrarı takdir edebilirim.,"Knowing trees, I understand the meaning of patience. Knowing grass, I can appreciate persistence.",,
Önemli olan her şeyi öğrendikten sonra öğrendiğiniz şeydir.,It’s what you learn after you know it all that counts.,,
Öğrenme tesadüfen elde edilmez; şevkle aranmalı ve titizlikle ele alınmalıdır.,"Learning is not attained by chance, it must be sought for with ardor and attended to with diligence.",,
Kurallara uyarak yürümeyi öğrenemezsiniz. Yaparak ve düşerek öğrenirsiniz.,"You don’t learn to walk by following rules. You learn by doing, and by falling over.",,
"Tek gerçek hata, hiçbir şey öğrenemediğimiz hatadır.",The only real mistake is the one from which we learn nothing.,,
"Sizi kazanan ya da kaybeden yapan, kazanmaya ve kaybetmeye verdiğiniz tepkidir.",It is your response to winning and losing that makes you a winner or a loser.,,
"Zafer sadece final skorunda değil, yarışmanın kalitesindedir.","Victory is in the quality of the competition, not just the final score.",,
Başarınız kendi güveniniz ve cesaretiniz tarafından belirlenecektir.,Your success will be determined by your own confidence and fortitude.,,
"Birine her gülümsemeniz bir sevgi eylemidir, o kişiye verilen bir hediyedir, güzel bir şeydir.","Every time you smile at someone, it is an action of love, a gift to that person, a beautiful thing.",,
Dünyadaki hiçbir istatistik bir gülümsemenin sıcaklığını ölçemez.,All the statistics in the world can’t measure the warmth of a smile.,,
Gülümseme burnunuzun dibinde bulacağınız mutluluktur.,A smile is happiness you’ll find right under your nose.,,
"Gülümse, herkesin kalbinin kilidine uyan anahtardır.","Smile, it is the key that fits the lock of everybody’s heart.",,
"Sadakat bir karardır, ruhun bir kararıdır.","Loyalty is a decision, a resolution of the soul.",,
"Hiçbir şey sadakatten daha asil, daha saygıdeğer değildir.","Nothing is more noble, nothing more venerable, than loyalty.",,
"Sadakat, bir ilişkinin ömür boyu sürmesini sağlayan en güçlü yapıştırıcıdır.",Loyalty is the strongest glue—which makes a relationship last a lifetime.,,
Sizden daha yetenekli insanlar olabilir ama kimsenin sizden daha fazla çalışmasının mazereti olamaz.,"There may be people that have more talent than you, but there’s no excuse for anyone to work harder than you do.",,
Güçlü bir amaç için yaşadığınızda sıkı çalışma bir seçenek değildir. Bu bir zorunluluktur.,"When you live for a strong purpose, hard work isn’t an option. It’s a necessity.",,
"Başarılı insanlar yetenekli değildir; sadece çok çalışırlar, sonra bilerek başarılı olurlar.","Successful people are not gifted; they just work hard, then succeed on purpose.",,
"Başarının bedelini biliyorum: özveri, sıkı çalışma ve gerçekleşmesini istediğiniz şeylere aralıksız bağlılık.","I know the price of success: dedication, hard work, and an unremitting devotion to the things you want to see happen.",,
Güzel bir söz bir bahar günü gibidir.,A kind word is like a spring day.,,
"Hayattaki misyonum, hayatın en derin sevincini bulmak ve hissetmek için nazik, şefkatli, ilgili ve sevgi dolu olmaktır.","My mission in life is to be kind, compassionate, caring, and loving in order to find and feel the deepest joy of life.",,
Birkaç duyarlı insanın dünyayı değiştiremeyeceğine asla inanmayın. Çünkü gerçekten de sahip olan tek şey bu.,"Never believe that a few caring people can’t change the world. For, indeed, that’s all who ever have.",,
"Kendinizi genişletmekten, konfor alanınızın dışına çıkmaktan korkmayın. Sevincin ve maceranın yattığı yer burasıdır.","Don’t be afraid to expand yourself, to step out of your comfort zone. That’s where the joy and the adventure lie.",,
İletişimde en önemli şey söylenmeyeni duymaktır.,The most important thing in communication is to hear what isn't being said.,,
Dinlemekle duymak arasında çok fark var.,There's a lot of difference between listening and hearing.,,
"Dinlemek manyetik ve tuhaf bir şeydir, yaratıcı bir güçtür. Bizi dinleyen dostlarımız, yaklaştığımız dostlardır. Dinlendiğimiz zaman bizi yaratır, açmamızı ve genişletmemizi sağlar.","Listening is a magnetic and strange thing, a creative force. The friends who listen to us are the ones we move toward. When we are listened to, it creates us, makes us unfold and expand.",,
İyiyi bulun ve onu övün.,Find the good—and praise it.,,
Kendinizinki kadar başkalarının başarısı konusunda da heyecan duyacağınıza dair kendinize söz verin.,Promise yourself to be just as enthusiastic about the success of others as you are about your own.,,
"Başkalarının ne yaptığının farkında olun, çabalarını takdir edin, başarılarını takdir edin ve onları uğraşları konusunda cesaretlendirin. Hepimiz birbirimize yardım ettiğimizde herkes kazanır.","Be aware of what others are doing, applaud their efforts, acknowledge their successes, and encourage them in their pursuits. When we all help one another, everybody wins.",,
"Anın tadını çıkarın, bu yeterli. Her an ihtiyacımız olan tek şey, daha fazlası değil.","Be happy in the moment, that’s enough. Each moment is all we need, not more.",,
Mutluluğun temel kökü zihnimizdedir; dış koşullar olumsuz veya olumlu olmaktan başka bir şey değildir.,The basic root of happiness lies in our minds; outer circumstances are nothing more than adverse or favorable.,,
Zihin tıpkı bir kas gibidir; onu ne kadar çok çalıştırırsanız o kadar güçlenir ve o kadar genişleyebilir.,"The mind is just like a muscle—the more you exercise it, the stronger it gets and the more it can expand.",,
Sonuçta sadece üç şey önemli: Ne kadar iyi yaşadık. Ne güzel sevdik. Bırakmayı ne kadar iyi öğrendik.,"In the end, just three things matter: How well we have lived. How well we have loved. How well we have learned to let go.",,
"Başkalarına sunabileceğimiz en değerli hediye varlığımızdır. Farkındalık sevdiklerimizi kucakladığında, onlar da çiçekler gibi açacaklar.","The most precious gift we can offer others is our presence. When mindfulness embraces those we love, they will bloom like flowers.",,
"Bir tohumun en büyük ifadesini elde etmesi için tamamen çözülmüş olması gerekir. Kabuk çatlar, içi dışarı çıkar ve her şey değişir. Büyümeyi anlamayan biri için bu tam bir yıkım gibi görünecektir.","For a seed to achieve its greatest expression, it must come completely undone. The shell cracks, its insides come out and everything changes. To someone who doesn't understand growth, it would look like complete destruction.",,
"Yaşadıklarınızı yakıt olarak kullanın, kendinize inanın ve durdurulamaz olun!","Use what you’ve been through as fuel, believe in yourself and be unstoppable!",,
"Doğru ruhla katlanılan ve atlatılan her deneme, ruhu eskisinden daha asil ve daha güçlü kılar.",Every trial endured and weathered in the right spirit makes a soul nobler and stronger than it was before.,,
Gerçek güzellik parlamaz; çekiyor.,True beauty does not shine; it attracts.,,
Güzel olmak kendin olmak demektir. Başkaları tarafından kabul edilmenize gerek yok. Kendinizi kabul etmeniz gerekiyor.,To be beautiful means to be yourself. You don’t need to be accepted by others. You need to accept yourself.,,
"Gerçek güzellik, eylemlerimiz ve özlemlerimizle ve başkalarına sunduğumuz nezaketle doğar.",True beauty is born through our actions and aspirations and in the kindness we offer to others.,,
"Her deneyim, karakterinizin dokusunda bir dikiştir.",Every experience is a stitch in the fabric of your character.,,
"Sıkıntı karakteri oluşturmaz, onu ortaya çıkarır.","Adversity does not build character, it reveals it.",,
Eğer karakterime dikkat edersem itibarım da kendi başının çaresine bakar.,"If I take care of my character, my reputation will take care of itself.",,
Doğa yalnızca madde değildir. O aynı zamanda ruhtur.,Nature is not matter only. She is also spirit.,,
Doğaya yürümek bin mucizeye tanık olmaktır.,To walk into nature is to witness a thousand miracles.,,
"Tüm insanlar için özgürlük ve eşitliği, adaleti ve refahı önemseyen bir kişi olarak bilinmek isterim.",I would like to be known as a person who is concerned about freedom and equality and justice and prosperity for all people.,,
Doğru olanı yapmaktan asla ama asla korkmayın.,"Never, never be afraid to do what's right.",,
"Kendi potansiyelinizin olanaklarını kucaklamak cesaret gerektirebilir, ancak korkularınızın zirvesini aştığınızda hiçbir şey imkansız görünmeyecek.","It may take courage to embrace the possibilities of your own potential, but once you've flown past the summit of your fears, nothing will seem impossible.",,
Cesareti seçebilirsiniz ya da rahatlığı seçebilirsiniz ama ikisini birden seçemezsiniz.,"You can choose courage, or you can choose comfort, but you cannot choose both.",,
"Kahkahaların doruğunda, evren yeni olasılıklardan oluşan bir kaleydoskopun içine fırlatılır.","At the height of laughter, the universe is flung into a kaleidoscope of new possibilities.",,
Dünyada kahkaha ve iyi mizah kadar karşı konulamaz derecede bulaşıcı hiçbir şey yoktur.,There is nothing in the world so irresistibly contagious as laughter and good humor.,,
Yeni başlangıçların büyüsü gerçekten de bunların en güçlüsüdür.,The magic in new beginnings is truly the most powerful of them all.,,
Gözlerimi eski sonlara kapatıyorum. Ve kalbimi yeni başlangıçlara aç.,I close my eyes to old ends. And open my heart to new beginnings.,,
Hayatımızın en güzel günlerinden bazılarının henüz yaşanmamış olması ne kadar harika bir düşünce.,What a wonderful thought it is that some of the best days of our lives haven't even happened yet.,,
Kendinizi bulmanın en iyi yolu kendinizi başkalarının hizmetinde kaybetmektir.,The best way to find yourself is to lose yourself in the service of others.,,
"Sonuç olarak önemli olan, neye sahip olduğunuz ya da neyi başardığınız değil… Önemli olan kimi yükselttiğiniz, kimi iyileştirdiğinizdir. Bu, neleri geri verdiğinle ilgili.","At the end of the day, it's not about what you have or even what you've accomplished… It's about who you've lifted up, who you've made better. It's about what you've given back.",,
Dünyanın acılarını iyileştiremeyiz ama sevinç içinde yaşamayı seçebiliriz.,"We cannot cure the world of sorrows, but we can choose to live in joy.",,
Neşe; ne olacağına bağlı olmayan türden bir mutluluk.,Joy; the kind of happiness that doesn’t depend on what happens.,,
Sevinç şeylerin içinde değildir; o bizim içimizdedir.,Joy is not in things; it is in us.,,
"Minnettarlık duymak ve bunu ifade etmemek, hediyeyi paketleyip vermemeye benzer.",Feeling gratitude and not expressing it is like wrapping a present and not giving it.,,
Sahip olduklarınıza şükredin; sonunda daha fazlasına sahip olacaksınız. Eğer sahip olmadığın şeye odaklanırsan asla yeterli olamazsın.,"Be thankful for what you have; you'll end up having more. If you concentrate on what you don't have, you will never, ever have enough.",,
"Ruh rüzgar gibidir, onu göremeyiz ama onun derin etkilerini görebiliriz.","Spirit is like the wind, in that we can’t see it but can see its effects, which are profound.",,
Kendi arzularına sadık olmak nefsin görevidir. Kendini efendi tutkusuna bırakmalıdır.,It is the soul's duty to be loyal to its own desires. It must abandon itself to its master passion.,,
"Gülümseme, ruhun penceresinde, kalbin evde olduğunu gösteren bir ışıktır.",A smile is a light in the window of the soul indicating that the heart is at home.,,
"Her insanın ruhunu temsil eden bir ideali, bir umudu, bir hayali vardır. Ona sevginin sıcaklığını, anlayışın ışığını ve cesaretin özünü vermeliyiz.","Each person has an ideal, a hope, a dream which represents the soul. We must give to it the warmth of love, the light of understanding and the essence of encouragement.",,
Sadece sözlerle hedefe ulaşamayız. Pratik olmadan hiçbir şey başarılamaz.,"We cannot reach the goal by mere words alone. Without practice, nothing can be achieved.",,
Önemli olan antrenmanda harcadığınız zamanın miktarı değildir; uygulamaya koyduğunuz şey budur.,It's not necessarily the amount of time you spend at practice that counts; it's what you put into the practice.,,
"Her birimiz hırsı ve ilerlemeyi kendimiz tanımlayabiliriz. Hedef, beklentilerin bizi geride tutan stereotipler tarafından değil, kişisel tutkularımız, yeteneklerimiz ve ilgi alanlarımız tarafından belirlendiği bir dünya için çalışmaktır.","We can each define ambition and progress for ourselves. The goal is to work toward a world where expectations are not set by the stereotypes that hold us back, but by our personal passion, talents and interests.",,
Hedefleriniz konusunda iddialı olmaktan korkmayın. Sıkı çalışma asla durmaz. Hayalleriniz de olmamalı.,Don’t be afraid to be ambitious about your goals. Hard work never stops. Neither should your dreams.,,
"Hırs, V8 motorla bir rüyadır.",Ambition is a dream with a V8 engine.,,
Ne yapmak istiyorsan şimdi yap! Sadece çok fazla yarın var.,"Whatever you want to do, do it now! There are only so many tomorrows.",,
Hayat büyük ve harikulade bir gizemdir ve emin olduğumuz tek şey şu anda burada ne olduğudur. Kaçırmayın.,"Life is a great and wondrous mystery, and the only thing we know that we have for sure is what is right here right now. Don’t miss it.",,
Paylaşmadan sahip olmanın mutluluğu olmaz.,There is no joy in possession without sharing.,,
"Daha bereketli yaşamanın üç anahtarı: Başkalarını önemsemek, başkaları için cesaret etmek, başkalarıyla paylaşmak.","Three keys to more abundant living: caring about others, daring for others, sharing with others.",,
Tek bir mumdan binlerce mum yakılabilir ve mumun ömrü kısalmaz. Mutluluk paylaşıldıkça azalmaz.,"Thousands of candles can be lit from a single candle, and the life of the candle will not be shortened. Happiness never decreases by being shared.",,
"Mucize şudur: Ne kadar çok paylaşırsak, o kadar çok şeye sahip oluruz.",The miracle is this: the more we share the more we have.,,
"Karşınıza ne çıkarsa çıksın, ne kadar zor olursa olsun, ne kadar adaletsiz olursa olsun hayatta kalmaktan daha fazlasını yapacağınıza karar verin. Her şeye rağmen gelişeceksin.","Make up your mind that no matter what comes your way, no matter how difficult, no matter how unfair, you will do more than simply survive. You will thrive in spite of it.",,
Zor zamanlar asla sürmez ama zor insanlar kalıcıdır.,"Tough times never last, but tough people do.",,
Güçlü olmak sahip olduğunuz tek seçenek olana kadar ne kadar güçlü olduğunuzu asla bilemezsiniz.,You never know how strong you are until being strong is the only choice you have.,,
Yaratıcılığın önemli bir yönü başarısız olmaktan korkmamaktır.,An essential aspect of creativity is not being afraid to fail.,,
"Dünyadaki en güçlü, verimli enerji kaynağı kendi zihninizdir. Her şeyden yaratıcı yakıt elde edilebileceğini keşfedin ve keşfedin.","The most powerful, efficient energy source in the world is your own mind. Explore and discover that it can make creative fuel from anything.",,
"Engellerin sizi durdurmasına gerek yok. Eğer bir duvara çarparsanız arkanıza dönüp pes etmeyin. Ona nasıl tırmanacağınızı, üzerinden nasıl geçeceğinizi veya etrafından nasıl dolaşacağınızı öğrenin.","Obstacles don’t have to stop you. If you run into a wall, don’t turn around and give up. Figure out how to climb it, go through it or work around it.",,
"Bir rüya sihir yoluyla gerçeğe dönüşmez; ter, kararlılık ve sıkı çalışma gerektirir.","A dream doesn't become reality through magic; it takes sweat, determination and hard work.",,
İmkansız ile mümkün arasındaki fark kişinin kararlılığındadır.,The difference between the impossible and the possible lies in a person's determination.,,
"Tutku, yaratıcılığı serbest bırakan büyük bir güçtür; çünkü bir konuda tutkuluysanız risk almaya daha istekli olursunuz.","Passion is one great force that unleashes creativity, because if you're passionate about something, then you're more willing to take risks.",,
Tutku enerjidir. Sizi heyecanlandıran şeye odaklanmanın getirdiği gücü hissedin.,Passion is energy. Feel the power that comes from focusing on what excites you.,,
"Gerçek ait olmak, kim olduğunuzu değiştirmenizi gerektirmez; olduğunuz kişi olmanızı gerektirir.",True belonging doesn’t require you to change who you are; it requires you to be who you are.,,
"Dünyadaki işimiz eleştirmek, reddetmek ya da yargılamak değil. Amacımız yardım eli, şefkat ve merhamet sunmaktır. Bize yapmalarını umduğumuz şeyleri biz de başkalarına yapmalıyız.","Our job on earth isn't to criticize, reject, or judge. Our purpose is to offer a helping hand, compassion, and mercy. We are to do unto others as we hope they would do unto us.",,
"Ve bir tomurcukta sımsıkı kalma riskinin, çiçek açma riskinden daha acı verici olduğu gün geldi.",And the day came when the risk to remain tight in a bud was more painful than the risk it took to blossom.,,
Olduğumuz gibi kalarak olmamız gereken şeye dönüşemeyeceğimizi unutmamak önemlidir.,"It is important to remember that we cannot become what we need to be, by remaining what we are.",,
Hayatınızı saate göre değil pusulaya göre yaşayın.,"Live your life by a compass, not a clock.",,
"Küçük ve önemsiz nitelikteki nezaketler, minnettar ve takdir dolu bir yürekte en derin etkiyi yaratan nezaketlerdir.",Courtesies of a small and trivial character are the ones which strike deepest in the grateful and appreciating heart.,,
"Küçük nezaketler hayatı tatlandırır; ne kadar büyük olursa, onu yüceltirsin.","The small courtesies sweeten life; the greater, ennoble it.",,
Nezaket küçük bir davranıştır ama büyük bir darbeyi beraberinde getirir.,Courtesy is a small act but it packs a mighty wallop.,,
"Dürüstlük, bir hatanın başarısızlığa dönüşmesini önlemenin en hızlı yoludur.",Honesty is the fastest way to prevent a mistake from turning into a failure.,,
"Gerçeği sadece akılla değil, kalple de biliyoruz.","We know the truth, not only by the reason, but also by the heart.",,
"Acil bir durumda, basit gerçek kadar güçlü veya güvenli hiçbir şey yoktur.",There is nothing so strong or safe in an emergency of life as the simple truth.,,
Dürüstlük kendime gerçeği söylemektir. Ve dürüstlük diğer insanlara doğruyu söylemektir.,Integrity is telling myself the truth. And honesty is telling the truth to other people.,,
"Umut güneş gibidir, ona doğru yürüdükçe yükümüzün gölgesini arkamıza düşürür.","Hope is like the sun, which, as we journey toward it, casts the shadow of our burden behind us.",,
An ne kadar karanlık olursa olsun sevgi ve umut her zaman mümkündür.,"No matter how dark the moment, love and hope are always possible.",,
"Mutluluk en karanlık zamanlarda bile bulunabilir, ancak yalnızca ışığı açmayı hatırlayanlar için.","Happiness can be found in even the darkest of times, but only to those who remember to turn on the light.",,
Bir kez umudu seçtiğinizde her şey mümkündür.,"Once you choose hope, anything's possible.",,
İnsanlara sanki olmaları gerektiği gibi davranın ve onların olabildikleri kişi olmalarına yardımcı olun.,"Treat people as if they were what they ought to be, and you help them become what they are capable of being.",,
"Yaptığım her şeyin ötesinde, her zaman yeteneğimden çok cesaretim olduğunu söyledim.","Above everything else I've done, I've always said I've had more guts than I've got talent.",,
Cesaret hakkında konuşamazsınız; onu somutlaştırmalısınız. İnanç hakkında konuşamazsınız; onu yaşamak zorundasınız. Çöl hakkında konuşamazsınız; onu geçmek zorundasınız.,You cannot talk about grit—you have to embody it. You cannot talk about faith—you have to live it. You cannot talk about the desert—you have to cross it.,,
Her harika hikaye birisinin pes etmemeye karar vermesiyle gerçekleşir.,Every great story happened when someone decided not to give up.,,
"Kahkaha atmadan geçirilen bir gün, boşa harcanmış bir gündür.",A day without laughter is a day wasted.,,
"Özgürlük, asla olacağımızı düşünmediğimiz şey olma fırsatı anlamına gelir.",Freedom means the opportunity to be what we never thought we would be.,,
Gerçek anlamda özgürlük verilemez; başarılması gerekir.,"In the truest sense, freedom cannot be bestowed; it must be achieved.",,
"Özgürlüğü istediğimizi yapma hakkı olarak değil, doğru olanı yapma fırsatı olarak düşünebilir miyiz?","May we think of freedom not as the right to do as we please, but as the opportunity to do what is right.",,
Barış ve adalet aynı madalyonun iki yüzüdür.,Peace and justice are two sides of the same coin.,,
"Hayatta önemli olan sadece yaşamış olmamız değildir. Sürdürdüğümüz hayatın önemini belirleyecek olan, başkalarının hayatlarında yarattığımız değişikliktir.",What counts in life is not the mere fact that we have lived. It is what difference we have made to the lives of others that will determine the significance of the life we lead.,,
Dünyadan etkilenmeyi seçebiliriz ya da dünyayı etkilemeyi seçebiliriz.,We can choose to be affected by the world or we can choose to affect the world.,,
"Yapmanın aciliyetinden etkilendim. Bilmek yeterli değildir; başvurmalıyız. İstekli olmak yetmez, yapmalıyız.","I have been impressed with the urgency of doing. Knowing is not enough; we must apply. Being willing is not enough, we must do.",,
Sadece geçimini sağlamak için çabalamayın. Bir fark yaratmayı arzulayın.,Don’t just aspire to make a living. Aspire to make a difference.,,
"Hata yapmak insanidir, affetmek ise ilahidir.","To err is human, to forgive, divine.",,
"Affetme kapasitesini geliştirmeli ve korumalıyız. Affetme gücünden yoksun olan, sevme gücünden de yoksundur.",We must develop and maintain the capacity to forgive. He who is devoid of the power to forgive is devoid of the power to love.,,
Affetmek güçlülerin özelliğidir.,Forgiveness is the attribute of the strong.,,
"Anlamak, kendini bile affetmektir.","To understand is to forgive, even oneself.",,
"Cesur olmak olağanüstü niteliklere, sihirli formüllere ihtiyaç duymaz. Bu, er ya da geç hepimize sunulan bir fırsattır ve her insanın bu cesareti kendi ruhunda araması gerekir.","To be courageous requires no exceptional qualifications, no magic formula. It's an opportunity that sooner or later is presented to us all and each person must look for that courage in their own soul.",,
"Cesaret, korkunun olmaması değil, başka bir şeyin korkudan daha önemli olduğu yargısıdır.","Courage is not the absence of fear, but rather the judgement that something else is more important than fear.",,
"Önlerinde sinmek yerine, onların arasından cesurca yürümeye karar verirsek, engellerimizin çoğu ortadan kalkar.","Most of our obstacles would melt away if, instead of cowering before them, we should make up our minds to walk boldly through them.",,
Günleri saymayın; günleri sayın.,Do not count the days; make the days count.,,
Ölme zamanı geldiğinde hiç yaşamadığımızı keşfetmeyelim.,"When it comes time to die, let us not discover that we have never lived.",,
Her durumda iyiyi görmeye çalışın.,Endeavor to see the good in every situation.,,
Farkındalık kendimizle ve deneyimlerimizle dost olmanın bir yoludur.,Mindfulness is a way of befriending ourselves and our experience.,,
Dünyadaki güzelliklere bakmak zihni arındırmanın ilk adımıdır.,"Looking at beauty in the world, is the first step of purifying the mind.",,
Büyük Belki'yi aramaya gidiyorum.,I go to seek a Great Perhaps.,,
"Aile, kollarınızı birbirinize dolamak ve orada olmak demektir.",Family means putting your arms around each other and being there.,,
Başkalarının yanında olun ama kendinizi asla geride bırakmayın.,"Be there for others, but never leave yourself behind.",,
Asla başkalarını düşünmeyecek kadar meşgul olmayın.,Never be so busy as not to think of others.,,
Her şey umutsuz görünürken bazen birinin yanında olmak bile umut getirebilir.,Just being there for someone can sometimes bring hope when all seems hopeless.,,
Birini seviyorsanız ona verebileceğiniz en büyük hediye varlığınızdır.,"If you love someone, the greatest gift you can give them is your presence.",,
Öğretmeyi istediğimiz şey olmalıyız.,We must become what we wish to teach.,,
Amacı olmayan insan dümensiz gemiye benzer.,A man without a purpose is like a ship without a rudder.,,
"İnsan mükemmelliğinin kalbi, size anlam, neşe veya tutku duygusu veren bir uğraşı keşfettiğinizde sıklıkla atmaya başlar.","The heart of human excellence often begins to beat when you discover a pursuit that gives you a sense of meaning, joy, or passion.",,
Geleceğe en iyi şekilde şimdiyi koruyarak bakarız.,We take care of the future best by taking care of the present now.,,
Dünyanın kendi yaralarını iyileştirmesine ve bu süreçte kendi yaralarımızı iyileştirmesine yardım etmeye çağrıldık.,We are called to assist the Earth to heal her wounds and in the process heal our own.,,
Misyonum doğayla uyum içinde yaşayabileceğimiz bir dünya yaratmak.,My mission is to create a world where we can live in harmony with nature.,,
Çaba olmadan fiziksel ya da zihinsel olarak gelişme olmaz ve çaba çalışmak demektir.,"There is no development physically or intellectually without effort, and effort means work.",,
"En nadir, en gerçek güzellik yalnızca kalp tarafından görülebilir.","The rarest, truest beauty is visible only to the heart.",,
"İnsanlar vitray pencereler gibidir. Güneş çıktığında parlıyorlar ve parlıyorlar, ancak karanlık çöktüğünde gerçek güzellikleri ancak içeriden bir ışık olduğunda ortaya çıkıyor.","People are like stained-glass windows. They sparkle and shine when the sun is out, but when the darkness sets in, their true beauty is revealed only if there is a light from within.",,
Dış güzellik göze hoş gelir. İç güzellik kalbi büyüler.,Outer beauty pleases the eye. Inner beauty captivates the heart.,,
Dünyadaki en önemli şey aile ve sevgidir.,The most important thing in the world is family and love.,,
Başka şeyler bizi değiştirebilir ama biz aileyle başlayıp aileyle bitiriyoruz.,"Other things may change us, but we start and end with the family.",,
Aileler bize yol gösteren pusuladır.,Families are the compass that guides us.,,
Doğa ziyaret edilecek bir yer değil. Evdir.,Nature is not a place to visit. It is home.,,
Çünkü aldığımız şey vermektir.,For it is in giving that we receive.,,
Sen verdiğin şeysin; sana verilen şey değil.,You are what you give; not what you are given.,,
Her sabah bu değişikliği yapma ve olmak istediğiniz kişi olma şansınız var. Sadece bunu yapmaya karar vermelisin.,You have a chance every single morning to make that change and be the person you want to be. You just have to decide to do it.,,
"Şampiyon olmak için, kimsenin inanmadığı halde kendinize inanmalısınız.",To be a champ you have to believe in yourself when no one else will.,,
"Herhangi bir karar anında yapabileceğiniz en iyi şey doğru şeydir, sonraki en iyi şey yanlış şeydir ve yapabileceğiniz en kötü şey hiçbir şey yapmamaktır.","In any moment of decision, the best thing you can do is the right thing, the next best thing is the wrong thing, and the worst thing you can do is nothing.",,
"Bir şeyi doğru yapmakla, doğru olanı yapmak arasında fark vardır.",There's a difference between doing things right and doing the right thing.,,
"Bazen kazanıp yanlış şeyi yapmaktansa, kaybedip doğru olanı yapmak daha iyidir.",Sometimes it is better to lose and do the right thing than to win and do the wrong thing.,,
İyiliği eken sevgiyi toplar.,He who plants kindness gathers love.,,
"En küçük iyilik eylemi, en büyük niyetten daha değerlidir.",The smallest act of kindness is worth more than the grandest intention.,,
"Denizden daha muhteşem bir manzara vardır, o da gökyüzü; Gökyüzünden daha büyük bir manzara vardır, o da ruhun içidir.","There is one spectacle grander than the sea, that is the sky; there is one spectacle grander than the sky, that is the interior of the soul.",,
"Ruh, aramayı bildiği şeyi elde etmekte başarısız olamaz.","Whatever the soul knows how to seek, it cannot fail to obtain.",,
"Güçlü ruhtur, naziktir, bilgedir ve güzeldir.","Strong is the soul, kind, and wise, and beautiful.",,
"Ruh, coşkulu deneyimi karşılamaya hazır olarak her zaman aralık durmalıdır.","The soul should always stand ajar, ready to welcome the ecstatic experience.",,
"Her şeyin anahtarı sabırdır. Tavuğu yumurtayı kırarak değil, çatlayarak elde edersiniz.","The key to everything is patience. You get the chicken by hatching the egg, not by smashing it.",,
Gittiğim her yere iltifatlar ve canlandırıcı sözler serpeceğim.,I will sprinkle compliments and uplifting words everywhere I go.,,
Samimi iltifatların hiçbir maliyeti yoktur ve çok şey başarabilir.,Sincere compliments cost nothing and can accomplish much.,,
İyi bir iltifatla iki ay yaşayabilirim.,I can live for two months on a good compliment.,,
Küçük bir iltifatın verdiği mutluluktan daha orantısız bir etki olamaz.,There is no effect more disproportionate to its cause than the happiness bestowed by a small compliment.,,
Ve hepsinden önemlisi etrafınızdaki tüm dünyayı ışıltılı gözlerle izleyin çünkü en büyük sırlar her zaman en beklenmedik yerlerde saklıdır.,"And above all, watch with glittering eyes the whole world around you because the greatest secrets are always hidden in the most unlikely places.",,
"Sihir, uyanma ve olayları sıradan hale gelmeden önce gördüğünüz gibi görme deneyimidir.",Magic is the experience of waking up and seeing things the way you saw them before they became ordinary.,,
"Merak etmek bir mutluluktur, hayal etmek bir mutluluktur.",It is a happiness to wonder—it is a happiness to dream.,,
Hepimiz bu dünyanın vahşi doğasındaki gezginleriz ve seyahatlerimizde bulabileceğimiz en iyi şey dürüst bir arkadaştır.,"We are all travelers in the wilderness of this world, and the best we can find in our travels is an honest friend.",,
Bu dünyada gerçek dostluktan daha değerli hiçbir şey yoktur.,There is nothing on this earth more to be prized than true friendship.,,
"Arkadaş, sizi olduğunuz gibi tanıyan, nerede olduğunuzu anlayan, dönüştüğünüzü kabul eden ve yine de nazikçe büyümenize izin veren kişidir.","A friend is one that knows you as you are, understands where you have been, accepts what you have become, and still, gently allows you to grow.",,
"Bazı şeyler gözünüze çarpar, ancak yalnızca kalbinizi ele geçirenlerin peşinden gidin.","Certain things catch your eye, but pursue only those that capture the heart.",,
Motivasyon sizi başlatan şeydir. Alışkanlık sizi devam ettiren şeydir.,Motivation is what gets you started. Habit is what keeps you going.,,
"Motivasyon ne yapacağınızı belirler. Tutum, bunu ne kadar iyi yaptığınızı belirler.",Motivation determines what you do. Attitude determines how well you do it.,,
Bir şeyi gerçekten yapmak istiyorsanız onun için çok çalışırsınız.,"If you really want to do something, you will work hard for it.",,
"Çünkü geçen yılın sözleri geçen yılın diline ait. Ve gelecek yılın sözleri başka bir sesi bekliyor. Ve son vermek, başlangıç ​​yapmaktır.",For last year's words belong to last year's language. And next year's words await another voice. And to make an end is to make a beginning.,,
Mükemmel olmaya çalışmayın; Sadece mükemmel bir insan örneği olun.,Don't try to be perfect; Just be an excellent example of a human being.,,
"Minnettarlık, nezaketin, nezaketin ve iyiliğin, kibirli olmayı göze alamayacağımızı kabul etmenin başlangıcıdır. Yolun her adımında yardıma ihtiyaç duyacağımızın bilinciyle yürümeliyiz.","Gratitude is the beginning of civility, of decency and goodness, of a recognition that we cannot afford to be arrogant. We should walk with the knowledge that we will need help every step of the way.",,
Karşınıza çıkan her güzel şeye şükretme ve sürekli şükretme alışkanlığını geliştirin.,"Cultivate the habit of being grateful for every good thing that comes to you, and to give thanks continuously.",,
"Azına şükredin, çok şey bulacaksınız.",Give thanks for a little and you will find a lot.,,
İnsanlara teşekkür etmeyi bir alışkanlık haline getirin. Takdirinizi içtenlikle ve hiçbir karşılık beklemeden ifade etmek.,"Make it a habit to tell people thank you. To express your appreciation, sincerely and without the expectation of anything in return.",,
Farklılıkları olan insanları dahil etmek yapılacak doğru şeydir.,Including people with differences is the right thing to do.,,
Katılım herkesin yararınadır. Hepimizin öğrenecekleri var ve hepimizin öğretecekleri var.,Inclusion works to the advantage of everyone. We all have things to learn and we all have something to teach.,,
"Kapsayıcı olmak, önüne yargılama koymadan insani bir bağ kurmaktır.",Being inclusive is having a human connection without placing judgments before it.,,
Aşağıya uzanıp insanları kaldırmaktan daha iyi kalp egzersizi yoktur.,There is no exercise better for the heart than reaching down and lifting people up.,,
"En mutlu olanlar, başkaları için en çok şeyi yapanlardır.",Those who are happiest are those who do the most for others.,,
"Öğretim çok şey yapar, ancak her şeyi teşvik eder.","Instruction does much, but encouragement everything.",,
"Hırslarınızı küçümsemeye çalışan insanlardan uzak durun. Küçük insanlar bunu her zaman yapar ama gerçekten büyük olanlar size, sizin de büyük olabileceğinizi hissettirir.","Keep away from people who try to belittle your ambitions. Small people always do that, but the really great make you feel that you, too, can become great.",,
Dünyamızda paylaştığımız şeyler bizi bölenlerden çok daha değerlidir.,The things that we share in our world are far more valuable than those which divide us.,,
"Hayatın en iyi kısmı sadece hayatta kalmak değil, aynı zamanda tutku, şefkat, mizah, tarz, cömertlik ve nezaketle gelişmektir.","The best part of life is not just surviving, but thriving with passion and compassion and humor and style and generosity and kindness.",,
Ortak insanlığımızın farkına vardığımızda şefkat gerçek olur.,Compassion becomes real when we recognize our shared humanity.,,
"Şefkat, en yüksek benliğinizin nihai ifadesidir.",Compassion is the ultimate expression of your highest self.,,
"Şefkat, başkalarını sevmekten asla vazgeçmeyen kalptir. Hiç kurumayan bir kaynak gibidir.",Compassion is the heart that never stops loving others. It is like a wellspring that never runs dry.,,
Şefkat sınırları olmayan bir eylem sözcüğüdür.,Compassion is an action word with no boundaries.,,
Sevdiğiniz şeyin güzelliği yaptığınız şey olsun.,Let the beauty of what you love be what you do.,,
Hayatta tek bir mutluluk vardır. Sevmek ve sevilmek.,There is only one happiness in life. To love and be loved.,,
"Herkesi sevin, birkaçına güvenin, hiçbirine yanlış yapmayın.","Love all, trust a few, do wrong to none.",,
"Bir şeyi gerçekten seviyorsanız, devam edin ve yapın.","If you really love something, just go ahead and do it.",,
Hayattaki en önemli şey sevgiyi nasıl vereceğinizi ve içeri girmesine izin vermeyi öğrenmektir.,"The most important thing in life is to learn how to give out love, and to let it come in.",,
Nezaket aldığınız teşekkürle ilgili değildir. Bu eylemin kendisiyle ilgili.,Kindness isn't about the thanks you get. It's about the act itself.,,
Aynı sevmek için aynı şekilde düşünmemize gerek yok.,We need not think alike to love alike.,,
"Çözülmesi gereken bir sorunun, sevilecek kişiden daha önemli olmasına asla izin vermeyin.",Never let a problem to be solved become more important than the person to be loved.,,
Hepimiz eşsiziz ve evrenin bulmacasında kendi özel yerimiz var.,"We are all unique, and have our own special place in the puzzle of the universe.",,
"Engel ne kadar büyük olursa, onu aşmak da o kadar şerefli olur.","The greater the obstacle, the more glory in overcoming it.",,
Tırtılın dünyanın sonu dediği şeye usta kelebek der.,"What the caterpillar calls the end of the world, the master calls a butterfly.",,
"İnandığınızdan daha cesur, göründüğünüzden daha akıllı ve düşündüğünüzden daha güçlüsünüz.","You are braver than you believe, smarter than you seem, and stronger than you think.",,
"Kaşlarını çatmadan önce, gülümsemenin olmadığından kesinlikle emin ol.","Before you put on a frown, make absolutely sure there are no smiles available.",,
"Bazen sevinciniz gülümsemenizin kaynağıdır, bazen de gülümsemeniz sevincinizin kaynağıdır.","Sometimes your joy is the source of your smile, and sometimes your smile is the source of your joy.",,
"Size, onu gerçekleştirme gücü verilmeden asla bir dilek verilmez. Ancak bunun için çalışmanız gerekebilir.","You are never given a wish without also being given the power to make it come true. You may have to work for it, however.",,
"Mutluluk, başarının sevincinde, yaratıcı çabanın heyecanında yatmaktadır.","Happiness lies in the joy of achievement, in the thrill of creative effort.",,
"Yetenekle üstün olamazsanız, çabayla zafere ulaşın.","If you can't excel with talent, triumph with effort.",,
"Çok çalışmak insanların karakterini ön plana çıkarır: Bazıları kollarını sıvar, bazıları burunlarını kıvırır, bazıları ise hiç ortaya çıkmaz.","Hard work spotlights the character of people: some turn up their sleeves, some turn up their noses, and some don't turn up at all.",,
"Mükemmelliği değil, başarıyı hedefleyin. Asla yanılma hakkınızdan vazgeçmeyin, çünkü o zaman yeni şeyler öğrenme ve hayatınızda ilerleme yeteneğinizi kaybedersiniz.","Aim for success, not perfection. Never give up your right to be wrong, because then you will lose the ability to learn new things and move forward with your life.",,
"Gerçeği, huzuru ve anlayışı arayarak sevgi yolculuğuna çıktım. Hala öğreniyorum.","I set out on a journey of love, seeking truth, peace and understanding. I am still learning.",,
"Sadece akademisyenler için okula gitmiyorum; fikirleri paylaşmak, öğrenme konusunda tutkulu insanların yanında olmak istedim.","I'm not going to school just for the academics - I wanted to share ideas, to be around people who are passionate about learning.",,
Küçük bir iyilik diye bir şeyin olmadığını unutmayın. Her eylem mantıksal sonu olmayan bir dalgalanma yaratır.,Remember there's no such thing as a small act of kindness. Every act creates a ripple with no logical end.,,
Nezaket... başka bir insanı yükselten her şeydir.,Kindness is... anything that lifts another person.,,
Zeka artı karakter; gerçek eğitimin amacı budur.,Intelligence plus character-that is the goal of true education.,,
"Kitap, elinizde tuttuğunuz bir rüyadır.",A book is a dream that you hold in your hand.,,
"İlk kez mükemmel bir kitap okuduğumda, sanki yeni bir arkadaş kazanmış gibi oluyorum.","The first time I read an excellent book, it is to me just as if I had gained a new friend.",,
"Kitap, hayal gücünü harekete geçiren bir araçtır.",A book is a device to ignite the imagination.,,
"Çok akıllı olduğumdan değil, sadece sorunlarla daha uzun süre baş başa kaldığım için.","It's not that I'm so smart, it's just that I stay with problems longer.",,
"Başarı, her gün tekrarlanan küçük çabaların toplamıdır.","Success is the sum of small efforts, repeated day in and day out.",,
"İnsanlar sadece gönüllerini verirlerse, asla pes etmezlerse ve oraya çıkıp yaparlarsa istedikleri her şeyi yapabilirler.","People can do whatever they want if they just set their heart to it, and just never give up, and just go out there and do it.",,
Prensip konularında kaya gibi durun; zevk meselesinde akıntıyla yüzün.,"In matters of principle, stand like a rock; in matters of taste, swim with the current.",,
"Meşgul olmak ve iyimserliği bir yaşam biçimi haline getirmek, kendinize olan inancınızı yeniden canlandırabilir.",Keeping busy and making optimism a way of life can restore your faith in yourself.,,
"İyimserlik bir mutluluk mıknatısıdır. Olumlu kalırsanız, iyi şeyler ve iyi insanlar size çekilecektir.","Optimism is a happiness magnet. If you stay positive, good things and good people will be drawn to you.",,
İmkansızı başarmak çok eğlenceli.,It's kind of fun to do the impossible.,,
Yaşamın en büyük ironilerinden biri şudur: Hizmet eden kişi neredeyse her zaman hizmet alan kişiden daha fazla fayda sağlar.,One of the great ironies of life is this: he or she who serves almost always benefits more than he or she who is served.,,
Kendinizi neşelendirmenin en iyi yolu başkasını neşelendirmeye çalışmaktır.,The best way to cheer yourself up is to try to cheer somebody else up.,,
Herkesin kendini biri gibi hissetmesini sağlayan biri olun.,Be somebody who makes everybody feel like a somebody.,,
Özgürlük asla verilmez; kazanıldı.,Freedom is never given; it is won.,,
"Ellerinizi hizmete, kalplerinizi sevgiye verin.",Give your hands to serve and your hearts to love.,,
Hayat fırtınanın geçmesini beklemekten ibaret değil. Yağmurda nasıl dans edileceğini öğrenmekle ilgili.,Life isn't about waiting for the storm to pass. It's about learning how to dance in the rain.,,
"İnsanların sana nasıl davrandığını veya senin hakkında söylediklerini değiştiremezsin. Yapabileceğiniz tek şey, ona nasıl tepki vereceğinizi değiştirmektir.",You can't change how people treat you or what they say about you. All you can do is change how you react to it.,,
"En büyük zaferimiz hiç düşmemek değil, her düştüğümüzde ayağa kalkabilmektir.","Our greatest glory is not in never falling, but in rising every time we fall.",,
"Korkularınıza değil, umutlarınıza ve hayallerinize danışın.","Consult not your fears, but your hopes and your dreams.",,
"İnsanı diğerlerinden ayıran en asil, en güzel duyguyu hep kalbimizde tuttuk: umut.","We always kept in our hearts the most noble, beautiful feeling that sets human beings apart: hope.",,
"Hepimiz için bir ders; her kayıpta bir zafer vardır, her üzüntüde bir sevinç vardır ve her şeyi kaybettiğinizi düşündüğünüzde umut vardır.","A lesson for all of us is that for every loss, there is victory, for every sadness, there is joy, and when you think you’ve lost everything, there is hope.",,
"Bugün, şu anda yaptığımız şey, tüm yarınlarımız üzerinde birikmiş bir etkiye sahip olacaktır.","What we do today, right now, will have an accumulated effect on all our tomorrows.",,
"Sadece yaptıklarımızdan değil, yapmadıklarımızdan da sorumluyuz.","It is not only for what we do that we are held responsible, but also for what we do not do.",,
"Hayatınızdaki HERŞEYİN sorumluluğunu kabul ettiğiniz an, hayatınızdaki HERŞEYİ değiştirme gücünü kazandığınız andır.",The moment you accept responsibility for EVERYTHING in your life is the moment you gain the power to change ANYTHING in your life.,,
Büyüklüğün bedeli sorumluluktur.,The price of greatness is responsibility.,,
Pek çok insan hayatınıza girip çıkacak ama yalnızca gerçek arkadaşlar kalbinizde ayak izi bırakacak.,Many people will walk in and out of your life but only true friends will leave footprints in your heart.,,
"Pek çok insan seninle limuzinde yolculuk etmek ister ama senin istediğin, limuzin bozulduğunda seninle otobüse binecek birinin olmasıdır.","Lots of people want to ride with you in the limo, but what you want is someone who will take the bus with you when the limo breaks down.",,
Yanımda yürü ve arkadaşım ol.,Walk beside me and be my friend.,,
Nasıl yapacağımı öğrenmek için her zaman yapamadığım şeyleri yapıyorum.,"I am always doing that which I cannot do, in order that I may learn how to do it.",,
Yaşam yolu kıvrımlıdır ve hiçbir yön birbirinin aynısı değildir. Ancak derslerimiz varış noktasından değil yolculuktan gelir.,"The road of life twists and turns and no two directions are ever the same. Yet our lessons come from the journey, not the destination.",,
Ayın dünyanın diğer tarafında parladığını gördüğüm için aynı değilim.,"I am not the same, having seen the moon shine on the other side of the world.",,
"Balıkçılar denizin tehlikeli, fırtınanın ise berbat olduğunu biliyorlar ama bu tehlikeleri hiçbir zaman kıyıya çıkmak için yeterli sebep olarak görmüyorlar.","The fishermen know that the sea is dangerous and the storm terrible, but they have never found these dangers sufficient reason for remaining ashore.",,
Sonsuza kadar ve ötesine.,To infinity and beyond.,,
"Uçurtmalar rüzgârla değil, rüzgâra karşı en yükseğe çıkarlar.","Kites rise highest against the wind, not with it.",,
Hatalarınız ve hatalarınız için kendinizi affedin ve yolunuza devam edin.,Forgive yourself for your faults and your mistakes and move on.,,
Affetmek kendinize verebileceğiniz en büyük hediyelerden biridir. Herkesi affedin.,"It's one of the greatest gifts you can give yourself, to forgive. Forgive everybody.",,
Affetmek cesurların bir erdemidir.,Forgiveness is a virtue of the brave.,,
"Hiçbir şey büyüklüğümüzü yardım etme arzusu, hizmet etme arzusu kadar özgürleştiremez.","Nothing liberates our greatness like the desire to help, the desire to serve.",,
Kalkmasına yardım etmediğiniz sürece asla kimseyi küçümsemeyin.,Never look down on anybody unless you're helping him up.,,
Neşeyle verip minnetle kabul ettiğimizde herkes bereketlenir.,"When we give cheerfully and accept gratefully, everyone is blessed.",,
"Yaşlandıkça, biri kendinize, diğeri başkalarına yardım etmek için iki elinizin olduğunu keşfedeceksiniz.","As you grow older, you will discover that you have two hands, one for helping yourself, the other for helping others.",,
"Size yemeğini veren insanlar, size kalbini de verirler.",The people who give you their food give you their heart.,,
Sevincin tam değerini elde etmek için onu paylaşacak birinin olması gerekir.,To get the full value of joy you must have someone to divide it with.,,
Sevinç arkadaşlar arasında paylaşıldıkça çoğalır.,Joy multiplies when it is shared among friends.,,
Paylaşmayı seçtiklerimiz kim olduğumuzu tanımlar.,"What we choose to share, defines who we are.",,
Ne kadar çok paylaşırsak o kadar çok şeye sahip oluruz.,The more we share the more we have.,,
"İnsanlar hakkında öğrendiğim bir şey var: onların gücünü eylemlerinin büyüklüğüne göre değil, ne kadar küçük olursa olsun bir eyleme olan bağlılıklarına göre değerlendirebilirsiniz.","One thing I’ve learnt about humans: you can’t judge their strength by the size of their actions, but by the devotion of an act, no matter how small.",,
"Deneyimler, başarının yetenekten çok gayrete bağlı olduğunu göstermektedir.",Experience shows that success is due less to ability than to zeal.,,
Görevinizde başarılı olmak için hedefinize kararlı bir şekilde bağlı olmanız gerekir.,"To succeed in your mission, you must have single-minded devotion to your goal.",,
"Her birimizin kalbinde, kusurlarımız ne olursa olsun, mükemmel ritmin sessiz bir nabzı vardır; bu tamamen bireysel ve benzersizdir, ancak yine de bizi her şeye bağlar.","At the heart of each of us, whatever our imperfections, there exists a silent pulse of perfect rhythm, which is absolutely individual and unique, and yet which connects us to everything else.",,
Hiçbir zaman aktiviteyi başarı ile karıştırmayın.,Never mistake activity for achievement.,,
Büyük başarılar genellikle büyük fedakarlıklardan doğar ve asla bencilliğin sonucu değildir.,"Great achievement is usually born of great sacrifice, and is never the result of selfishness.",,
Yalnızca absürtlüğü deneyenler imkansızı başarabilirler.,Only those who attempt the absurd can achieve the impossible.,,
Sevginin en iyi kanıtı güvendir.,The best proof of love is trust.,,
Düşündüğünden daha fazlasını biliyorsun. Kendinize güvenin.,You know more than you think. Trust yourself.,,
Birine güvenip güvenemeyeceğinizi anlamanın en iyi yolu ona güvenmektir.,The best way to find out if you can trust somebody is to trust them.,,
Güven hayatın yapıştırıcısıdır. Tüm ilişkileri ayakta tutan temel prensiptir.,Trust is the glue of life. It's the foundational principle that holds all relationships.,,
"Bütün dünya inançtan, güvenden ve peri tozundan yapılmıştır.","All the world is made of faith, and trust, and pixie dust.",,
Kalbini dinle. Her şeyi biliyor.,Listen to your heart. It knows all things.,,
Başkalarının sizi dinlemeyi seveceği şekilde konuşun. Başkalarının sizinle konuşmayı seveceği şekilde dinleyin.,Speak in such a way that others love to listen to you. Listen in such a way that others love to speak to you.,,
Kelimeleri kullanmayan bir ses var. Dinlemek.,There is a voice that doesn’t use words. Listen.,,
"Konuşmak bilginin alanıdır, dinlemek ise bilgeliğin ayrıcalığıdır.",It is the province of knowledge to speak and it is the privilege of wisdom to listen.,,
"Birinde güzel bir şey görürsen, onu konuş!","If you see something beautiful in someone, speak it!",,
Kendisi olmaktan korkmayan birinden daha iyi bir güzellik temsili düşünemiyorum.,I can't think of any better representation of beauty than someone who is unafraid to be herself.,,
Sen olduğun haliyle muhteşemsin.,You're amazing just the way you are.,,
"Güzellik, kendinizin mümkün olan en iyi versiyonu olmaktır.",Beauty is being the best possible version of yourself.,,
"Bugün kendinize aşırı derecede nazik, mantıksız derecede sıcak ve inanılmaz derecede cömert olma izni verin. Bir patlama olacağına söz veriyorum.","Today, give yourself permission to be outrageously kind, irrationally warm, improbably generous. I promise it will be a blast.",,
Senin gibi biri çok fazla umursamadığı sürece hiçbir şey düzelmez. Öyle değil.,"Unless someone like you cares a whole awful lot, nothing is going to get better. It's not.",,
Yeterince önemserseniz dünyayı gerçekten değiştirebilirsiniz.,You really can change the world if you care enough.,,
Basit bir bakım eylemi kahramancadır.,The simple act of caring is heroic.,,
Bir gülümseme evrensel bir karşılamadır.,A smile is the universal welcome.,,
Herkes aynı dilde gülümsüyor.,Everyone smiles in the same language.,,
Bir kahkaha patlayan bir gülümsemedir.,A laugh is a smile that bursts.,,
"Başkalarına karşı sevgi ve nezaket hissettiğimizde, bu yalnızca başkalarının sevildiğini ve önemsendiğini hissetmesini sağlamakla kalmaz, aynı zamanda içsel mutluluk ve huzuru geliştirmemize de yardımcı olur.","When we feel love and kindness toward others, it not only makes others feel loved and cared for, but it helps us also to develop inner happiness and peace.",,
"Bazen hayatta, kelimeler adı verilen sembollerle tamamen açıklanamayan, dile getirilemeyen doyum anları olur. Anlamları ancak kalbin duyulmayan diliyle dile getirilebilir.",Occasionally in life there are those moments of unutterable fulfillment which cannot be completely explained by those symbols called words. Their meanings can only be articulated by the inaudible language of the heart.,,
Önemli olan her zaman sayılamaz; sayılabilen şey her zaman sayılmaz.,What counts can’t always be counted; what can be counted doesn’t always count.,,
"Sıradan bir gün, sen olduğun hazinenin farkına varayım. Senden bir şeyler öğreneyim, seni seveyim, ayrılmadan önce seni korusun. Nadir ve mükemmel bir yarını ararken seni es geçmeyeyim.","Normal day, let me be aware of the treasure you are. Let me learn from you, love you, bless you before you depart. Let me not pass you by in the quest of some rare and perfect tomorrow.",,
İstediğiniz her şeyin peşinden giderken sahip olduğunuz her şeyin tadını çıkarın.,Enjoy all you have while pursuing all you want.,,
"Vücudunuzun molekülleri, yıldızların içinde yanan bulutsuları oluşturan moleküllerle aynıdır. Biz yıldız şeyleriyiz.","The molecules of your body are the same molecules that make up the nebulae, that burn inside the stars themselves. We are star stuff.",,
"Hayatınız için mümkün olan en yüksek, en büyük vizyonu yaratın çünkü inandığınız şey olursunuz.","Create the highest, grandest vision possible for your life, because you become what you believe.",,
Çok çalışmak önemlidir. Ama bundan daha önemli olan bir şey var: Kendinize inanmak.,Working hard is important. But there is something that matters even more: believing in yourself.,,
İşlerin gidişatından en iyi şekilde yararlanan insanlar için işler en iyi şekilde sonuçlanır.,Things turn out best for the people who make the best of the way things turn out.,,
Mevcut koşullarınız nereye gidebileceğinizi belirlemez; sadece nereden başlayacağınızı belirlerler.,Your present circumstances don’t determine where you can go; they merely determine where you start.,,
Yapamayacağınızı düşündüğünüz şeyi yapmalısınız.,You must do the thing which you think you cannot do.,,
"Yaşamda başarıya ulaşan kişi, hedefini istikrarlı bir şekilde gören ve onu şaşmadan hedefleyen kişidir. Bu adanmışlıktır.",The person who makes a success of living is the one who sees his goal steadily and aims for it unswervingly. That is dedication.,,
"Bir gün uçmayı öğrenecek olan kişi, önce ayakta durmayı, yürümeyi, koşmayı, tırmanmayı ve dans etmeyi öğrenmelidir; uçmak için uçmak mümkün değildir.",He who would learn to fly one day must first learn to stand and walk and run and climb and dance; one cannot fly into flying.,,
Hayaller ve bağlılık güçlü bir kombinasyondur.,Dreams and dedication are a powerful combination.,,
Kendinize güvenin. Hayatınız boyunca yaşamaktan mutluluk duyacağınız türden bir benlik yaratın.,Trust yourself. Create the kind of self that you will be happy to live with all your life.,,
"Olduğun kişi ol ve ne hissediyorsan onu söyle çünkü sonuçta önemli olanların umurunda değil, umursayanların da önemi yok.","Be who you are and say what you feel, because in the end those who matter don't mind and those who mind don't matter.",,
Kazanmak için birden fazla kez savaşmanız gerekebilir.,You may have to fight a battle more than once to win it.,,
Büyük değişiklikler hemen gerçekleşmeyebilir ama çabayla zor olan bile kolaylaşabilir.,"Great changes may not happen right away, but with effort even the difficult may become easy.",,
Kararlarınıza bağlı kalın ancak yaklaşımınızda esnek kalın.,"Stay committed to your decisions, but stay flexible in your approach.",,
"Bağlılık, hayal gücünün kapılarını açar, vizyona izin verir ve bize hayallerimizi gerçeğe dönüştürmek için doğru şeyleri verir.","Commitment unlocks the doors of imagination, allows vision, and gives us the right stuff to turn our dream into reality.",,
"Birleştiğimiz kadar güçlü, bölündüğümüz kadar zayıfız.","We are only as strong as we are united, as weak as we are divided.",,
"Yaşamlarımızda sonuç olarak çiçek açacak tohumları ekeriz, böylece en iyisi öfke, açgözlülük, kıskançlık ve şüphe yabani otlarını ortadan kaldırırız ki, herkes için barış ve bolluk ortaya çıksın.","We plant seeds that will flower as results in our lives, so best to remove the weeds of anger, avarice, envy and doubt, that peace and abundance may manifest for all.",,
İyimserlik başarıya götüren inançtır.,Optimism is the faith that leads to achievement.,,
Aile önemli bir şey değil. Her şey bu.,Family is not an important thing. It's everything.,,
"Sağlam durduğunu bildiğim tek kaya, çalıştığını bildiğim tek kurum ailedir.","The only rock I know that stays steady, the only institution I know that works, is the family.",,
Aile doğanın başyapıtlarından biridir.,The family is one of nature's masterpieces.,,
Şükran başladığında mücadele biter.,The struggle ends when gratitude begins.,,
Kalbinizi minnettar olmaya davet edin; teşekkürleriniz sözcükleri kullanmadığınızda bile duyulacaktır.,Invite your heart to be grateful and your thank yous will be heard even when you don't use words.,,
Nimetlerimizi mutlaka saymalıyız ama aynı zamanda nimetlerimizi de saymalıyız.,"We should certainly count our blessings, but we should also make our blessings count.",,
Kötümser birinin bardağın yarısını boş gördüğünü söylerler; Bir iyimser aynı bardağın yarısını dolu görür. Fakat veren kişi bir bardak su görür ve susamış olabilecek birini aramaya başlar.,"A pessimist, they say, sees a glass as being half empty; an optimist sees the same glass as half full. But a giving person sees a glass of water and starts looking for someone who might be thirsty.",,
"Umut; hayallerde, hayal gücünde ve hayalleri gerçeğe dönüştürmeye cesaret edenlerin cesaretindedir.","Hope lies in dreams, in imagination and in the courage of those who dare to make dreams into reality.",,
Başkalarıyla aynı fikirleri paylaşmamıza gerek yok ama saygılı olmamız gerekiyor.,"We don't need to share the same opinions as others, but we need to be respectful.",,
Hemcinslerimizin insanlığını tanıyarak kendimize en büyük saygıyı gösteriyoruz.,"In recognizing the humanity of our fellow beings, we pay ourselves the highest tribute.",,
"Dünya acılarla dolu olsa da, aynı zamanda bunların üstesinden gelmeyle de doludur.","Although the world is full of suffering, it's full also of the overcoming it.",,
Her durumda olabilecek en kötü şeyle karşılaştığımızda büyürüz. Koşullar en kötü olduğunda elimizden gelenin en iyisini bulabiliriz.,"When we face the worst that can happen in any situation, we grow. When circumstances are at their worst, we can find our best.",,
"Karakter, yani kişinin kendi yaşamının sorumluluğunu üstlenme isteği, özsaygının kaynaklandığı kaynaktır.","Character, the willingness to accept responsibility for one's own life, is the source from which self-respect springs.",,
Düşünceler amaçlara yol açar; amaçlar eylem halinde ortaya çıkar; eylemler alışkanlıkları oluşturur; alışkanlıklar karakteri belirler; ve karakter kaderimizi belirler.,Thoughts lead on to purposes; purposes go forth in action; actions form habits; habits decide character; and character fixes our destiny.,,
İnsan göremeyeceği bir dünyayı önemsemeli.,One must care about a world one will not see.,,
"Bir fark yaratmak ve dünyanızı daha iyi bir yer bırakmak istiyorsanız, onların ihtiyaçlarını kendi ihtiyaçlarınızın önüne koyarken, başkalarının da onların ne kadar önemli olduğunu bilmelerini sağlayın.","If you want to make a difference and leave your world a better place, let others know how important they are as you put their needs above yours.",,
Başkalarının mutluluğunu önemseyerek kendimizinkini buluruz.,"Caring about the happiness of others, we find our own.",,
"Bazen bir anın değerini, o an bir anıya dönüşene kadar asla bilemezsiniz.",Sometimes you will never know the value of a moment until it becomes a memory.,,
Takdir edilmek harika bir şeydir. Başkalarındaki mükemmel olanı bize de ait kılar.,Appreciation is a wonderful thing. It makes what is excellent in others belong to us as well.,,
"Dünü unut; o seni çoktan unuttu. Yarın endişelenmeyin, daha tanışmadınız bile. Bunun yerine, bugün gözlerinizi ve kalbinizi gerçekten değerli bir hediyeye açın.","Forget yesterday - it has already forgotten you. Don't sweat tomorrow - you haven't even met. Instead, open your eyes and your heart to a truly precious gift - today.",,
Yaşım üzerinde durmuyorum. Yapabileceklerimi sınırlayabilir. Aklım ve sağlığım yerinde olduğu sürece bu sadece bir rakamdır.,"I don't dwell on my age. It might limit what I can do. As long as I have my mind and health, it's just a number.",,
"Sağlıklı yiyin, iyi uyuyun, derin nefes alın, uyumlu hareket edin.","Eat healthily, sleep well, breathe deeply, move harmoniously.",,
"Güç fiziksel kapasiteden gelmez. Bu, yılmaz bir iradeden gelir.",Strength does not come from physical capacity. It comes from an indomitable will.,,
Gerçek güç sadece kişinin kaslarının durumu değil aynı zamanda ruhundaki hassasiyettir.,"Real strength is not just a condition of one's muscle, but a tenderness in one's spirit.",,
Ve sonuçta önemli olan hayatınızdaki yıllar değildir; bu senin yıllarındaki hayat.,And in the end it's not the years in your life that count; it's the life in your years.,,
Bugün yaşa. Dün değil. Yarın değil. Sadece bugün. Anlarınızı yaşayın. Onları yarına kiralamayın.,Live today. Not yesterday. Not tomorrow. Just today. Inhabit your moments. Don't rent them out to tomorrow.,,
"Yalnızca bir kez yaşarsınız; ama eğer doğru şekilde çalışırsanız, bir kez yeterli olur.","You only live once - but if you work it right, once is enough.",,
Hayat o kadar kısa değil ama nezaket için her zaman vakit vardır.,Life is not so short but that there is always time for courtesy.,,
"Bir insan yabancılara karşı nazik ve nazik davranırsa, bu onun bir dünya vatandaşı olduğunu ve kalbinin diğer topraklardan kopmuş bir ada değil, onlara katılan bir kıta olduğunu gösterir.","If a man be gracious and courteous to strangers, it shows he is a citizen of the world, and that his heart is no island cut off from other lands, but a continent that joins to them.",,
"Nezaketle hiçbir şey kaybolmaz. Zevklerin en ucuzudur, hiçbir maliyeti yoktur ve çok şey ifade eder.","Nothing is ever lost by courtesy. It is the cheapest of pleasures, costs nothing, and conveys much.",,
Eğitimin bütün amacı aynaları pencereye dönüştürmektir.,The whole purpose of education is to turn mirrors into windows.,,
Kalbi eğitmeden aklı eğitmek eğitim değildir.,Educating the mind without educating the heart is no education at all.,,
Eğitimin amacı boş bir zihni açık bir zihinle değiştirmektir.,The purpose of education is to replace an empty mind with an open one.,,
Kötümser kişi her fırsatta zorluk görür; Bir iyimser her zorluktaki fırsatı görür.,A pessimist sees the difficulty in every opportunity; an optimist sees the opportunity in every difficulty.,,
Orada her zaman kötü şeyler olacak. Ama işin şaşırtıcı yanı şu; ışık her zaman karanlığa galip gelir. Karanlığa mum yapıştırırsın ama karanlığı aydınlığa çıkaramazsın.,"There’s always going to be bad stuff out there. But here’s the amazing thing - light trumps darkness every time. You stick a candle into the dark, but you can’t stick the dark into the light.",,
Altınları kaybetmedim. Gümüşü kazandım.,I didn't lose the gold. I won the silver.,,
Yeni başlangıçlar çoğu zaman acı verici sonlar olarak gizlenir.,New beginnings are often disguised as painful endings.,,
Hiçbir şey kesin olmadığında her şey mümkündür.,"When nothing is sure, everything is possible.",,
"Bir kapı kapanınca başka bir kapı açılıyor; ama çoğu zaman kapalı kapıya o kadar uzun süre ve o kadar pişmanlıkla bakarız ki, bizim için açılan kapıyı görmeyiz.","When one door closes another door opens; but we so often look so long and so regretfully upon the closed door, that we do not see the ones which open for us.",,
Şafağın ne zaman geleceğini bilmeden her kapıyı açıyorum.,"Not knowing when the dawn will come, I open every door.",,
"İyi davranışlar ve yumuşak sözler, birçok zor şeyin gerçekleşmesini sağlamıştır.",Good manners and soft words have brought many a difficult thing to pass.,,
"İyi davranışların duygularla çok ilgisi vardır. Bunların gerçek gibi görünmesini sağlamak için, kişinin onları yalnızca sergilemesi değil, hissetmesi gerekir.","Good manners have much to do with the emotions. To make them ring true, one must feel them, not merely exhibit them.",,
"İyi görgü kurallarının gerçek sınavı, kötü davranışlara hoş bir şekilde katlanabilmektir.",The real test of good manners is to be able to put up with bad manners pleasantly.,,
"Kendimize saygı, ahlakımıza yön verir; başkalarına saygı davranışlarımızı yönlendirir.",Respect for ourselves guides our morals; respect for others guides our manners.,,
"Güzel insanın işareti, daima başkalarındaki güzelliği görmesidir.",The sign of a beautiful person is that they always see beauty in others.,,
"Sevdiren güzellik değil, güzelliği görmemizi sağlayan sevgidir.","It is not beauty that endears, it’s love that makes us see beauty.",,
Bazen ışığımız söner ama başka bir insan tarafından aleve üflenir. Her birimiz bu ışığı yeniden alevlendirenlere en derin teşekkürlerimizi borçluyuz.,Sometimes our light goes out but is blown into flame by another human being. Each of us owes deepest thanks to those who have rekindled this light.,,
"Kalbinizin kaslarını güçlendirmek için en iyi egzersiz, mümkün olduğunca başka birinin ruhunu yükseltmektir.","To strengthen the muscles of your heart, the best exercise is lifting someone else's spirit whenever you can.",,
"Herkes gökyüzünü kaldırmaya yardım ederse, bir kişi yorulmaz.","If everyone helps to hold up the sky, then one person does not become tired.",,
Birliğin olduğu yerde daima zafer vardır.,Where there is unity there is always victory.,,
Görünüşe göre ne kadar çok çalışırsam şansım o kadar artıyor.,"It seems the harder I work, the more luck I have.",,
"Beden için egzersiz ne ise, zihin için de okumak odur.",Reading is to the mind what exercise is to the body.,,
Kitapsız bir oda ruhsuz bir bedene benzer.,A room without books is like a body without a soul.,,
Gözünüzde bir parıltı ve yüzünüzde bir gülümsemeyle ama kalbinizde büyük bir amaç ile hayatta ilerleyin.,"Go forward in life with a twinkle in your eye and a smile on your face, but with great purpose in heart.",,
Değerlerinizin ne olduğunu bildiğinizde karar vermek zor değildir.,It's not hard to make decisions when you know what your values are.,,
Doğru olduğunda yaptığınız şeyden asla korkmamalısınız.,You must never be fearful about what you are doing when it is right.,,
"Daima doğruyu yapın. Bu bazı insanları sevindirecek, diğerlerini ise hayrete düşürecektir.",Always do right. This will gratify some people and astonish the rest.,,
Günleri saymayın. Günleri sayın.,Don't count the days. Make the days count.,,
"Bulunduğunuz yerde, sahip olduklarınızla elinizden geleni yapın.","Do what you can, with what you have, where you are.",,
"Eğer elinizden gelenin en iyisini yapıyorsanız, başarısızlık konusunda endişelenecek vaktiniz olmayacak.","If you're doing your best, you won't have any time to worry about failure.",,
Büyüklerin düşmanı iyidir.,The enemy of great is good.,,
Daha iyisini öğrenene kadar elinizden gelenin en iyisini yapın. Daha iyisini bildiğinizde daha iyisini yapın.,"Do the best you can until you know better. Then when you know better, do better.",,
Hiçbir şeye sınır koyamazsınız. Ne kadar çok hayal edersen o kadar uzağa gidersin.,"You can’t put a limit on anything. The more you dream, the farther you get.",,
Bir hayalin varsa öylece orada oturma. Başarabileceğinize inanmak için cesaret toplayın ve bunu gerçeğe dönüştürmek için çevrilmemiş taş bırakmayın.,"If you have a dream, don’t just sit there. Gather courage to believe that you can succeed and leave no stone unturned to make it a reality.",,
Tüm hayallerimiz gerçekleşebilir; eğer onların peşinden gidecek cesaretimiz varsa.,All our dreams can come true; if we have the courage to pursue them.,,
Sırf onu gerçekleştirmek için gereken zaman yüzünden asla bir hayalinizden vazgeçmeyin. Nasıl olsa zaman geçecek.,Never give up on a dream just because of the time it will take to accomplish it. The time will pass anyway.,,
"Bir nehir, gücünden dolayı değil, kalıcılığından dolayı kayaları keser.","A river cuts through rock, not because of its power, but because of its persistence.",,
Dayanmak cesaret etmekten daha üstündür; düşmanca talihi yormak; hiçbir zorlukla karşılaşmamak; herkes onu kaybetmişken yüreğini korumak - bunun büyüklük olmadığını kim söyleyebilir?,To endure is greater than to dare; to tire out the hostile fortune; to be daunted by no difficulty; to keep heart when all have lost it- who can say this is not greatness?,,
"Elmaslar, işlerine yapışan kömür parçalarından başka bir şey değildir.",Diamonds are nothing more than chunks of coal that stuck to their jobs.,,
Gönüllülerin mutlaka zamanı olması gerekmez; onların sadece kalbi var.,Volunteers do not necessarily have the time; they just have the heart.,,
"Direnilmesi gereken yanlışlara, Yardıma ihtiyacı olan doğruya, Uzaktaki geleceğe, Kendinizi adayın.","To the wrongs that need resistance, To the right that needs assistance, To the future in the distance, Give yourselves.",,
"Bir gönüllünün kalbi hiçbir zaman büyüklüğüyle değil, başkalarının hayatında fark yaratmaya olan bağlılığının derinliğiyle ölçülür.","The heart of a volunteer is never measured in size, but by the depth of the commitment to make a difference in the lives of others.",,
Gönüllülük insan olmanın en temel şartıdır. Hiç kimse bir başkasının yardımı olmadan hayatta kalmayı başaramadı.,Volunteering is at the very core of being a human. No one has made it through life without someone else’s help.,,
"Kaderinizin ne olacağını bilmiyorum ama bildiğim bir şey var: Aranızda gerçekten mutlu olacak olanlar, nasıl hizmet edeceğini arayan ve bulanlardır.","I don't know what your destiny will be, but one thing I do know: the only ones among you who will be really happy are those who have sought and found how to serve.",,
"Cesaretle risk almaya cesaret edebilir, şefkatli olma gücüne ve alçakgönüllü olma bilgeliğine sahip olabilirsiniz. Cesaret dürüstlüğün temelidir.","With courage you will dare to take risks, have the strength to be compassionate, and the wisdom to be humble. Courage is the foundation of integrity.",,
"Cesaret, baskı altında zarafettir.",Courage is grace under pressure.,,
"İlahi cesaretimizi, özgürlüğümüzü ve ışığımızı her zamankinden daha derinden deneyimlemek için bu muhteşem dünyaya geldik!","We have come into this exquisite world to experience ever and ever more deeply our divine courage, freedom and light!",,
Büyümek ve gerçekte olduğunuz kişi olmak cesaret ister.,It takes courage to grow up and become who you really are.,,
Korku bir tepkidir. Cesaret bir karardır.,Fear is a reaction. Courage is a decision.,,
"Yarın için en iyi hazırlık, bugünün işini çok iyi yapmaktır.",The best preparation for tomorrow is to do today's work superbly well.,,
Yaptığınız şey fark yaratır ve ne tür bir fark yaratmak istediğinize karar vermeniz gerekir.,"You cannot get through a single day without having an impact on the world around you. What you do makes a difference, and you have to decide what kind of difference you want to make.",,
"Dünya, yaşamak için ne yaptığımızla ilgilenmiyor. Onların ilgisini çeken şey bizim özgürce sunabileceğimiz şeylerdir; umut, güç, sevgi ve fark yaratma gücü!","The world is not interested in what we do for a living. What they are interested in is what we have to offer freely - hope, strength, love and the power to make a difference!",,
"Arkamızda kalanlar ve önümüzde olanlar, içimizde olanlarla karşılaştırıldığında çok küçük şeylerdir.","What lies behind us, and what lies before us are but tiny matters compared to what lies within us.",,
"Bir kişinin gelişen deneyimindeki en büyük anlardan biri, artık kendinden saklanmaya çalışmadığı, kendisini gerçekte olduğu gibi tanımaya karar verdiği zamandır.",One of the greatest moments in anybody's developing experience is when he no longer tries to hide from himself but determines to get acquainted with himself as he really is.,,
Kazanacağım kesin değil ama doğru olacağım. Başarılı olmak zorunda değilim ama sahip olabileceğim ışığa göre yaşamak zorundayım.,"I am not bound to win, but I am bound to be true. I am not bound to succeed, but I am bound to live up to what light I might have.",,
"Mutluluğun, umudun, başarının ve sevginin tohumlarını ekin; hepsi size bolluk içinde geri dönecektir. Bu doğanın kanunudur.","Plant seeds of happiness, hope, success, and love; it will all come back to you in abundance. This is the law of nature.",,
Doğa acele etmez ama yine de her şey tamamlanır.,"Nature does not hurry, yet everything is accomplished.",,
"Ruh, düşüncelerinin rengine boyanır.",The soul becomes dyed with the color of its thoughts.,,
Ruh kim olduğumuzun gerçeğidir.,The soul is the truth of who we are.,,
"Ruhumuz anlayışlı olmak ister, egomuz sadece anlaşılmakla ilgilenir. Anlayışlı olduğunuzda ruhunuza bağlanırsınız.","Our soul desires to be understanding, our ego is only concerned with being understood. When you are being understanding you are connected to your soul.",,
Hiçbir şeyin imkansız olmadığı yeri kendi içinizde bulmalısınız.,You must find the place inside yourself where nothing is impossible.,,
"Bir eritme potası değil, güzel bir mozaik oluyoruz. Farklı insanlar, farklı inançlar, farklı özlemler, farklı umutlar, farklı hayaller.","We become not a melting pot but a beautiful mosaic. Different people, different beliefs, different yearnings, different hopes, different dreams.",,
"Hayatınızı, hayal gücünüzde dans eden rüyalar kadar güzel kılmak için her şeyinizi vermelisiniz.",You must give everything to make your life as beautiful as the dreams that dance in your imagination.,,
İman henüz görmediğinize inanmaktır; Bu inancın ödülü neye inandığınızı görmektir.,Faith is to believe what you do not yet see; the reward for this faith is to see what you believe.,,
"Sonunda her şey yoluna girecek. Eğer yolunda değilse, bu son değil.","Everything will be okay in the end. If it's not okay, it's not the end.",,
Olabileceğin kişi olmak için asla geç değildir.,It's never too late to be what you might have been.,,
"Olmaya mahkum olduğunuz tek kişi, olmaya karar verdiğiniz kişidir.",The only person you are destined to become is the person you decide to be.,,
Yaratıcılık zekanın eğlenmesidir.,Creativity is intelligence having fun.,,
"Bir şeyleri ruhunuzdan yaptığınızda, içinizde bir nehrin aktığını, bir keyif hissedersiniz.","When you do things from your soul, you feel a river moving in you, a joy.",,
"Sevinç, ruhları yakalayabileceğiniz bir sevgi ağıdır.",Joy is a net of love in which you can catch souls.,,
Hırslının özü yalnızca bir rüyanın gölgesidir.,The very substance of the ambitious is merely the shadow of a dream.,,
"Hırssız zeka, kanatsız bir kuştur.",Intelligence without ambition is a bird without wings.,,
Hayatın anlamı hediyenizi bulmaktır. Hayatın amacı onu vermektir.,The meaning of life is to find your gift. The purpose of life is to give it away.,,
Bir şeyi gerçekten yapmak istersen bir yolunu bulursun. Yapmazsan bir bahane bulursun.,"If you really want to do something, you'll find a way. If you don't, you'll find an excuse.",,
"Çoğumuz ideallerimize aralıklarla hizmet ederiz. Yaşamda başarıya ulaşan kişi, hedefini istikrarlı bir şekilde gören ve onu şaşmadan hedefleyen kişidir. Bu adanmışlıktır.",Most of us serve our ideals by fits and starts. The person who makes a success of living is the one who sees his goal steadily and aims for it unswervingly. That is dedication.,,
"Adanmışlık, genç fikirlerin yerleşmesi için alan yaratmayı içerir; her ağaç bir zamanlar bir tohumdu ve her şirket bir zamanlar bir fikirdi.",Dedication involves making the space to let young ideas take hold; every tree was once a seed and every company was once an idea.,,
Hayatının bir kısmını başkalarına ada. Adanmışlığınız bir fedakarlık olmayacak. Heyecan verici bir deneyim olacak çünkü anlamlı bir amaca yönelik yoğun bir çaba sarf ediliyor.,Dedicate some of your life to others. Your dedication will not be a sacrifice. It will be an exhilarating experience because it is an intense effort applied toward a meaningful end.,,
"Dudaklarda bir gülümseme başlar, gözlere bir sırıtış yayılır, karından bir kıkırdama gelir; ama güzel bir kahkaha ruhtan fışkırır, taşar ve her tarafta kabarcıklar oluşturur.","A smile starts on the lips, a grin spreads to the eyes, a chuckle comes from the belly; but a good laugh bursts forth from the soul, overflows, and bubbles all around.",,
Hiçbir şeyin eksik olmadığını anladığında tüm dünya sana ait olur.,"When you realize nothing is lacking, the whole world belongs to you.",,
Mutluluk sizin doğanızdır. Bunu arzulamak yanlış değil. Yanlış olan onu içerideyken dışarıda aramaktır.,Happiness is your nature. It is not wrong to desire it. What is wrong is seeking it outside when it is inside.,,
Şimdi yapmak istediğin şeyi yapmaya başla. Sonsuzlukta yaşamıyoruz. Elimizde bir yıldız gibi parıldayan ve bir kar tanesi gibi eriyen bu an var yalnızca….,"Begin doing what you want to do now. We are not living in eternity. We have only this moment, sparkling like a star in our hand-and melting like a snowflake….",,
"Ev insanlardır. Bir yer değil. İnsanlar gittikten sonra oraya giderseniz, görebileceğiniz tek şey artık orada olmayan şeydir.","Home is people. Not a place. If you go back there after the people are gone, then all you can see is what is not there any more.",,
"Sevmek ve sevilmek, güneşi her iki taraftan da hissetmektir.",To love and be loved is to feel the sun from both sides.,,
"Dostluk, sevincimizi ikiye katlayıp kederimizi bölerek mutluluğu artırır ve mutsuzluğu azaltır.","Friendship improves happiness and abates misery, by the doubling of our joy and the dividing of our grief.",,
Merhamet çemberini tüm canlıları kapsayacak şekilde genişletmedikçe insan huzur bulamayacaktır.,"Until he extends his circle of compassion to include all living things, man will not himself find peace.",,
"Sevme gücünün, güce olan sevginin yerini alacağı zamanı sabırsızlıkla bekliyoruz. O zaman dünyamız barış nimetini bilecek.",We look forward to the time when the power to love will replace the love of power. Then will our world know the blessing of peace.,,
"Minnettarlık sadece erdemlerin en büyüğü değil, aynı zamanda diğer tüm erdemlerin de ebeveynidir.","Gratitude is not only the greatest of virtues, but the parent of all others.",,
Özel bir yeteneğim yok. Sadece tutkuyla merak ediyorum.,I have no special talent. I am only passionately curious.,,
"Bir kişi kötü görünüyorsa, onu bir kenara atmayın. Onu sözlerinle uyandır, amellerinle yücelt, yarasına iyiliğinle karşılık ver. Onu bir kenara atmayın; kötülüğünü bir kenara attı.","If a person seems wicked, do not cast him away. Awaken him with your words, elevate him with your deeds, repay his injury with your kindness. Do not cast him away; cast away his wickedness.",,
"Yalnızca çok ileri gitme riskini göze alanlar, ne kadar ileri gidebileceğini bulabilirler.",Only those who will risk going too far can possibly find out how far one can go.,,
"Gerçek cesaret bir karar vermek ve onun arkasında durmak, yapılması gerekeni yapmaktır. Hiçbir ahlaklı insan, yapması gerektiğini bildiği şeyi yapmazsa gönül rahatlığı içinde olamaz.","True grit is making a decision and standing by it, doing what must be done. No moral man can have peace of mind if he leaves undone what he knows he should have done.",,
Yalnız kaldığın kişiyi seviyorsan yalnız olamazsın.,You cannot be lonely if you like the person you're alone with.,,
Seni sürekli başka biri yapmaya çalışan bir dünyada kendin olabilmek en büyük başarıdır.,To be yourself in a world that is constantly trying to make you something else is the greatest accomplishment.,,
"Affetmek sevginin en yüce, en güzel şeklidir. Karşılığında tarifsiz huzur ve mutluluk alacaksınız.","To forgive is the highest, most beautiful form of love. In return, you will receive untold peace and happiness.",,
"Sadakat, özünde mutlak fedakarlık ilkesi olmadığı sürece hiçbir şey ifade etmez.",Loyalty means nothing unless it has at its heart the absolute principle of self-sacrifice.,,
"Sadakat ve bağlılık cesarete yol açar. Cesaret, fedakarlık ruhuna yol açar. Fedakarlık ruhu sevginin gücüne güven yaratır.",Loyalty and devotion lead to bravery. Bravery leads to the spirit of self-sacrifice. The spirit of self-sacrifice creates trust in the power of love.,,
"Yaşamak dünyadaki en nadir şeydir. Çoğu insan var, hepsi bu.","To live is the rarest thing in the world. Most people exist, that is all.",,
Niyetle yaşa. Kenara doğru yürüyün. Sert Dinle. Sağlıklı yaşam uygulayın. Vazgeçerek oynayın. Gülmek. Pişman olmadan seçin. Arkadaşlarınızı takdir edin. Öğrenmeye devam edin. Sevdiğin şeyi yap. Sanki her şey bu kadarmış gibi yaşa.,Live with intention. Walk to the edge. Listen Hard. Practice wellness. Play with abandon. Laugh. Choose with no regrets. Appreciate your friends. Continue to learn. Do what you love. Live as if this is all there is.,,
Kıyıyı gözden kaybetmeye cesaret edemediğiniz sürece yeni okyanuslar keşfedemezsiniz.,You cannot discover new oceans unless you have the courage to lose sight of the shore.,,
Dünyanın bütün ordularından daha güçlü olan tek bir şey vardır: O da zamanı gelmiş bir fikirdir.,There is only one thing stronger than all the armies of the world: and that is an idea whose time has come.,,
"Sorunlarımızı, onları yaratan düşünce düzeyiyle çözemeyiz.",We can not solve our problems with the same level of thinking that created them.,,
Yeterince karanlık olduğunda yıldızları görebilirsin.,"When it is dark enough, you can see the stars.",,
"Başka birinin sizin dürüstlüğünüze vereceği tepkiden değil, yalnızca dürüst olmaktan sorumlusunuz.","You're only responsible for being honest, not for someone else's reaction to your honesty.",,
"Üç şey uzun süre saklanamaz: Güneş, ay ve gerçek.","Three things cannot be long hidden: the sun, the moon, and the truth.",,
"Dürüstlük yalan söylememekten daha fazlasıdır. Gerçeği söylemek, gerçeği söylemek, gerçeği yaşamak ve gerçeği sevmektir.","Honesty is more than not lying. It is truth telling, truth speaking, truth living, and truth loving.",,
Bir karakterin gücü her zaman kırılmadan önce ne kadarını kaldırabildiğinle ilgili değildir. Aynı zamanda kırıldıktan sonra ne kadarını kaldırabileceğinle de ilgilidir.,Strength of a character isn't always about how much you can handle before you break. It’s also about how much you can handle after you've been broken.,,
"Karakter rahat ve sakin bir şekilde geliştirilemez. Yalnızca deneme ve ıstırap deneyimi yoluyla ruh güçlendirilebilir, vizyon netleştirilebilir, hırs ilham edilebilir ve başarıya ulaşılabilir.","Character cannot be developed in ease and quiet. Only through experience of trial and suffering can the soul be strengthened, vision cleared, ambition inspired, and success achieved.",,
"Altın olan her şey parıldamaz, dolaşanların hepsi kaybolmaz; Güçlü olan eski solmaz, don derin köklere ulaşamaz.","All that is gold does not glitter, not all those who wander are lost; The old that is strong does not wither, deep roots are not reached by the frost.",,
"Sonra bir gün, hiç beklemediğiniz bir anda büyük macera sizi bulur.","Then, one day, when you least expect it, the great adventure finds you.",,
"Belki de yolculuk herhangi bir şeye dönüşmekle ilgili değildir. Belki de bu aslında sen olmayan her şeye dönüşmemekle ilgilidir, böylece ilk etapta olman gereken kişi olabilirsin.","Maybe the journey isn’t so much about becoming anything. Maybe it’s about un-becoming everything that isn’t really you, so you can be who you were meant to be in the first place.",,
Hırs olmadan kişi hiçbir şeye başlamaz. Çalışmadan insan hiçbir şeyi bitiremez. Ödül tarafınıza gönderilmeyecektir. Kazanmalısın.,Without ambition one starts nothing. Without work one finishes nothing. The prize will not be sent to you. You have to win it.,,
"Sizi başarıya ulaştıracak olan inanç, sizi yönlendirecek olan kararlılıktır.","It's faith that will take you through, and determination that will drive you.",,
Bir sonraki adımınızı atmadan önce asla zemini test etmek için aşağıya bakmayın; Yalnızca gözünü uzak ufka sabitleyen doğru yolu bulacaktır.,Never look down to test the ground before taking your next step; only he who keeps his eye fixed on the far horizon will find the right road.,,
"Gerçek keşif yolculuğu yeni manzaralar aramak değil, yeni gözlere sahip olmaktır.",The real voyage of discovery consists of not in seeking new landscapes but in having new eyes.,,
Yaratıcılığınızı kullanamazsınız. Ne kadar çok kullanırsanız o kadar çok şeye sahip olursunuz.,"You can't use up creativity. The more you use, the more you have.",,
Mantık sizi A noktasından B noktasına götürür. Hayal gücü ise her yere.,Logic will get you from A to B. Imagination will take you everywhere.,,
Bazıları onları çılgın olarak görse de biz dahileri görüyoruz. Çünkü dünyayı değiştirebileceklerini düşünecek kadar çılgın insanlar bunu yapanlardır.,"While some may see them as the crazy ones, we see genius. Because the people who are crazy enough to think they can change the world, are the ones who do.",,
Sevinç matematiğin temellerine aykırıdır: Böldüğümüzde çoğalır.,Joy goes against the foundations of mathematics: it multiplies when we divide.,,
Karşılaştırma neşenin hırsızıdır.,Comparison is the thief of joy.,,
"Sevinç, kendimize şeylerin gerçekte ne kadar iyi olduğunu fark etmemize izin verdiğimizde başımıza gelen şeydir.",Joy is what happens to us when we allow ourselves to recognize how good things really are.,,
Koşulsuz sevmeyi öğrenin. Kötü niyet olmadan konuşun. Hiçbir sebep göstermeden ver. Ve hepsinden önemlisi hiçbir beklenti olmadan insanlarla ilgilenin.,"Learn to love without condition. Talk without bad intention. Give without any reason. And most of all, care for people without any expectation.",,
Bazen en sert kabukları kıran güç değil nezakettir.,Sometimes its not the strength but gentleness that cracks the hardest shells.,,
"Mükemmellik, başkalarının akıllıca olduğunu düşündüğünden daha fazla önemsemenin, başkalarının güvenli olduğunu düşündüğünden daha fazlasını riske atmanın, başkalarının pratik olduğunu düşündüğünden daha fazlasını hayal etmenin ve başkalarının mümkün olduğunu düşündüğünden daha fazlasını beklemenin sonucudur.","Excellence is the result of caring more than others think is wise, risking more than others think is safe, dreaming more than others think is practical, and expecting more than others think is possible.",,
"Bağlılık olmadan, ister bir ilişki, ister bir iş, ister bir hobi olsun, hiçbir şeyde derinliğe sahip olamazsınız.","Without commitment, you cannot have depth in anything, whether it's a relationship, a business or a hobby.",,
"İlgi ile bağlılık arasında fark vardır. Bir şeyi yapmak ilginizi çekiyorsa, onu yalnızca uygun olduğunuzda yaparsınız. Bir şeye kendinizi adadığınızda hiçbir mazereti kabul etmezsiniz; yalnızca sonuçları kabul edersiniz.","There's a difference between interest and commitment. When you're interested in doing something, you do it only when it's convenient. When you're committed to something, you accept no excuses - only results.",,
Bağlılıkla ilgili yalnızca iki seçenek vardır. Ya içeridesindir ya da dışarıdasın. Arada yaşam diye bir şey yok.,There are only two options regarding commitment. You're either in or you're out. There's no such thing as life in-between.,,
Fırtınada durdu ve rüzgar ona doğru esmediğinde yelkenlerini ayarladı.,"She stood in the storm, and when the wind did not blow her way, she adjusted her sails.",,
"Hayatın amacı mutlu olmak değildir. Yararlı olmak, onurlu olmak, şefkatli olmak, iyi yaşamış ve yaşamış olmanızın bir fark yaratmasını sağlamaktır.","The purpose of life is not to be happy. It is to be useful, to be honorable, to be compassionate, to have it make some difference that you have lived and lived well.",,
Bir gemi limanda güvendedir ama gemilerin amacı bu değildir.,"A ship is safe in harbor, but that's not what ships are for.",,
Ateş yakmak için iki çakmaktaşı gerekir.,It takes two flints to make a fire.,,
"İtibarınızdan çok karakterinizle ilgilenin, çünkü karakteriniz gerçekte olduğunuz kişidir, itibarınız ise yalnızca başkalarının sizin hakkınızda düşündüğü şeydir.","Be more concerned with your character than your reputation, because your character is what you really are, while your reputation is merely what others think you are.",,
"Beş şeyi her koşulda uygulamak mükemmel bir erdemdir; bu beşi ciddiyet, ruhun cömertliği, samimiyet, ciddiyet ve nezakettir.","To practice five things under all circumstances constitutes perfect virtue; these five are gravity, generosity of soul, sincerity, earnestness, and kindness.",,
Bir ons pratik genellikle bir ton teoriden daha değerlidir.,An ounce of practice is generally worth more than a ton of theory.,,
Vücudunuza iyi bakın. Yaşamak zorunda olduğun tek yer orası.,Take care of your body. It's the only place you have to live.,,
"Cömert bir yürek, güzel bir konuşma, hizmet ve şefkat dolu bir hayat insanlığı yenileyen şeylerdir.","A generous heart, kind speech, and a life of service and compassion are the things which renew humanity.",,
Dünyanın çıplak ayaklarınızı hissetmekten hoşlandığını ve rüzgarların saçlarınızla oynamayı özlediğini unutmayın.,Forget not that the earth delights to feel your bare feet and the winds long to play with your hair.,,
"Kişisel sorumluluk almalısınız. Koşulları, mevsimleri veya rüzgarı değiştiremezsiniz ama kendinizi değiştirebilirsiniz. Bu senin sorumluluğunda olan bir şey.","You must take personal responsibility. You cannot change the circumstances, the seasons, or the wind, but you can change yourself. That is something you have charge of.",,
Bir kişinin karakterinin nihai oluşumu kendi ellerindedir.,The final forming of a person's character lies in their own hands.,,
"Hayatınızın sorumluluğunu kabul edin. Seni gitmek istediğin yere götürecek olanın sen olduğunu bil, başkası değil.","Accept responsibility for your life. Know that it is you who will get you where you want to go, no one else.",,
"Gerçek güzellik saçınızın rengiyle veya gözlerinizin rengiyle ilgili değildir. Gerçek güzellik, insan olarak kim olduğunuzla, ilkelerinizle ve ahlaki pusulanızla ilgilidir.","True beauty is not related to what color your hair is or what color your eyes are. True beauty is about who you are as a human being, your principles, your moral compass.",,
"İyi işlerimizi yaparken, gerçek çözümün hayırseverliğin gereksiz hale geldiği bir dünyada yattığını unutmayalım.",While we do our good works let us not forget that the real solution lies in a world in which charity will have become unnecessary.,,
Sevgi ancak paylaştıkça büyür. Kendiniz için ancak başkalarına vererek daha fazlasına sahip olabilirsiniz.,Love only grows by sharing. You can only have more for yourself by giving it away to others.,,
Dünyaya gidin ve iyi şeyler yapın. Ama daha da önemlisi dünyaya gidin ve iyilik yapın.,"Go into the world and do well. But more importantly, go into the world and do good.",,
"Birisi için bir şey yapmak yerine, herkes için her şeyi yapabilecek duruma gelene kadar beklerseniz, hiç kimse için hiçbir şey yapmamaya başlarsınız.","If you wait until you can do everything for everybody, instead of something for somebody, you'll end up not doing anything for anybody.",,
Barış içten gelir. Onsuz aramayın.,Peace comes from within. Do not seek it without.,,
"Yaşamları çevrelerindeki herkesi etkileyen insanlar var. Sessizce bir kalbe dokunuyorum, o da diğerine dokunuyor. Bilmeyecekleri kadar uzak sonlara ulaşmak.","There are those whose lives affect all others around them. Quietly touching one heart, who in turn, touches another. Reaching out to ends further than they would ever know.",,
Öğreneceğiniz en güzel şey sadece sevmek ve karşılığında sevilmektir.,The greatest thing you'll ever learn is just to love and be loved in return.,,
Hiçbir yaprak birbirine benzemez ama yine de aralarında ya da üzerinde büyüdükleri dallar arasında bir düşmanlık yoktur.,"No two leaves are alike, and yet there is no antagonism between them or between the branches on which they grow.",,
"Eşitlik farklı şeylere aynı şekilde bakmak değil, eşitlik farklı şeylere farklı bakmaktır.","Equality is not in regarding different things similarly, equality is in regarding different things differently.",,
"Hepimizin peşinden koşacağı kendi hayatı, kendi öreceği hayalleri var ve inanmaya devam ettiğimiz sürece hepimiz dilekleri gerçekleştirme gücüne sahibiz.","We all have our own life to pursue, our own kind of dream to be weaving, and we all have the power to make wishes come true, as long as we keep believing.",,
Harika şeyler başarmak kaderinizde olduğuna kalbinizin derinliklerinden inanın.,Believe deep down in your heart that you're destined to do great things.,,
"Aklım tasavvur edebiliyorsa, kalbim inanabiliyorsa, başarabileceğimi biliyorum!","If my mind can conceive it, my heart can believe it, I know I can achieve it!",,
"Büyük şeyler yapamıyorsanız, küçük şeyleri harika bir şekilde yapın.","If you can't do great things, do small things in a great way.",,
Olduğun gibi olmaya cesaret et ve olmadığın her şeyden büyük bir nezaketle vazgeçmeyi ve kendi bireyselliğine inanmayı öğren.,"Dare to be what you are, and learn to resign with a good grace all that you are not and to believe in your own individuality.",,
Bir nehri insanlar için bu kadar huzurlu kılan şey hiçbir şüphesinin olmamasıdır; gittiği yere varacağından emindir ve başka hiçbir yere gitmek istemez.,"What makes a river so restful to people is that it doesn't have any doubt - it is sure to get where it is going, and it doesn't want to go anywhere else.",,
"Gece gündüz seni herkes yapmak için elinden geleni yapan bir dünyada kendin olarak kalabilmek, bir insanın verebileceği en zorlu savaşı vermek demektir; ve asla mücadeleyi bırakma.","To be nobody but yourself in a world which is doing its best, night and day, to make you everybody else means to fight the hardest battle which any human being can fight; and never stop fighting.",,
Gerçek bir arkadaş zayıf yönlerinizi bilir ama size güçlü yönlerinizi gösterir; korkularınızı hisseder ama inancınızı güçlendirir; kaygılarınızı görür ama ruhunuzu özgürleştirir; engellerinizi tanır ancak olasılıklarınızı vurgular.,A true friend knows your weaknesses but shows you your strengths; feels your fears but fortifies your faith; sees your anxieties but frees your spirit; recognizes your disabilities but emphasizes your possibilities.,,
"Belki de iyi yaşamanın sırrı tüm cevaplara sahip olmakta değil, iyi bir eşlikçiyle cevaplanamayan soruların peşinden gitmektedir.",Perhaps the secret of living well is not in having all the answers but in pursuing unanswerable questions in good company.,,
"Gerçek arkadaş, senin biraz çatlak olduğunu bilmesine rağmen senin iyi bir yumurta olduğunu düşünen kişidir.",A true friend is someone who thinks that you are a good egg even though he knows that you are slightly cracked.,,
"Aile, akla gelebilecek her bakımdan geçmişimizle bir bağlantıdır, geleceğimize bir köprüdür.","In every conceivable manner, the family is link to our past, bridge to our future.",,
Görmek isteyenler için her zaman çiçekler vardır.,There are always flowers for those who want to see them.,,
"Unutmayın, umut iyi bir şeydir, belki de en iyi şeydir ve hiçbir iyi şey asla ölmez.","Remember, hope is a good thing, maybe the best of things, and no good thing ever dies.",,
"Zaman bekleyenler için çok yavaş, korkanlar için çok hızlı, yas tutanlar için çok uzun, sevinenler için çok kısadır ama sevenler için zaman sonsuzluktur.","Time is too slow for those who wait, too swift for those who fear, too long for those who grieve, too short for those who rejoice, but for those who love, time is eternity.",,
"Her şeye karşı sabırlı olun, ama her şeyden önce kendinize karşı.","Have patience with all things, but, first of all with yourself.",,
Nehirler şunu biliyor: aceleye gerek yok. Bir gün oraya varacağız.,Rivers know this: there is no hurry. We shall get there some day.,,
Büyümesi yavaş olan ağaçlar en iyi meyveyi verir.,Trees that are slow to grow bear the best fruit.,,
"Işığıyla her yeni sabah için, Gecenin dinlenmesi ve barınması için, Sağlık ve yiyecek için, Sevgi ve dostlar için, İyiliğinin gönderdiği her şey için.","For each new morning with its light, For rest and shelter of the night, For health and food, for love and friends, For everything Thy goodness sends.",,
Bazıları gülün dikenli olduğundan yakınır; Dikenlerin gülleri olduğuna şükrediyorum.,Some people grumble that roses have thorns; I am grateful that thorns have roses.,,
"Kendinizi tamamen etrafınızdakilere verin. Nimetlerinizde cömert olun. Nazik bir jest, yalnızca şefkatin iyileştirebileceği bir yaraya ulaşabilir.",Give yourself entirely to those around you. Be generous with your blessings. A kind gesture can reach a wound that only compassion can heal.,,
Beklentilerinizi takdirle değiştirin ve dünya sizin için değişir.,Trade your expectation for appreciation and the world changes for you.,,
Yukarı çıkarken insanlara iyi davran çünkü aşağıya inerken onlarla karşılaşacaksın.,Be nice to people on your way up because you'll meet them on your way down.,,
"Bütün iyiliklerin kökleri, iyiliğe duyulan takdirin toprağında yatmaktadır.",The roots of all goodness lie in the soil of appreciation for goodness.,,
"Herkese kibar davranın, size kaba davrananlara bile; onlar iyi oldukları için değil, siz öyle olduğunuz için.","Treat everyone with politeness, even those who are rude to you - not because they are nice, but because you are.",,
İyi davranışlar bazen basitçe başkalarının kötü davranışlarına katlanmak anlamına gelir.,Good manners sometimes means simply putting up with other people's bad manners.,,
"Görgü, başkalarının duygularına karşı hassas bir farkındalıktır. Eğer bu farkındalığa sahipseniz, hangi çatalı kullanırsanız kullanın, görgü kurallarına sahipsiniz demektir.","Manners are a sensitive awareness of the feelings of others. If you have that awareness, you have good manners, no matter what fork you use.",,
"İyi terbiye, en iyi eğitimin açamayacağı kapıları açacaktır.",Good manners will open doors that the best education cannot.,,
Çoğu insan anlamak amacıyla dinlemez; cevap verme niyetiyle dinlerler.,Most people do not listen with the intent to understand; they listen with the intent to reply.,,
"İki kulağımız, bir dilimiz var ki çok dinleyelim, az konuşalım.",We have two ears and one tongue so that we would listen more and talk less.,,
İnsanlar öylece birbirine bağlanamaz. Bağlanmak zorundalar. Aksi takdirde kendilerini elleri ve ayakları bağlı halde bulacaklar.,"People can't be just tied together. They have to connect. Otherwise, they'll find themselves bound hand and foot.",,
"Büyük şeyleri başarmak için sadece harekete geçmemeli, aynı zamanda hayal etmeli, sadece planlamamalı, aynı zamanda inanmalıyız.","To accomplish great things, we must not only act, but also dream, not only plan, but also believe.",,
Kalbinizin içine baktığınızda vizyonunuz netleşir. Dışarıya bakan rüya görür. İçine bakan uyanır.,"Your vision becomes clear when you look inside your heart. Who looks outside, dreams. Who looks inside, awakens.",,
Kafanın içinde beyin var. Ayakkabının içinde ayakların var. Kendinizi seçtiğiniz herhangi bir yöne yönlendirebilirsiniz. Tek başınasın. Ve ne bildiğini biliyorsun. Ve nereye gideceğinize karar verecek olan da SİZSİNİZ...,You have brains in your head. You have feet in your shoes. You can steer yourself any direction you choose. You're on your own. And you know what you know. And YOU are the one who'll decide where to go...,,
Düşmek hayatın bir parçası. Tekrar ayağa kalkmak yaşamaktır.,Falling down is part of life. Getting back up is living.,,
Doğru sonuca ulaşana kadar pratik yapmayın. Yanlış anlamayana kadar pratik yapın.,Don’t practice until you get it right. Practice until you can’t get it wrong.,,
"Nerede olduğunuzu düşünmek yerine, nerede olmak istediğinizi düşünün. Bir gecede başarıya ulaşmak için yirmi yıllık sıkı çalışma gerekir.","Instead of thinking about where you are, think about where you want to be. It takes twenty years of hard work to become an overnight success.",,
Önümüzde geride bıraktığımızdan çok çok daha iyi şeyler var.,"There are far, far better things ahead than any we leave behind.",,
"Hayatın gerçek anlamı, gölgesinde oturmayı beklemediğiniz ağaçlar dikmektir.","The true meaning of life is to plant trees, under whose shade you do not expect to sit.",,
Zaten dolu olan bir bardağa daha fazlası eklenemez. Daha fazla iyilik elde etmek için sahip olduklarımızı vermeliyiz.,"A cup that is already full cannot have more added to it. In order to receive the further good, we must give of that which we have.",,
"Kaderinizin ne olacağını bilmiyorum ama bildiğim bir şey var: Aranızda gerçekten mutlu olacak olanlar, nasıl hizmet edeceğini arayan ve bulanlardır.","I don't know what your destiny will be, but one thing I know: the only ones among you who will be really happy are those who have sought and found how to serve.",,
Hayatını ateşe ver. Alevlerinizi körükleyenleri arayın.,Set your life on fire. Seek those who fan your flames.,,
Tüm sağlığın kökü beyindedir. Bunun özü duygudadır. Dallar ve yapraklar gövdedir. Sağlığın çiçeği tüm parçaların bir arada çalışmasıyla çiçek açar.,The root of all health is in the brain. The trunk of it is in emotion. The branches and leaves are the body. The flower of health blooms when all parts work together.,,
Sağlığı olanın umudu vardır; Umudu olan her şeye sahiptir.,"He who has health, has hope; and he who has hope, has everything.",,
Bir sonraki adımınızı atmadan önce asla zemini test etmek için aşağıya bakmayın; Yalnızca gözünü uzak ufka sabitleyen doğru yolu bulacaktır.,Never look down to test the ground before taking your next step; only he who keeps his eye fixed on the far horizon will find his right road.,,
"En büyük görkemimiz hiç düşmemek değil, her düştüğümüzde ayağa kalkmaktır.","Our greatest glory is not in never failing, but in rising up every time we fail.",,
"Unutmayın, hiç kimse sizin rızanız olmadan size kendinizi aşağılık hissettiremez.","Remember, no one can make you feel inferior without your consent.",,
"Bu her şeyden önce kendi benliğin için doğru olmalı ve gecenin gündüzü takip etmesi gibi, o zaman hiç kimseye karşı yalan söyleyemezsin.","This above all-to thine own self be true, and it must follow, as night follows day, thou canst not then be false to any man.",,
Dünyadaki hiçbir ruhun size tam olarak kim olduğunuzu söyleyemeyeceğinizi söylemesine asla izin vermeyin.,Don’t ever let a soul in the world tell you that you can’t be exactly who you are.,,
"Bazen birine uzanıp elini tutmak bir yolculuğun başlangıcıdır. Diğer zamanlarda, bir başkasının sizinkini almasına izin vermektir.","Sometimes, reaching out and taking someone's hand is the beginning of a journey. At other times, it is allowing another to take yours.",,
Bu dünyada bir başkasının yükünü hafifleten hiç kimse yararsız değildir.,No one is useless in this world who lightens the burdens of another.,,
"Mutlak sevginin görünür işareti, ölümsüz bir gülümsemedir.",The visible sign of utter love is an undying smile.,,
"Yaşamın amacı olmadığında çok çalışmak acı verir. Ancak kendinizden daha büyük bir şey için ve kendi egonuzun tatmini için yaşadığınızda, o zaman sıkı çalışma sevgi emeğine dönüşür.","Hard work is painful when life is devoid of purpose. But when you live for something greater than yourself and the gratification of your own ego, then hard work becomes a labor of love.",,
"Bireyin özgürlüğü, ahlakı ve insan onuru tam olarak bundan ibarettir; iyilik yapmaya zorlandığı için değil, özgürce tasarladığı, istediği ve sevdiği için iyilik yapar.","Freedom, morality, and the human dignity of the individual consists precisely in this; that he does good not because he is forced to do so, but because he freely conceives it, wants it, and loves it.",,
Aya ateş edin. Kaçırsanız bile yıldızların arasına ineceksiniz.,Shoot for the moon. Even if you miss it you will land among the stars.,,
Yolculuğun bir sonu olması iyidir ama sonuçta önemli olan yolculuktur.,"It is good to have an end to journey toward, but it is the journey that matters in the end.",,
Komedi meydan okumaktır. Korku ve kaygı karşısında duyulan küçümseyici bir homurtu. Ve nefes alırken umudun geri dönmesini sağlayan da kahkahadır.,Comedy is defiance. It's a snort of contempt in the face of fear and anxiety. And it's the laughter that allows hope to creep back on the inhale.,,
"Doğru olanın yanında yer alın. Gürültüyü artırın ve bir değişiklik yapın. Her zaman popüler olmayabilirsiniz ama kendinizden daha büyük, daha büyük ve daha büyük bir şeyin parçası olacaksınız.","Take a stand for what's right. Raise a ruckus and make a change. You may not always be popular, but you'll be part of something larger and bigger and greater than yourself.",,
Sevgiyle ilgili insanların yanıt vermesi gereken bir şey var.,There's something about love that people just have to respond to.,,
Sadece izleyerek birçok şeyi gözlemleyebilirsiniz.,You can observe a lot just by watching.,Yogi Berra,
Hedefe yaklaştıkça zorluklar artar.,Difficulties increase the nearer we get to the goal.,Johann Wolfgang von Goethe,
"Kader senin elinde, başkasının elinde değil.",Fate is in your hands and no one elses.,Byron Pulsifer,
Şef ol ama asla efendi ol.,Be the chief but never the lord.,Lao Tzu,
Önce hayal kurmadıkça hiçbir şey olmaz.,Nothing happens unless first we dream.,Carl Sandburg,
İyi başlamak işin yarısıdır.,Well begun is half done.,Aristotle,
"Hayat bir öğrenme deneyimidir, ancak öğrenirseniz.","Life is a learning experience, only if you learn.",Yogi Berra,
Kendini beğenmişlik ilerleme için ölümcüldür.,Self-complacency is fatal to progress.,Margaret Sangster,
Ne verirsen onu alırsın.,What you give is what you get.,Byron Pulsifer,
Sevmeyi ancak severek öğrenebiliriz.,We can only learn to love by loving.,Iris Murdoch,
Hayat değişimdir. Büyüme isteğe bağlıdır. Akıllıca seçin.,Life is change. Growth is optional. Choose wisely.,Karen Clark,
İnandığın zaman göreceksin.,You'll see it when you believe it.,Wayne Dyer,
Dün endişe ettiğimiz yarın bugündür.,Today is the tomorrow we worried about yesterday.,,
Başkasının kağıdındaki hataları görmek daha kolaydır.,It's easier to see the mistakes on someone else's paper.,,
İnsanların arkalarından yürümesine öncülük etmek.,To lead people walk behind them.,Lao Tzu,
Hiçbir şeyi olmayan hiçbir şeyi kaybedemez.,"Having nothing, nothing can he lose.",William Shakespeare,
Yuvarlanan taş yosun tutmaz.,A rolling stone gathers no moss.,Publilius Syrus,
Fikirler tüm talihlerin başlangıç ​​noktasıdır.,Ideas are the beginning points of all fortunes.,Napoleon Hill,
"Hiçbir şey yapmamak, hiçbir şey yapmamakla meşgul olmaktan daha iyidir.",Doing nothing is better than being busy doing nothing.,Lao Tzu,
Kendinize güvenin. Sandığından daha fazlasını biliyorsun.,Trust yourself. You know more than you think you do.,Benjamin Spock,
Geleceği tahmin etmek istiyorsanız geçmişi inceleyin.,"Study the past, if you would divine the future.",Confucius,
"Gün zaten kutlu, içinde huzur bulun.","The day is already blessed, find peace within it.",,
İnsan hatadan hataya koşarak tüm gerçeği keşfeder.,From error to error one discovers the entire truth.,Sigmund Freud,
"Çiğneyebileceğinizden fazlasını ısırın, sonra çiğneyin.","Bite off more than you can chew, then chew it.",Ella Williams,
Kendi kurtuluşunuzu yaratın. Başkalarına bağımlı olmayın.,Work out your own salvation. Do not depend on others.,Buddha,
Umudunuzu seçtiğinizde her şey mümkün olur.,"Once you choose hope, anythings possible.",Christopher Reeve,
Küçük başlangıçlardan büyük şeyler doğar.,From small beginnings come great things.,,
Dünya her zaman hareket halindedir.,The world is always in movement.,V. Naipaul,
Seni endişelendiren şey sana hakim olur.,What worries you masters you.,Haddon Robinson,
İnsan geleceğe geçmişiyle bakar.,One faces the future with ones past.,Pearl Buck,
Hedefler başarı fırınındaki yakıttır.,Goals are the fuel in the furnace of achievement.,Brian Tracy,
"Erdem eken, şeref biçer.",Who sows virtue reaps honour.,Leonardo da Vinci,
Konuşmak pirinci pişirmez.,Talk doesn't cook rice.,Chinese proverb,
"Yapabildiğini düşünen, yapabilir.",He is able who thinks he is able.,Buddha,
Plansız bir hedef sadece bir dilektir.,A goal without a plan is just a wish.,Larry Elder,
Başarılı olmak için öncelikle başarabileceğimize inanmalıyız.,"To succeed, we must first believe that we can.",Michael Korda,
"Bir ot, kılık değiştirmiş bir çiçekten başka bir şey değildir.",A weed is no more than a flower in disguise.,James Lowell,
Yap ya da yapma. Deneme yok.,"Do, or do not. There is no try.",Yoda,
Tüm ciddi cesaret içeriden başlar.,All serious daring starts from within.,Harriet Beecher Stowe,
Beklemeyin. Zaman hiçbir zaman tam olarak doğru olmayacak.,Don't wait. The time will never be just right.,Napoleon Hill,
Zaman en bilge danışmandır.,Time is the wisest counsellor of all.,Pericles,
Almadan önce verirsin.,You give before you get.,Napoleon Hill,
Her şeyde değişiklik tatlıdır.,Change in all things is sweet.,Aristotle,
Korktuğunuz şey üstesinden gelmek için eylem gerektiren şeydir.,What you fear is that which requires action to overcome.,Byron Pulsifer,
"İlişkilerde gerçek sihir, başkalarını yargılamanın olmaması anlamına gelir.",Real magic in relationships means an absence of judgement of others.,Wayne Dyer,
Yapma becerisi yapmaktan gelir.,Skill to do comes of doing.,Ralph Emerson,
"Yıllar, günlerin asla bilemeyeceği çok şey öğretir.",The years teach much which the days never know.,Ralph Emerson,
Güvensizliğimiz çok pahalı.,Our distrust is very expensive.,Ralph Emerson,
Herkes yolu biliyor; çok azı gerçekten yürüyor.,All know the way; few actually walk it.,Bodhidharma,
Büyük yetenek mutluluğu uygulamada bulur.,Great talent finds happiness in execution.,Johann Wolfgang von Goethe,
En güçlü iki savaşçı sabır ve zamandır.,The two most powerful warriors are patience and time.,Leo Tolstoy,
Kolayı yöneterek zoru tahmin edin.,Anticipate the difficult by managing the easy.,Lao Tzu,
Kırgın düşüncelerden arınmış olanlar mutlaka huzur bulur.,Those who are free of resentful thoughts surely find peace.,Buddha,
Gökkuşağının oluşması için hem güneş ışığı hem de yağmur gerekir.,It takes both sunshine and rain to make a rainbow.,,
Güzel bir şey asla mükemmel değildir.,A beautiful thing is never perfect.,,
"Hayat harekettir; nefes alırız, yeriz, yürürüz, hareket ederiz!","Life is movement-we breathe, we eat, we walk, we move!",John Pierrakos,
Sınırlarınızı tartışın ve onların sizin olduğundan emin olun.,"Argue for your limitations, and sure enough theyre yours.",Richard Bach,
"Şans, hazırlık fırsatla buluştuğunda ortaya çıkan şeydir.",Luck is what happens when preparation meets opportunity.,Seneca,
Kazanmak için kazanmayı beklemelisiniz.,"In order to win, you must expect to win.",Richard Bach,
Yapabileceğinize inanırsanız yapabilirsiniz!,You can do it if you believe you can!,Napoleon Hill,
"Her yeni gün, hayatınızı değiştirmek için başka bir şanstır.",Every new day is another chance to change your life.,,
"Gülümseyin, nefes alın ve yavaşça ilerleyin.","Smile, breathe, and go slowly.",Thich Nhat Hanh,
Hayal etmekten fazlasını yapın: çalışın.,Do more than dream: work.,William Arthur Ward,
"Bazıları mutluluğun peşinde koşar, bazıları ise onu yaratır.","Some pursue happiness, others create it.",,
"Başı dönen, dünyanın döndüğünü zanneder.",He that is giddy thinks the world turns round.,William Shakespeare,
Yıkılan geçmişle bugünü mahvetmeyin.,Don't ruin the present with the ruined past.,Ellen Gilchrist,
Sessiz olamıyorsan zeki ve düşünceli ol.,If you cannot be silent be brilliant and thoughtful.,Byron Pulsifer,
Dışarıya bakan rüya görür; İçeri bakan uyanır.,"Who looks outside, dreams; who looks inside, awakes.",Carl Jung,
En kısa cevap yapmaktır.,The shortest answer is doing.,Lord Herbert,
Tüm bilgimizin kökeni algılarımızdadır.,All our knowledge has its origins in our perceptions.,Leonardo da Vinci,
Ne kadar sert düşersen o kadar yükseğe sıçrarsın.,"The harder you fall, the higher you bounce.",,
Sezgilerimize güvenmek çoğu zaman bizi felaketten kurtarır.,Trusting our intuition often saves us from disaster.,Anne Wilson Schaef,
Gerçek güçlüdür ve galip gelir.,Truth is powerful and it prevails.,Sojourner Truth,
Sessizlik bilgeliğin etrafını saran bir çittir.,Silence is a fence around wisdom.,German proverb,
En basit şeyler çoğu zaman en gerçek olanlardır.,The simplest things are often the truest.,Richard Bach,
Hiçbir mazeret seni sorumluluğu kabul etmekten kurtaramaz.,No alibi will save you from accepting the responsibility.,Napoleon Hill,
İyi yolculuk etmek varmaktan daha iyidir.,It is better to travel well than to arrive.,Buddha,
Kendinize inanmalısınız.,You have to believe in yourself.,Sun Tzu,
Niyetimiz gerçekliğimizi yaratır.,Our intention creates our reality.,Wayne Dyer,
Sessizlik asla ihanet etmeyen gerçek bir dosttur.,Silence is a true friend who never betrays.,Confucius,
Küçük meşe palamutlarından güçlü meşeler büyür.,From little acorns mighty oaks do grow.,American proverb,
Dalgaları durduramazsınız ama sörf yapmayı öğrenebilirsiniz.,"You can't stop the waves, but you can learn to surf.",Jon Kabat-Zinn,
Gerçeklik ideale uymaz ama onu doğrular.,"Reality does not conform to the ideal, but confirms it.",Gustave Flaubert,
"Gerçekten büyük bir yetenek, mutluluğunu uygulamada bulur.",A really great talent finds its happiness in execution.,Johann Wolfgang von Goethe,
Gerçeklik hayal gücüne çok şey bırakır.,Reality leaves a lot to the imagination.,John Lennon,
Öfkenin en büyük ilacı geciktirmektir.,The greatest remedy for anger is delay.,Seneca,
Büyümenin kendisi mutluluk tohumunu içerir.,Growth itself contains the germ of happiness.,Pearl Buck,
Mantıklı olanı yapabilir veya neyin mümkün olduğuna karar verebilirsiniz.,You can do what's reasonable or you can decide what's possible.,,
Hiçbir şey otoriteyi sessizlik kadar güçlendiremez.,Nothing strengthens authority so much as silence.,Leonardo da Vinci,
"Nereye giderseniz gidin, tüm kalbinizle gidin.","Wherever you go, go with all your heart.",Confucius,
Tek gerçek değerli şey sezgidir.,The only real valuable thing is intuition.,Albert Einstein,
İyi şanslar amaç azminin diğer adıdır.,Good luck is another name for tenacity of purpose.,Ralph Emerson,
Gökkuşakları öfkeli gökyüzü için özür diler.,Rainbows apologize for angry skies.,Sylvia Voirol,
Arkadaşlık büyük bir şey değil. Milyonlarca küçük şey var.,Friendship isn't a big thing. It's a million little things.,,
Bir insanın harcayabileceği en değerli şey zamandır.,Time is the most valuable thing a man can spend.,Theophrastus,
Ne olursa olsun sorumluluğu üstlenin.,"Whatever happens, take responsibility.",Tony Robbins,
Tecrübe sadece hatalarımıza verdiğimiz isimdir.,Experience is simply the name we give our mistakes.,Oscar Wilde,
"Bugün iyi bir plan, yarınki mükemmel bir plandan daha iyidir.",A good plan today is better than a perfect plan tomorrow.,,
Ayakkabı uymuyorsa ayağı değiştirmeli miyiz?,"If the shoe doesn't fit, must we change the foot?",Gloria Steinem,
Düşünmeyi bıraktığımızda çoğu zaman fırsatı kaçırırız.,"While we stop to think, we often miss our opportunity.",Publilius Syrus,
Hayatınıza bir şey katmak için onun zaten orada olduğunu hayal edin.,"To bring anything into your life, imagine that it's already there.",Richard Bach,
"Kendinizi ne kadar tanırsanız, kendinizi o kadar affedersiniz.","The more you know yourself, the more you forgive yourself.",Confucius,
İnanç olmadan hiçbir şey mümkün değildir. Onunla hiçbir şey imkansız değildir.,"Without faith, nothing is possible. With it, nothing is impossible.",Mary Bethune,
Sınırlarımızı kabul ettiğimizde onların ötesine geçeriz.,"Once we accept our limits, we go beyond them.",Albert Einstein,
Sorunlarınız sizi zorlamasın; hayalleriniz tarafından yönlendirileceksiniz.,Don't be pushed by your problems; be led by your dreams.,,
"Güvenle beklediğimiz her şey, kendi kendini gerçekleştiren kehanetimiz haline gelir.",Whatever we expect with confidence becomes our own self-fulfilling prophecy.,Brian Tracy,
Hayal edebileceğiniz her şey gerçektir.,Everything you can imagine is real.,Pablo Picasso,
"Korku, olumsuzlukların geliştiği karanlık bir odadır.",Fear is a darkroom where negatives develop.,Usman Asif,
Özgürlük istediğimiz gibi yaşama hakkıdır.,Freedom is the right to live as we wish.,Epictetus,
"Düşüncelerinizi değiştirin, hayatınız değişsin!","Change your thoughts, change your life!",,
"İçinizden gelen bir hissi asla göz ardı etmeyin, ancak bunun yeterli olduğuna da asla inanmayın.","Never ignore a gut feeling, but never believe that it's enough.",Robert Heller,
Kayıp değişimden başka bir şey değildir ve değişim Doğanın zevkidir.,"Loss is nothing else but change,and change is Natures delight.",Marcus Aurelius,
Birisi ancak sen söylersen özeldir.,Someone is special only if you tell them.,Byron Pulsifer,
"Bugün, dün endişelendiğin yarındır.",Today is the tomorrow you worried about yesterday.,,
"Mutluluğa giden yol yoktur, mutluluk yoldur.","There is no way to happiness, happiness is the way.",Thich Nhat Hanh,
Bir gülümsemenin ardından gün her zaman daha parlak görünür.,The day always looks brighter from behind a smile.,,
Bir tökezleme düşmeyi engelleyebilir.,A stumble may prevent a fall.,,
Daha çok konuşan daha çabuk tükenir.,He who talks more is sooner exhausted.,Lao Tzu,
Gücümüz zayıflıklarımızdan doğar.,Our strength grows out of our weaknesses.,Ralph Waldo Emerson,
"Mutluluk sadece sahip olmakta değil, yapmakta bulunur.","Happiness is found in doing, not merely possessing.",Napoleon Hill,
Geleceğinizi emin ellere bırakın: kendinizin.,Put your future in good hands : your own.,,
Başkalarına nasıl davranacağımıza göre kaderimizi seçeriz.,We choose our destiny in the way we treat others.,Wit,
Çığa düşen hiçbir kar tanesi kendini sorumlu hissetmez.,No snowflake in an avalanche ever feels responsible.,Voltaire,
Şans cesurdan yanadır.,Fortune favours the brave.,Virgil,
"Zihin, uzun süredir öğrendiği şeyleri zorlukla unutur.",The mind unlearns with difficulty what it has long learned.,Seneca,
Yabani otları olmayan hiçbir bahçe yoktur.,No garden is without its weeds.,Thomas Fuller,
Artık denememek dışında başarısızlık yoktur.,There is no failure except in no longer trying.,Elbert Hubbard,
Nazik sözler demir bir kapıyı açar.,Kind words will unlock an iron door.,Turkish proverb,
Sorunlar yalnızca üzerinde dikenler olan fırsatlardır.,Problems are only opportunities with thorns on them.,Hugh Miller,
Hayat sadece bir ruhu büyütmek için bir şanstır.,Life is just a chance to grow a soul.,A. Powell Davies,
Dağlar dolambaçlı yollar dışında aşılamaz.,Mountains cannot be surmounted except by winding paths.,Johann Wolfgang von Goethe,
Gönlümüzün uyanış bahçesi yüzlerce çiçekle açsın.,May our hearts garden of awakening bloom with hundreds of flowers.,Thich Nhat Hanh,
Gençliğinizin hayallerine sadık kalın.,Keep true to the dreams of thy youth.,Friedrich von Schiller,
Denemeyi bırakana kadar asla kaybeden değilsin.,You're never a loser until you quit trying.,Mike Ditka,
Bilmek yeterli değildir; başvurmalıyız!,Knowing is not enough; we must apply!,Johann Wolfgang von Goethe,
Güçlü inançlar güçlü insanları kazanır ve sonra onları daha da güçlü kılar.,"Strong beliefs win strong men, and then make them stronger.",Richard Bach,
"Sonbahar, her yaprağın çiçek olduğu ikinci bahardır.",Autumn is a second spring when every leaf is a flower.,Albert Camus,
Rüzgara teslim olursan binebilirsin.,"If you surrender to the wind, you can ride it.",Toni Morrison,
Kendinizi güneş ışığına tutarsanız gölgeyi göremezsiniz.,Keep yourself to the sunshine and you cannot see the shadow.,Helen Keller,
İlham var ama bizi çalışırken bulması gerekiyor.,"Inspiration exists, but it has to find us working.",Pablo Picasso,
"Önemli olacak kadar büyük, kazanılacak kadar küçük savaşlar seçin.","Pick battles big enough to matter, small enough to win.",Jonathan Kozol,
Kendinizden taviz vermeyin. Sahip olduğun tek şey sensin.,Don't compromise yourself. You are all you've got.,Janis Joplin,
Kısa bir söz çoğu zaman çok fazla bilgelik içerir.,A short saying oft contains much wisdom.,Sophocles,
Zorluklar insana ne olduğunu gösteren şeylerdir.,Difficulties are things that show a person what they are.,Epictetus,
"Gücünüzden şüphe ettiğinizde, şüphenize güç verirsiniz.","When you doubt your power, you give power to your doubt.",Honore de Balzac,
İhtiyatlı bir soru bilgeliğin yarısıdır.,A prudent question is one half of wisdom.,Francis Bacon,
Sezgilerimin yolumu yönlendirmesine izin veriyorum.,I allow my intuition to lead my path.,Manuel Puig,
"Doğa, kullanılmayan her yetiyi elinden alır.",Nature takes away any faculty that is not used.,William R. Inge,
"Refahın yolu yoktur, refah yoldur.","There is no way to prosperity, prosperity is the way.",Wayne Dyer,
"Bir konuyu yarısını bilmektense, onun hakkında cahil olmak daha iyidir.",Better be ignorant of a matter than half know it.,Publilius Syrus,
İçgüdülerinizi takip edin. Gerçek bilgeliğin kendini gösterdiği yer burasıdır.,Follow your instincts. That is where true wisdom manifests itself.,Oprah Winfrey,
Harika şeyler başarmak için eyleme geçmenin yanı sıra hayal de kurmalıyız.,"To accomplish great things, we must dream as well as act.",Anatole France,
Akıl her şeydir. Neye dönüştüğünü düşünüyorsun.,The mind is everything. What you think you become.,Buddha,
Hayattan keyif almak için onun çoğuna hafifçe dokunmalıyız.,"To enjoy life, we must touch much of it lightly.",Voltaire,
Uçmak için dirence ihtiyacımız var.,"To fly, we have to have resistance.",Maya Lin,
Ne gördüğünüz ne aradığınıza bağlıdır.,What you see depends on what you're looking for.,,
Düşüncenizde olduğu gibi eyleminizde de harika olun.,"Be great in act, as you have been in thought.",William Shakespeare,
Nazik sözlerin maliyeti çok fazla değildir. Yine de çok şey başarıyorlar.,Kind words do not cost much. Yet they accomplish much.,Blaise Pascal,
Boşa harcanan zamandan daha büyük bir zarar yoktur.,There is no greater harm than that of time wasted.,Michelangelo,
"Sezgi, düşünen zihne bundan sonra nereye bakacağını söyleyecektir.",Intuition will tell the thinking mind where to look next.,Jonas Salk,
"Endişe, küçük bir şeye büyük bir gölge verir.",Worry gives a small thing a big shadow.,,
Korkular bir ruh halinden başka bir şey değildir.,Fears are nothing more than a state of mind.,Napoleon Hill,
Verimlilik işleri doğru yapmaktır; etkililik doğru şeyleri yapmaktır.,Efficiency is doing things right; effectiveness is doing the right things.,Peter Drucker,
Hiç sönmeyen ateşle yan.,Blaze with the fire that is never extinguished.,Luisa Sigea,
Ağlama çünkü bitti. Gülümse çünkü bu oldu.,Don't cry because it's over. Smile because it happened.,Dr. Seuss,
Hayır yapmak daha kolaydır. Evet demek daha kolaydır.,No is easier to do. Yes is easier to say.,Jason Fried,
"Sen hatırlamaya devam etmediğin sürece, yanılmış olmak hiçbir şey değildir.",To be wrong is nothing unless you continue to remember it.,Confucius,
"Susmak sonsuzluk kadar derin, söz ise zaman kadar sığdır.","Silence is deep as Eternity, Speech is shallow as Time.",Carlyle,
Birbirinizi boğmayın. Kimse gölgede büyüyemez.,Don't smother each other. No one can grow in the shade.,Leo F. Buscaglia,
"Hareket halindeki bir karınca, uyuklayan bir öküzden daha fazlasını yapar.",An ant on the move does more than a dozing ox.,Lao Tzu,
Sıkılmış yumrukla el sıkışamazsınız.,You can't shake hands with a clenched fist.,Indira Gandhi,
"İyi bir karar bilgiye dayanır, sayılara değil.",A good decision is based on knowledge and not on numbers.,Plato,
Tedbirli olanlar nadiren hata yapar.,The cautious seldom err.,Confucius,
Mücadele olmazsa ilerleme olmaz.,"If there is no struggle, there is no progress.",Frederick Douglass,
Harcamaktan keyif aldığınız zaman boşa gitmemiştir.,"Time you enjoy wasting, was not wasted.",John Lennon,
Her sorunun elinde sizin için bir hediye vardır.,Every problem has a gift for you in its hands.,Richard Bach,
Hüzün zamanın kanatlarında uçup gider.,Sadness flies away on the wings of time.,Jean de la Fontaine,
"Çoğu zaman konuşmamdan pişmanlık duydum, sessizliğimden asla.","I have often regretted my speech, never my silence.",Publilius Syrus,
Bir insan elinden gelenin en iyisini yaparsa başka ne olur?,"If a man does his best, what else is there?",George Patton,
"Hayat bir ilerlemedir, bir istasyon değil.","Life is a progress, and not a station.",Ralph Emerson,
Mutluluğu içinde taşıyan insan için her mevsim güzeldir.,All seasons are beautiful for the person who carries happiness within.,Horace Friess,
"Eleştiriden kaçınmak için hiçbir şey yapmayın, hiçbir şey söylemeyin, hiçbir şey olmayın.","To avoid criticism, do nothing, say nothing, be nothing.",Elbert Hubbard,
Her şey değişir; hiçbir şey yok olmaz.,All things change; nothing perishes.,Ovid,
Yokluk kalbin daha da büyümesini sağlar.,Absence makes the heart grow fonder.,Haynes Bayly,
Hayal gücü bir insanın uçurabileceği en yüksek uçurtmadır.,Imagination is the highest kite one can fly.,Lauren Bacall,
Bilginin başlangıcı anlamadığımız bir şeyin keşfidir.,The beginning of knowledge is the discovery of something we do not understand.,Frank Herbert,
"Sevgi dünyayı döndürmez, sevgi yolculuğu değerli kılan şeydir.","Love doesn't make the world go round, love is what makes the ride worthwhile.",Elizabeth Browning,
"İmkansızı elediğinizde, ne kadar olasılık dışı olursa olsun, geriye kalan şey gerçek olmalıdır.","Whenever you have eliminated the impossible, whatever remains, however improbable, must be the truth.",Arthur Conan Doyle,
İyi kereste kolaylıkla büyümez; Rüzgar ne kadar güçlü olursa ağaçlar da o kadar güçlü olur.,"Good timber does not grow with ease; the stronger the wind, the stronger the trees.",J. Willard Marriott,
Rüzgarlar ve dalgalar her zaman en yetenekli denizcilerin yanındadır.,The winds and waves are always on the side of the ablest navigators.,Edward Gibbon,
"Hiç sahip olmadığın bir şeye sahip olmak için, hiç yapmadığın bir şeyi yapmalısın.","To get something you never had, you have to do something you never did.",,
Bir şeyi bilmediğiniz zaman şükredin çünkü o size öğrenme fırsatı verir.,Be thankful when you don't know something for it gives you the opportunity to learn.,,
"Karşılaştığınız her talihsizlik, yarının iyi şanslarının tohumunu içinde taşıyacaktır.",Each misfortune you encounter will carry in it the seed of tomorrows good luck.,Og Mandino,
"Affetmek, bir mahkumu serbest bırakmak ve o mahkumun kendiniz olduğunu anlamaktır.",To forgive is to set a prisoner free and realize that prisoner was you.,Lewis B. Smedes,
"Dünyanın en büyük sefaleti ayrılıkta, dünyanın gerçek gücü şefkatte yatıyor.","In separateness lies the world's great misery, in compassion lies the world's true strength.",Buddha,
Henüz var olmayan bir şeye tutkuyla inanarak onu yaratırız.,"By believing passionately in something that does not yet exist, we create it.",Nikos Kazantzakis,
Bırakmak dünyanın sonu değil; yeni bir hayatın başlangıcıdır.,Letting go isn't the end of the world; it's the beginning of a new life.,,
Düzensiz olmanın avantajlarından biri de kişinin sürekli heyecan verici keşifler yapmasıdır.,One of the advantages of being disorderly is that one is constantly making exciting discoveries.,A. A. Milne,
Bir an önce yaşamaya başlayın ve her günü ayrı bir hayat olarak sayın.,Begin at once to live and count each separate day as a separate life.,Seneca,
Nereye gittiğinizi bilmiyorsanız muhtemelen başka bir yere varırsınız.,"If you don't know where you are going, you will probably end up somewhere else.",Lawrence Peter,
Öğrendiklerimizi takdir etmek için her şeyi bilmek o kadar önemli değil.,It is not so important to know everything as to appreciate what we learn.,Hannah More,
Hangi limana gidildiğini bilmeyen kişi hiçbir rüzgarın işine yaramaz.,"If one does not know to which port is sailing, no wind is favorable.",Seneca,
"En büyük zaferimiz asla başarısız olmamak değil, her düştüğümüzde ayağa kalkmaktır.",Our greatest glory is not in never failing but rising everytime we fall.,,
Haklı olmak fazlasıyla abartılıyor. Durmuş saat bile günde iki kez doğruyu gösterir.,Being right is highly overrated. Even a stopped clock is right twice a day.,,
"Sahip olmadığın şeye üzülmek, sahip olduklarını israf etmektir.",To be upset over what you don't have is to waste what you do have.,Ken S. Keyes,
"Yapabildiğimiz şeyleri yapsaydık, kendimizi hayrete düşürürdük.","If we did the things we are capable of, we would astound ourselves.",Thomas Edison,
Hayatta korkulacak hiçbir şey yok. Sadece anlaşılması gerekiyor.,Nothing in life is to be feared. It is only to be understood.,Marie Curie,
Başarılı insanlar daha iyi sorular sorar ve bunun sonucunda da daha iyi yanıtlar alırlar.,"Successful people ask better questions, and as a result, they get better answers.",Tony Robbins,
Hayat bir süreçtir. Biz bir süreciz. Evren bir süreçtir.,Life is a process. We are a process. The universe is a process.,Anne Schaef,
"Söylediklerimizi, konuşmamızı dinleyenlerden öğreniyoruz.",We learn what we have said from those who listen to our speaking.,Kenneth Patton,
"Düştüğünüzden bir kez daha kalkarsanız, başaracaksınız.","If you get up one more time than you fall, you will make it through.",,
Her gün açıp kapattığımız kapılar yaşadığımız hayatları belirler.,The doors we open and close each day decide the lives we live.,Flora Whittemore,
"Dünyadaki en kötü müflis, heyecanını kaybetmiş insandır.",The worst bankrupt in the world is the person who has lost his enthusiasm.,H. W. Arnold,
"Mutluluk, çalışmanız ve sözleriniz kendinize ve başkalarına faydalı olduğunda gelir.",Happiness comes when your work and words are of benefit to yourself and others.,Buddha,
"Doğru kararı vermeye odaklanmayın, kararı doğru vermeye odaklanın.","Don't focus on making the right decision, focus on making the decision the right one.",,
"Evrende her şey mükemmeldir, hatta onu geliştirme arzunuz bile.","Everything is perfect in the universe, even your desire to improve it.",Wayne Dyer,
Evren sabırla zekamızın daha da keskinleşmesini bekleyen büyülü şeylerle doludur.,"The universe is full of magical things, patiently waiting for our wits to grow sharper.",Eden Phillpotts,
Uzun zamandır beklenen bir şey nihayet geldiğinde beklenmedik bir hal alır.,A thing long expected takes the form of the unexpected when at last it comes.,Mark Twain,
Başarısızlığa inanmıyorum. Süreçten keyif aldıysanız bu başarısızlık değildir.,I don't believe in failure. It is not failure if you enjoyed the process.,Oprah Winfrey,
"Birisi için bir lamba yakarsanız, bu sizin de yolunuzu aydınlatacaktır.","If you light a lamp for somebody, it will also brighten your path.",Buddha,
Bizi yeni ufuklara ulaştıran hayat yağmuruna şükredin.,Give thanks for the rain of life that propels us to reach new horizons.,Byron Pulsifer,
Hepimizin sorunları var. Bizi farklı kılan bunları çözme şeklimizdir.,We all have problems. The way we solve them is what makes us different.,,
Elbise ancak zihin ve karakter uykudayken görülebiliyor.,It is only when the mind and character slumber that the dress can be seen.,Ralph Waldo Emerson,
Bir şeyden hoşlanmıyorsanız değiştirin. Eğer değiştiremiyorsanız tavrınızı değiştirin.,"If you don't like something, change it. If you can't change it, change your attitude.",Maya Angelou,
Dünya bir kitaptır ve seyahat etmeyenler sadece bir sayfasını okur.,"The world is a book, and those who do not travel read only a page.",Augustinus Sanctus,
İnsan kendini yenileme yeteneğine sahip olduğu sürece yaşayan bir varlıktır.,So long as a person is capable of self-renewal they are a living being.,Henri-Frederic Amiel,
Fırtınalardan korkmuyorum çünkü gemimi nasıl kullanacağımı öğreniyorum.,"I'm not afraid of storms, for Im learning how to sail my ship.",Louisa Alcott,
Kendiniz düşünün ve başkalarının da bunu yapma ayrıcalığından yararlanmasına izin verin.,Think for yourselves and let others enjoy the privilege to do so too.,Voltaire,
Günlerimizi nasıl geçirirsek elbette hayatımızı da öyle geçiririz.,"How we spend our days is, of course, how we spend our lives.",Annie Dillard,
"Hayallerimi kaydetmek hiçbir zaman amacım olmadı, sadece onları gerçekleştirmek.","It has never been my object to record my dreams, just to realize them.",Man Ray,
Düşüncenin en karmaşık başarıları bilincin yardımı olmadan mümkündür.,The most complicated achievements of thought are possible without the assistance of consciousness.,Sigmund Freud,
Yapabileceğini düşünüyorsan yapabilirsin. Ve eğer yapamayacağınızı düşünüyorsanız haklısınız.,"If you think you can, you can. And if you think you can't, you're right.",Henry Ford,
Hiç sevmemektense sevip kaybetmek daha iyidir.,"Better to have loved and lost, than to have never loved at all.",St. Augustine,
Herkes dünyayı değiştirmeyi düşünüyor ama kimse kendini değiştirmeyi düşünmüyor.,"Everyone thinks of changing the world, but no one thinks of changing himself.",Leo Tolstoy,
"Güzel bir anın bedelini ödemenin en iyi yolu, onun tadını çıkarmaktır.",The best way to pay for a lovely moment is to enjoy it.,Richard Bach,
"Yavaşlayın, kovaladığınız her şey gelip sizi yakalayacaktır.",Slow down and everything you are chasing will come around and catch you.,John De Paola,
En büyük düşmanınız size kendi kontrolsüz düşünceleriniz kadar zarar veremez.,Your worst enemy cannot harm you as much as your own unguarded thoughts.,Buddha,
Her zaman birisi olmak istemiştim ama daha spesifik olmalıydım.,"I always wanted to be somebody, but I should have been more specific.",Lily Tomlin,
"Evet hepimiz ay, yıldızlar ve güneş gibi parlıyoruz.","Yeah we all shine on, like the moon, and the stars, and the sun.",John Lennon,
Hayat bisiklete binmek gibidir. Dengenizi korumak için hareket etmeye devam etmelisiniz.,Life is like riding a bicycle. To keep your balance you must keep moving.,Albert Einstein,
İçimizdeki ruhu yeniden canlandıran insanlara hepimiz minnettar olmalıyız.,We should all be thankful for those people who rekindle the inner spirit.,Albert Schweitzer,
"Duygu ve özlem, tüm insan çabalarının ve insan yaratımlarının ardındaki itici güçlerdir.",Feeling and longing are the motive forces behind all human endeavor and human creations.,Albert Einstein,
Sonuçta çalışmalarımızdan yalnızca pratikte uyguladığımız şeyleri koruyoruz.,In the end we retain from our studies only that which we practically apply.,Johann Wolfgang von Goethe,
"Eğer zihninizi düzeltirseniz, hayatınızın geri kalanı yerli yerine oturacaktır.","If you correct your mind, the rest of your life will fall into place.",Lao Tzu,
"Arzularınız yeterince güçlü olduğunda, başarabileceğiniz insanüstü güçlere sahipmiş gibi görüneceksiniz.",When your desires are strong enough you will appear to possess superhuman powers to achieve.,Napoleon Hill,
"Gerilim, olmanız gerektiğini düşündüğünüz kişidir. Gevşeme sizin kim olduğunuzdur.",Tension is who you think you should be. Relaxation is who you are.,Chinese proverb,
Asla başınızı eğmeyin. Daima yüksekte tutun. Dünyanın gözünün içine bakın.,Never bend your head. Always hold it high. Look the world right in the eye.,Helen Keller,
"Engelleri aşarak güç kazanan, zorlukların üstesinden gelebilecek tek güce sahiptir.",One who gains strength by overcoming obstacles possesses the only strength which can overcome adversity.,Albert Schweitzer,
Her şeyi bir anda yapamayız ama bir şeyi bir anda yapabiliriz.,"We cannot do everything at once, but we can do something at once.",Calvin Coolidge,
"Dünyanızı icat edin. Kendinizi, sizi besleyen insanlarla, renklerle, seslerle ve işlerle kuşatın.","Invent your world. Surround yourself with people, color, sounds, and work that nourish you.",,
"Ne isen o ol. Bu, olduğunuzdan daha iyi olma yolunda ilk adımdır.",Be what you are. This is the first step toward becoming better than you are.,Julius Charles Hare,
Bir tırtılın kelebek olacağını söyleyen hiçbir şey yoktur.,There is nothing in a caterpillar that tells you it's going to be a butterfly.,Buckminster Fuller,
"Sevgi ve şefkat kendi iç yaşamımızı açar, stresi, güvensizliği ve yalnızlığı azaltır.","Love and compassion open our own inner life, reducing stress, distrust and loneliness.",Dalai Lama,
"İdealler, mümkün olanın içinde arzu edilenin yaratıcı bir şekilde anlaşılmasıdır.",Ideals are an imaginative understanding of that which is desirable in that which is possible.,Walter Lippmann,
Bir şeyi düşünmeye çok fazla zaman ayırırsanız onu asla tamamlayamazsınız.,"If you spend too much time thinking about a thing, you'll never get it done.",Bruce Lee,
Yol gökyüzünde değil. Yol kalptedir.,The way is not in the sky. The way is in the heart.,Buddha,
Çoğu zaman öfke aslında güçlülüğün değil zayıflığın göstergesidir.,"More often than not, anger is actually an indication of weakness rather than of strength.",Dalai Lama,
"Siz kendiniz, tüm evrendeki herkes kadar sevginizi ve şefkatinizi hak ediyorsunuz.","You, yourself, as much as anybody in the entire universe, deserve your love and affection.",Buddha,
İnsanların tüm hayatlarını yaşamaya başlamayı bekleyerek geçirmeleri alışılmadık bir durum değildir.,It is not uncommon for people to spend their whole life waiting to start living.,Eckhart Tolle,
Riske girmekten korkmayın. Meyvenin olduğu yer orası.,Don't be afraid to go out on a limb. That's where the fruit is.,H. Jackson Browne,
"Kötü insanlar, iyi olanlarda yetenek bulduklarında her zaman şaşırırlar.",Wicked people are always surprised to find ability in those that are good.,Marquis Vauvenargues,
"Hayat öyle kurgulanmıştır ki, bir olay beklentiyi karşılamaz, karşılamaz, karşılamayacaktır.","Life is so constructed that an event does not, cannot, will not, match the expectation.",Charlotte Bronte,
"Eğer olaylara bakış açınızı değiştirirseniz, baktığınız şeyler de değişir.","If you change the way you look at things, the things you look at change.",Wayne Dyer,
Hiç kimse sevmediği bir alanda başarılı olamaz.,No man can succeed in a line of endeavor which he does not like.,Napoleon Hill,
"Öfkenin cezasını çekmeyeceksin, öfkenin cezasını çekeceksin.","You will not be punished for your anger, you will be punished by your anger.",Buddha,
"Her günü, topladığınız hasata göre değil, ektiğiniz tohumlara göre değerlendirin.",Don't judge each day by the harvest you reap but by the seeds you plant.,Robert Stevenson,
Zamanın bazı şeyleri değiştirdiğini söylüyorlar ama aslında onları kendiniz değiştirmeniz gerekiyor.,"They say that time changes things, but you actually have to change them yourself.",Andy Warhol,
"İnandığınız ve sarıldığınız gerçek, sizi yeni hiçbir şey duyamayacak hale getiriyor.",The truth you believe and cling to makes you unavailable to hear anything new.,Pema Chodron,
"Sıkıntı, müreffeh koşullarda uykuda kalacak olan yetenekleri ortaya çıkarma etkisine sahiptir.","Adversity has the effect of eliciting talents, which in prosperous circumstances would have lain dormant.",Horace,
Yarının farkına varmamızın tek sınırı bugünkü şüphelerimiz olacaktır.,The only limit to our realization of tomorrow will be our doubts of today.,Franklin Roosevelt,
"Hayatımızın her eylemi, sonsuzlukta titreşecek bir akora dokunuyor.",Every action of our lives touches on some chord that will vibrate in eternity.,Edwin Chapin,
Aya ateş edin. Kaçırsan bile yıldızların arasına ineceksin.,"Shoot for the moon. Even if you miss, you'll land among the stars.",Les Brown,
Her gün iyi geçmeyebilir ama her günün içinde iyi bir şeyler vardır.,"Every day may not be good, but there's something good in every day.",,
"Alacaksanız önce vermelisiniz, bu zekanın başlangıcıdır.","If you would take, you must first give, this is the beginning of intelligence.",Lao Tzu,
"Bazı insanlar insanı güçlü kılan şeyin tutunmak olduğunu düşünür, bazen de bırakmaktır.","Some people think it's holding that makes one strong, sometimes it's letting go.",,
"Yeni, farklı ve daha iyi bir başarıyı başarısızlıklarımıza dayandırırız.",It is on our failures that we base a new and different and better success.,Havelock Ellis,
Kalite asla tesadüf değildir; her zaman akıllı bir çabanın sonucudur.,Quality is never an accident; it is always the result of intelligent effort.,John Ruskin,
Çalışmak ve düşünmemek israftır. Düşünmek ve çalışmamak tehlikelidir.,To study and not think is a waste. To think and not study is dangerous.,Confucius,
"Hayat, anlaşılması için yaşanması gereken dersler dizisidir.","Life is a succession of lessons, which must be lived to be understood.",Ralph Emerson,
"Zaman, içimizdeki değişime her zaman şaşıran bir şey dışında her şeyi değiştirir.",Time changes everything except something within us which is always surprised by change.,Thomas Hardy,
İsteyecek kadar önemlisin ve karşılığını alacak kadar da şanslısın.,You are important enough to ask and you are blessed enough to receive back.,Wayne Dyer,
"Büyük şeyler yapamıyorsanız, küçük şeyleri harika bir şekilde yapın.","If you cannot do great things, do small things in a great way.",Napoleon Hill,
Hayatınızın daha tatmin edici olmasını istiyorsanız düşünce şeklinizi değiştirmelisiniz.,"If you want your life to be more rewarding, you have to change the way you think.",Oprah Winfrey,
Dönüşüm boşlukta gerçekleşmez; bunun yerine etrafımızdakilerle dolaylı ve doğrudan bağlantı kurduğumuzda ortaya çıkar.,"Transformation doesn't take place with a vacuum; instead, it occurs when we are indirectly and directly connected to all those around us.",Byron Pulsifer,
"Yetenekleriniz ile diğerleri arasındaki tek fark, kendinizi onların yerine koyma ve gerçekten deneme yeteneğidir.",The only difference between your abilities and others is the ability to put yourself in their shoes and actually try.,Leonardo Ruiz,
"Özgür insan, düşüncesinin sonuna kadar gitmekten korkmayan kişidir.",The free man is he who does not fear to go to the end of his thought.,Leon Blum,
"Maneviyatın her türlü maddi güçten daha güçlü olduğunu, düşüncelerin dünyaya hükmettiğini görenler büyüktür.","Great are they who see that spiritual is stronger than any material force, that thoughts rule the world.",Ralph Emerson,
"Hata yaparak geçirilen bir hayat, hiçbir şey yapmadan geçirilen bir hayattan sadece daha onurlu değil, aynı zamanda daha faydalıdır.",A life spent making mistakes is not only more honourable but more useful than a life spent in doing nothing.,Bernard Shaw,
"Kendi sorunlarınızın ötesine geçerek ve başkalarıyla ilgilenerek içsel güç, özgüven, cesaret ve daha büyük bir sakinlik duygusu kazanırsınız.","By going beyond your own problems and taking care of others, you gain inner strength, self-confidence, courage, and a greater sense of calm.",Dalai Lama,
"Mükemmel bir insanı bularak değil, kusurlu bir insanı mükemmel görmeyi öğrenerek sevmeye başlarız.","We come to love not by finding a perfect person, but by learning to see an imperfect person perfectly.",Sam Keen,
"Arkamızda kalanlar ve önümüzde olanlar, içimizde olanların yanında küçücük meselelerdir.",What lies behind us and what lies before us are tiny matters compared to what lies within us.,Walt Emerson,
"O kadar derin ve karmaşık şeyler var ki, insan olarak gelişim aşamamızda buna ancak sezgi ulaşabilir.",There are things so deep and complex that only intuition can reach it in our stage of development as human beings.,John Astin,
Başkalarının beni tanımaması beni ilgilendirmeyecek; kendi yeteneksizliğimle ilgileneceğim.,I will not be concerned at other men is not knowing me;I will be concerned at my own want of ability.,Confucius,
"Büyüklükten korkmayın; bazıları büyük doğar, bazıları büyüklüğe ulaşır ve bazılarına da büyüklük dayatılır.","Be not afraid of greatness: some are born great, some achieve greatness, and some have greatness thrust upon them.",William Shakespeare,
"İnsan ancak kalbiyle doğruyu görebilir, esas olanı gözle göremez.","It is only with the heart that one can see rightly, what is essential is invisible to the eye.",Antoine de Saint-Exupery,
Bizi mutlu eden insanlara minnettar olalım; onlar ruhlarımızın çiçek açmasını sağlayan büyüleyici bahçıvanlardır.,Let us be grateful to people who make us happy; they are the charming gardeners who make our souls blossom.,Marcel Proust,
Gücünüz dahilinde olanı en iyi şekilde kullanın ve gerisini olduğu gibi kabul edin.,"Make the best use of what is in your power, and take the rest as it happens.",Epictetus,
Düşünmeyi seçtiğimiz düşünceler hayatımızın tuvalini boyamak için kullandığımız araçlardır.,The thoughts we choose to think are the tools we use to paint the canvas of our lives.,Louise Hay,
"Hedeflerinizi ne kadar dikkatli planlarsanız planlayın, onları zevkle takip etmediğiniz sürece asla boş hayallerden öteye geçemezler.",No matter how carefully you plan your goals they will never be more that pipe dreams unless you pursue them with gusto.,W. Clement Stone,
"Reddedilmekle kendinizi boşa harcamayın, kötülüğe havlamayın, iyinin güzelliğini zikredin.","Do not waste yourself in rejection, nor bark against the bad, but chant the beauty of the good.",Ralph Emerson,
"Kullanması gereken bir yetenekle doğan kişi, en büyük mutluluğu onu kullanırken bulacaktır.",The person born with a talent they are meant to use will find their greatest happiness in using it.,Johann Wolfgang von Goethe,
"İyi insanlar iyidir çünkü bilgeliğe başarısızlık yoluyla ulaşmışlardır. Başarıdan çok az bilgelik elde ederiz, biliyorsun.","Good people are good because they've come to wisdom through failure. We get very little wisdom from success, you know.",William Saroyan,
Kaderiniz sadece kader değildir; İstediğinizi elde etmek için kendi gelişmiş yeteneklerinizi nasıl kullandığınızdır.,Your destiny isn't just fate; it is how you use your own developed abilities to get what you want.,Byron Pulsifer,
"Hayattan memnun olun çünkü size sevme, çalışma, oynama ve yıldızlara bakma şansını verir.","Be glad of life because it gives you the chance to love, to work, to play, and to look up at the stars.",Henry Van Dyke,
Nereye gittiğinizi bilmiyorsanız dikkatli olmalısınız çünkü oraya varamayabilirsiniz.,"You got to be careful if you don't know where you're going, because you might not get there.",Yogi Berra,
Övgü veya eleştirinin size ulaşmasına izin veremezsiniz. Her ikisine de kapılmak zayıflıktır.,You can't let praise or criticism get to you. It's a weakness to get caught up in either one.,John Wooden,
Kendinize değer verene kadar zamanınıza değer vermeyeceksiniz. Zamanınıza değer verene kadar onunla hiçbir şey yapmayacaksınız.,"Until you value yourself, you won't value your time. Until you value your time, you won't do anything with it.",M. Scott Peck,
"Hak ettiğinizden daha azına razı olduğunuz an, razı olduğunuzdan daha da azına sahip olursunuz.","The minute you settle for less than you deserve, you get even less than you settled for.",Maureen Dowd,
"Ahlaki açıdan ulaşabileceğimiz en yüksek aşama, düşüncelerimizi kontrol etmemiz gerektiğini anladığımız zamandır.",The highest stage in moral ure at which we can arrive is when we recognize that we ought to control our thoughts.,Charles Darwin,
"Doğru yönde birçok küçük adım atmak, ileriye doğru büyük bir sıçrama yapıp geriye doğru tökezlemekten daha iyidir.",It is better to take many small steps in the right direction than to make a great leap forward only to stumble backward.,,
"Olumlu bir zihinsel tutuma sahipsek, etrafımız düşmanlıkla çevrili olsa bile iç huzurumuz eksik olmaz.","If we have a positive mental attitude, then even when surrounded by hostility, we shall not lack inner peace.",Dalai Lama,
Tek bir başarı vardır; hayatınızı kendi istediğiniz gibi geçirebilmek.,"There is only one success, to be able to spend your life in your own way.",Christopher Morley,
"Vaatler, geleceği düzenlemenin, insanca mümkün olduğu ölçüde onu öngörülebilir ve güvenilir kılmanın benzersiz insana özgü yoludur.","Promises are the uniquely human way of ordering the future, making it predictable and reliable to the extent that this is humanly possible.",Hannah Arendt,
Kazanmak zorunda değilsin. Her gün elinizden gelenin en iyisini yapmaya çalışmak zorundasınız.,You're not obligated to win. You're obligated to keep trying to do the best you can every day.,Marian Edelman,
"Herkes işler kolay olduğunda başarının tadını tadabilir, ancak çok az kişi işler zorlaştığında zaferin tadını nasıl çıkaracağını bilir.","Everyone can taste success when the going is easy, but few know how to taste victory when times get tough.",Byron Pulsifer,
"Derin dinleme hem dinleyici hem de konuşmacı için mucizevidir. Birisi bizi açık yürekli, yargılamayan, yoğun bir ilgiyle dinleyerek karşıladığında moralimiz genişler.","Deep listening is miraculous for both listener and speaker.When someone receives us with open-hearted, non-judging, intensely interested listening, our spirits expand.",Sue Patton Thoele,
Çok güvenirseniz aldanabilirsiniz ama yeterince güvenmezseniz azap içinde yaşarsınız.,"You may be deceived if you trust too much, but you will live in torment if you don't trust enough.",Frank Crane,
Tüm varlıkların başlangıcını borçlu olduğu ve tüm gökyüzüne nüfuz eden Yaratıcının yüceliği gerçekten büyüktür.,"Great indeed is the sublimity of the Creative, to which all beings owe their beginning and which permeates all heaven.",Lao Tzu,
"Yapılması gereken tek şey imkansızı kabul etmek, vazgeçilmez olmadan yapmak ve dayanılmaz olana katlanmak.","All that is necessary is to accept the impossible, do without the indispensable, and bear the intolerable.",Kathleen Norris,
Geçmişe giderek kendinizi bulamazsınız. Şimdiki zamana gelerek kendinizi bulabilirsiniz.,You cannot find yourself by going into the past. You can find yourself by coming into the present.,Eckhart Tolle,
"Bütün yeteneklerimiz kullandıkça artar, iyi ve kötü her yetimiz egzersizle güçlenir.","All our talents increase in the using, and the every faculty, both good and bad, strengthen by exercise.",Anne Bronte,
Özgür ve mutlu yaşamak için can sıkıntısından fedakarlık etmelisiniz. Bu her zaman kolay bir fedakarlık değildir.,In order to live free and happily you must sacrifice boredom. It is not always an easy sacrifice.,Richard Bach,
Tilkinin birçok numarası var. Kirpinin yalnızca bir tane var. Ama bu hepsinden iyisi.,The fox has many tricks. The hedgehog has but one. But that is the best of all.,Desiderius Erasmus,
Başarının belki de yaşamı ve getirdiğini koşulsuz kabullenmek dışında bir formülü yok elbette.,Of course there is no formula for success except perhaps an unconditional acceptance of life and what it brings.,Arthur Rubinstein,
Beni hedefime ulaştıran sırrı söyleyeyim sana: gücüm yalnızca azmimdedir.,Let me tell you the secret that has led me to my goal: my strength lies solely in my tenacity.,Louis Pasteur,
"Olayları olduğu gibi değil, olduğumuz gibi görüyoruz. Algımız daha önceki deneyimlerimiz tarafından şekillenir.","We see things not as they are, but as we are. Our perception is shaped by our previous experiences.",Dennis Kimbro,
"Gerçek sessizlik zihnin geri kalanıdır; Beden için uyku ne ise, ruh için de odur, beslenme ve ferahlık.","True silence is the rest of the mind; it is to the spirit what sleep is to the body, nourishment and refreshment.",William Penn,
"Tüm bilgimiz duyularla başlar, sonra anlayışa doğru ilerler ve akılla biter. Akıldan daha yüksek bir şey yoktur.","All our knowledge begins with the senses, proceeds then to the understanding, and ends with reason. There is nothing higher than reason.",Immanuel Kant,
"Düşünce, kelime olarak tezahür eder. Söz, fiil olarak tecelli eder. Eylem alışkanlığa dönüşür. Ve alışkanlık karaktere dönüşüyor.",The thought manifests as the word. The word manifests as the deed. The deed develops into habit. And the habit hardens into character.,Buddha,
Dünyanın geri kalanı kapıdan çıkarken içeri girenler en iyi arkadaşlarınızdır.,"As the rest of the world is walking out the door, your best friends are the ones walking in.",,
Sabır bir erdemdir ama sabır yerine eyleme geçmezseniz asla hiçbir şey başaramazsınız.,Patience is a virtue but you will never ever accomplish anything if you don't exercise action over patience.,Byron Pulsifer,
"Eğer erdemden kastımız yalnızca bizi cezbetmeyen kötülüklerden kaçınmaksa, her birimiz erdeme ulaşabiliriz.","Any of us can achieve virtue, if by virtue we merely mean the avoidance of the vices that do not attract us.",Robert Lynd,
"Barış arzu ettiğiniz bir şey değildir. Bu sizin yaptığınız bir şeydir, yaptığınız bir şeydir, olduğunuz bir şeydir ve verdiğiniz bir şeydir.","Peace is not something you wish for. It's something you make, something you do, something you are, and something you give away.",Robert Fulghum,
Her insan kendi görüş alanının sınırlarını dünyanın sınırları olarak kabul eder.,Every man takes the limits of his own field of vision for the limits of the world.,Arthur Schopenhauer,
Uzun süre kıyıyı gözden kaçırmaya razı olmadan yeni topraklar keşfetmez insan.,One does not discover new lands without consenting to lose sight of the shore for a very long time.,Andre Gide,
Dünyada yeni ne var? Hiç bir şey. Dünyada eski olan ne var? Hiç bir şey. Her şey her zaman olmuştur ve her zaman olacaktır.,What is new in the world? Nothing. What is old in the world? Nothing. Everything has always been and will always be.,Sai Baba,
"Hayat bir kanalizasyon gibidir. Ondan ne alacağınız, içine ne koyduğunuza bağlıdır.",Life is like a sewer. What you get out of it depends on what you put into it.,Tom Lehrer,
"En sert ağacın en kolay kırıldığına, bambu veya söğüt ağacının ise rüzgarla bükülerek hayatta kaldığına dikkat edin.","Notice that the stiffest tree is most easily cracked, while the bamboo or willow survives by bending with the wind.",Bruce Lee,
Başkalarının hatalarından öğrenebileceğiniz her şeyi öğrenin. Hepsini kendiniz yapmaya zamanınız olmayacak.,Learn all you can from the mistakes of others. You won't have time to make them all yourself.,Alfred Sheinwold,
"Hiçbir şeyi yargılama, mutlu olacaksın. Her şeyi affedin, daha mutlu olacaksınız. Her şeyi sevin, en mutlu siz olacaksınız.","Judge nothing, you will be happy. Forgive everything, you will be happier. Love everything, you will be happiest.",Sri Chinmoy,
"İnsanlar öyle yaratılmıştır ki, yetenekleri olsun ya da olmasın, herkes başkalarının yaptığını gördüğü işe girişmeyi tercih eder.","People are so constituted that everybody would rather undertake what they see others do, whether they have an aptitude for it or not.",Johann Wolfgang von Goethe,
Sürekli olarak ya ilerliyoruz ya da geriliyoruz. Bu hayatta sabit kalmak diye bir şey yok.,We are either progressing or retrograding all the while. There is no such thing as remaining stationary in this life.,James Freeman Clarke,
Olan her şey olması gerektiği gibi oluyor ve dikkatli gözlemlerseniz bunun böyle olduğunu göreceksiniz.,"Everything that happens happens as it should, and if you observe carefully, you will find this to be so.",Marcus Aurelius,
Bir tartışma anında öfke duyduğumuz anda hakikat için çabalamayı bırakmış ve kendimiz için çabalamaya başlamışızdır.,"In a controversy the instant we feel anger we have already ceased striving for the truth, and have begun striving for ourselves.",Buddha,
"Hiçbir şey yapmamak hataların en büyüğüdür çünkü çok az şey yapabilirsiniz, yapabildiğinizi yapın.","It is the greatest of all mistakes to do nothing because you can only do little, do what you can.",Sydney Smith,
"Bir şey yapmaya çalışıp başarısız olanlar, hiçbir şey denemeyip başarılı olanlardan sonsuz derecede daha iyidirler.",Those who try to do something and fail are infinitely better than those who try nothing and succeed.,Lloyd Jones,
"Kar taneleri doğanın en kırılgan şeylerinden biridir, ancak birbirlerine yapıştıklarında neler yapabildiklerine bir bakın.","Snowflakes are one of natures most fragile things, but just look what they can do when they stick together.",Vista Kelly,
Hayattan istediğiniz şeyleri elde etmenin ilk adımı şudur: Ne istediğinize karar verin.,The first step to getting the things you want out of life is this: decide what you want.,Ben Stein,
"Hayat aldığımız nefeslerle değil, nefesimizi kesen anlarla ölçülür.","Life is not measured by the breaths we take, but by the moments that take our breath.",,
"En küçük çiçek, hakkında ısrarlı bir sezgiye sahip oldukları Büyük Bütün'ün bazı özelliklerine cevap veren bir düşünce, bir hayattır.","The smallest flower is a thought, a life answering to some feature of the Great Whole, of whom they have a persistent intuition.",Honore de Balzac,
"Kendinizi değiştirmenin ne kadar zor olduğunu düşünün, başkalarını değiştirmeye çalışırken şansınızın ne kadar az olduğunu anlayacaksınız.",Consider how hard it is to change yourself and you'll understand what little chance you have in trying to change others.,Jacob Braude,
"Elinizden gelenin en iyisinden daha azına razı olmazsanız, yaşamınızda neler başarabileceğinize şaşıracaksınız.","If you'll not settle for anything less than your best, you will be amazed at what you can accomplish in your lives.",Vince Lombardi,
"Arkamızda kalanlar ve önümüzde olanlar, içimizde olanlarla kıyaslandığında küçük meselelerdir.",What lies behind us and what lies before us are small matters compared to what lies within us.,Oliver Holmes,
Kişinin kendi potansiyelinin farkına varması ve yeteneklerine duyduğu güven ile daha iyi bir dünya inşa edilebilir.,"With the realization of ones own potential and self-confidence in ones ability, one can build a better world.",Dalai Lama,
Bir düşünceyi kabul etmeden onu aklında tutabilmek eğitimli bir zihnin işaretidir.,It is the mark of an educated mind to be able to entertain a thought without accepting it.,Aristotle,
Güzel olmak kendin olmak demektir. Başkaları tarafından kabul edilmenize gerek yok. Kendinizi kabul etmeniz gerekiyor.,To be beautiful means to be yourself. You don't need to be accepted by others. You need to accept yourself.,Thich Nhat Hanh,
Aldıklarınızı abartmayın ve başkalarını kıskanmayın. Başkalarını kıskanan kişi huzur bulamaz.,"Do not overrate what you have received, nor envy others. He who envies others does not obtain peace of mind.",Buddha,
Başkalarının hatalarını affetmek çok kolaydır; sizinkine tanık oldukları için onları affetmek daha fazla cesaret gerektirir.,It is very easy to forgive others their mistakes; it takes more grit to forgive them for having witnessed your own.,Jessamyn West,
"Bedensel egzersiz, zorunlu olduğunda vücuda zarar vermez; ama zorla edinilen bilgi akılda hiçbir etki yaratmaz.","Bodily exercise, when compulsory, does no harm to the body; but knowledge which is acquired under compulsion obtains no hold on the mind.",Plato,
"Sessizlikler arkadaşlar arasındaki gerçek konuşmaları yaratır. Önemli olan söylemek değil, söylemeye gerek duymamaktır.",Silences make the real conversations between friends. Not the saying but the never needing to say is what counts.,Margaret Runbeck,
"Kalplerimizi ve zihinlerimizi dönüştürmenin anahtarı, düşüncelerimizin ve duygularımızın nasıl çalıştığını anlamaktır.",The key to transforming our hearts and minds is to have an understanding of how our thoughts and emotions work.,Dalai Lama,
Vücudu sağlıklı tutmak bir görevdir... Aksi halde zihnimizi güçlü ve açık tutamayız.,To keep the body in good health is a duty... otherwise we shall not be able to keep our mind strong and clear.,Buddha,
"Kimin doğru, kimin yanlış, kimin daha iyi olduğunu düşünmeyin. Ne taraftar olun, ne de karşı olun.",Take no thought of who is right or wrong or who is better than. Be not for or against.,Bruce Lee,
"Bugün, bir yabancıya beklemeden bir gülümseme vermek, onun harika bir gün geçirmesi için ihtiyaç duyduğu neşe olabilir.","Today, give a stranger a smile without waiting for it may be the joy they need to have a great day.",Byron Pulsifer,
"İnsan herhangi bir şeye, hatta bir çim parçasına bile dikkatle baktığında, o şey başlı başına gizemli, müthiş, tarif edilemeyecek kadar muhteşem bir dünyaya dönüşüyor.","The moment one gives close attention to anything, even a blade of grass, it becomes a mysterious, awesome, indescribably magnificent world in itself.",Henry Miller,
Varlığınızın merkezinde bir cevap var; kim olduğunu biliyorsun ve ne istediğini biliyorsun.,At the center of your being you have the answer; you know who you are and you know what you want.,Lao Tzu,
Herkes yılda en az bir kez dahidir. Gerçek bir dahinin orijinal fikirleri birbirine daha yakındır.,Everyone is a genius at least once a year. A real genius has his original ideas closer together.,Georg Lichtenberg,
Üzüntü hayatın bir parçası olabilir ama tüm hayatınıza hakim olmasına izin vermenize gerek yok.,Sadness may be part of life but there is no need to let it dominate your entire life.,Byron Pulsifer,
"Koşulların biraz ilerisinde olmak işin sırlarından biridir, karavan nadiren ileri gider.","Keeping a little ahead of conditions is one of the secrets of business, the trailer seldom goes far.",Charles Schwab,
Doğa bize konuştuğumuzun iki katını duyabilmemiz için bir dil ve iki kulak verdi.,Nature gave us one tongue and two ears so we could hear twice as much as we speak.,Epictetus,
"Harekete geçmek için duygularınızın değişmesini beklemeyin. Harekete geçin, duygularınız değişecek.",Don't wait for your feelings to change to take the action. Take the action and your feelings will change.,Barbara Baron,
Kazanan olarak doğmadınız ve kaybeden olarak da doğmadınız. Sen kendini ne yaptıysan osun.,"You were not born a winner, and you were not born a loser. You are what you make yourself be.",Lou Holtz,
Olduğumuz kişi olmak ve olmaya muktedir olduğumuz kişi olmak yaşamın tek sonudur.,"To be what we are, and to become what we are capable of becoming, is the only end of life.",Robert Stevenson,
Amaca giden yol seni varacağın yerden ayırmaz; aslında onun bir parçası.,The road leading to a goal does not separate you from the destination; it is essentially a part of it.,Charles DeLint,
Her şeyi olduğu gibi kabul edin. Yumruk atman gerektiğinde yumruk at. Tekme atman gerektiğinde tekme at.,Take things as they are. Punch when you have to punch. Kick when you have to kick.,Bruce Lee,
"Arkadaş, geçmişini anlayan, geleceğine inanan ve seni olduğun gibi kabul eden kişidir.","A friend is someone who understands your past, believes in your future, and accepts you just the way you are.",,
"Fikrini asla değiştirmeyen, hatalarını asla düzeltmeyen ve yarın asla bugün olduğundan daha akıllı olamayacak.","He that never changes his opinions, never corrects his mistakes, and will never be wiser on the morrow than he is today.",Tryon Edwards,
Hayatı berbat etmemek için insanları sevmeli ve onlara güvenmeliyiz.,One must be fond of people and trust them if one is not to make a mess of life.,E. M. Forster,
Anılarımızı değiştiremeyiz ama onların anlamını ve üzerimizdeki gücünü değiştirebiliriz.,"We cannot change our memories, but we can change their meaning and the power they have over us.",David Seamans,
İnsani olmak iyidir. Başka iyiliği seçip insanilikten uzaksak nasıl akıllı olabiliriz?,"Being in humaneness is good. If we select other goodness and thus are far apart from humaneness, how can we be the wise?",Confucius,
"Birine umut vermek, ona bunu kendi başına başarmak için gereken araçları nasıl kullanacaklarını öğrettiğinizde gerçekleşir.",To give hope to someone occurs when you teach them how to use the tools to do it for themselves.,Byron Pulsifer,
Geçmişin sizi şu anda var olmaktan alıkoyacak hiçbir gücü yoktur. Bunu ancak geçmişle ilgili şikâyetiniz yapabilir.,The past has no power to stop you from being present now. Only your grievance about the past can do that.,Eckhart Tolle,
Eğer yıldızlar her bin yılda bir gece görünse insan ne kadar şaşırır ve tapardı.,If the stars should appear but one night every thousand years how man would marvel and adore.,Ralph Emerson,
İki tür başarısızlık vardır: Düşünüp hiç yapmayanlar ile yapıp hiç düşünmeyenler.,"There are two kinds of failures: those who thought and never did, and those who did and never thought.",Laurence J. Peter,
Erdemlerimiz ve kusurlarımız güç ve madde gibi birbirinden ayrılamaz. Ayrıldıklarında insan artık yoktur.,"Our virtues and our failings are inseparable, like force and matter. When they separate, man is no more.",Nikola Tesla,
"Gündüzleri endişelenemeyecek kadar meşgul, geceleri endişelenemeyecek kadar uykulu olan kişiye ne mutlu.","Blessed is the person who is too busy to worry in the daytime, and too sleepy to worry at night.",Leo Aikman,
"Yapabileceğini düşünen yapabilir, yapamayacağını düşünen ise yapamaz. Bu değişmez, tartışılmaz bir yasadır.","He can who thinks he can, and he can't who thinks he can't. This is an inexorable, indisputable law.",Pablo Picasso,
"Günümüzde insanlar bilgeliğin değil bilginin peşinde. Bilgi geçmişe aittir, bilgelik geleceğe aittir.","These days people seek knowledge, not wisdom. Knowledge is of the past, wisdom is of the future.",Vernon Cooper,
"İnsanlar doyum ve mutluluk arayışı içinde farklı yollara giderler. Sizin yolunuzda olmamaları, kayboldukları anlamına gelmez.",People take different roads seeking fulfilment and happiness. Just because theyre not on your road doesn't mean they've gotten lost.,Dalai Lama,
Gerçeğe giden yolda insanın yapabileceği yalnızca iki hata vardır; sonuna kadar gitmemek ve başlamamak.,"There are only two mistakes one can make along the road to truth; not going all the way, and not starting.",Buddha,
"Vazgeçmek her zaman zayıf olduğunuz anlamına gelmez. Bazen bu, bırakacak kadar güçlü olduğunuz anlamına gelir.",Giving up doesn't always mean you are weak. Sometimes it means that you are strong enough to let go.,,
İnsanlara sanki olmaları gerektiği gibi davranın ve onların olabildikleri kişi olmalarına yardımcı olun.,Treat people as if they were what they ought to be and you help them to become what they are capable of being.,Johann Wolfgang von Goethe,
"Birine sunabileceğimiz en değerli hediye ilgimizdir. Farkındalık sevdiklerimizi kucakladığında, onlar da çiçekler gibi açacaklar.","The most precious gift we can offer anyone is our attention. When mindfulness embraces those we love, they will bloom like flowers.",Thich Nhat Hanh,
Sonuçlara odaklanırsanız asla değişmeyeceksiniz. Değişime odaklanırsanız sonuç alırsınız.,"If you focus on results, you will never change. If you focus on change, you will get results.",Jack Dixon,
Teşekkürün düşüncenin en yüksek biçimi olduğunu ve şükran duygusunun hayretle ikiye katlanan mutluluk olduğunu savunuyorum.,"I would maintain that thanks are the highest form of thought, and that gratitude is happiness doubled by wonder.",G. K. Chesterton,
Hayatta iki temel seçenek vardır: Koşulları olduğu gibi kabul etmek ya da onları değiştirme sorumluluğunu kabul etmek.,"There are two primary choices in life: to accept conditions as they exist, or accept the responsibility for changing them.",Denis Waitley,
"Bütün zor şeylerin kökeni kolay olandan, büyük şeylerin kökeni ise küçük olandan gelir.","All difficult things have their origin in that which is easy, and great things in that which is small.",Lao-Tzu,
Olmak istediğin şey olabilirsin. Güç içinizde var ve biz size her zaman yardımcı olacağız.,You can be what you want to be. You have the power within and we will help you always.,Byron Pulsifer,
"Bildiğim en büyük zevk, iyi bir eylemi gizlice yapmak ve bunun tesadüfen ortaya çıkmasını sağlamaktır.","The greatest pleasure I know is to do a good action by stealth, and to have it found out by accident.",Charles Lamb,
"İnsan doğadaki tek bir şeyi çekiştirdiğinde, onu dünyanın geri kalanına bağlı bulur.","When one tugs at a single thing in nature, he finds it attached to the rest of the world.",John Muir,
"Dünyadaki en güzel şeyler görülemez, hatta dokunulamaz. Kalple hissedilmeleri gerekir.",The most beautiful things in the world cannot be seen or even touched. They must be felt with the heart.,Helen Keller,
"Saf ve bencil olmayan bir hayat yaşamak için, kişi bolluğun ortasında hiçbir şeyi kendisine ait saymamalıdır.","To live a pure unselfish life, one must count nothing as ones own in the midst of abundance.",Buddha,
"İnsan, cevaplayamayacağı bir soruyu sorarak, başaramayacağı bir göreve girişerek varoluşunun amacını gerçekleştirebilir.","A man may fulfil the object of his existence by asking a question he cannot answer, and attempting a task he cannot achieve.",Oliver Holmes,
Tanınmadığım gerçeği beni rahatsız etmiyor. Başkalarını tanımadığım zaman rahatsız oluyorum.,I am not bothered by the fact that I am unknown. I am bothered when I do not know others.,Confucius,
Dünya yuvarlaktır ve son gibi görünen yer aynı zamanda başlangıç ​​da olabilir.,The world is round and the place which may seem like the end may also be the beginning.,Ivy Baker Priest,
"Başkalarını mutlu etme fırsatını asla kaçırmayın, bunu yapmak için onları yalnız bırakmak zorunda kalsanız bile.","Never miss an opportunity to make others happy, even if you have to leave them alone in order to do it.",,
Sahip olduğun her şeyi ver çünkü bir dahaki seferin olup olmayacağını asla bilemezsin.,Give it all you've got because you never know if there's going to be a next time.,Danielle Ingrum,
"Onu olduğu gibi kabul etmelisiniz, ancak onu almak istediğiniz şekilde gerçekleşmesini sağlamaya çalışmalısınız.","You have to take it as it happens, but you should try to make it happen the way you want to take it.",Old German proverb,
"Hiçbir şey önceden belirlenmiş değildir: Geçmişinizdeki engeller, yeni başlangıçlara giden kapılar haline gelebilir.",Nothing is predestined: The obstacles of your past can become the gateways that lead to new beginnings.,Ralph Blum,
"Bazen sevinciniz gülümsemenizin kaynağıdır, bazen de gülümsemeniz sevincinizin kaynağı olabilir.","Sometimes your joy is the source of your smile, but sometimes your smile can be the source of your joy.",Thich Nhat Hanh,
"Bu dünyada onurlu yaşamanın en büyük yolu, göründüğümüz gibi olmaktır.",The greatest way to live with honor in this world is to be what we pretend to be.,Socrates,
"Fetih koşulları her zaman kolaydır. Bize biraz çalışmak, biraz dayanmak, her zaman inanmak ve asla geri dönmemek kalıyor.","The conditions of conquest are always easy. We have but to toil awhile, endure awhile, believe always, and never turn back.",Seneca,
"Mutluluğun esasları şunlardır: Yapılacak bir şey, sevilecek bir şey ve umut edilecek bir şey.","The grand essentials of happiness are: something to do, something to love, and something to hope for.",Chalmers,
Şimdiki anı derinlemesine yaşayarak geçmişi daha iyi anlayabilir ve daha iyi bir geleceğe hazırlanabiliriz.,By living deeply in the present moment we can understand the past better and we can prepare for a better future.,Thich Nhat Hanh,
Tepkileriniz konusunda çok çekingen ve titiz olmayın. Tüm yaşam bir deneydir. Ne kadar çok deneme yaparsanız o kadar iyi olur.,Do not be too timid and squeamish about your reactions. All life is an experiment. The more experiments you make the better.,Ralph Emerson,
"Yolun sizi götürdüğü yere gitmeyin, yol olmayan yerden gidin ve iz bırakın.","Do not go where the path may lead, go instead where there is no path and leave a trail.",Ralph Emerson,
Mutlu olma görevi kadar hafife aldığımız bir görev yoktur. Mutlu olarak dünyaya anonim faydalar ekiyoruz.,There is no duty we so underrate as the duty of being happy. By being happy we sow anonymous benefits upon the world.,Robert Louis Stevenson,
Ancak yeni bir şey denediğinizde kendinizi tuhaf ve rahatsız hissetmeye istekli olursanız büyüyebilirsiniz.,You can only grow if you're willing to feel awkward and uncomfortable when you try something new.,Brian Tracy,
"Bizi başkalarının beklentilerinden kurtarmak, kendimize geri vermek için öz saygının büyük, eşsiz gücü vardır.","To free us from the expectations of others, to give us back to ourselves, there lies the great, singular power of self-respect.",Joan Didion,
"Nereye gideceğinizi bilmek, oraya hızla varmaktan daha önemlidir. Başarıyı etkinlikle karıştırmayın.",It is more important to know where you are going than to get there quickly. Do not mistake activity for achievement.,Mabel Newcomber,
Neye inandığını bilmediğin zaman her şey tartışmaya dönüşür. Her şey tartışmalıdır. Ama bir şeyin arkasında durduğunuz zaman kararlar ortadadır.,"When you don't know what you believe, everything becomes an argument. Everything is debatable. But when you stand for something, decisions are obvious.",,
Her zaman gerçekten inandığınız şey olur; ve bir şeye olan inanç onu gerçekleştirir.,The thing always happens that you really believe in; and the belief in a thing makes it happen.,Frank Wright,
"Gerçek bir arkadaş, sahip olduğumuz en değerli şeydir ve edinmeyi en az düşündüğümüz kişidir.",A true friend is the most precious of all possessions and the one we take the least thought about acquiring.,Francois de La Rochefoucauld,
"Mutluluğa giden tek yol vardır, o da irademizin ötesinde olan şeyler için endişelenmeyi bırakmaktır.",There is only one way to happiness and that is to cease worrying about things which are beyond the power of our will.,Epictetus,
"Takdir bir günü güzelleştirebilir, hatta bir hayatı değiştirebilir. Gerekli olan tek şey bunu kelimelere dökme isteğinizdir.","Appreciation can make a day, even change a life. Your willingness to put it into words is all that is necessary.",Margaret Cousins,
"Kızgın, üzgün ya da kızgın olarak geçirdiğiniz her altmış saniye, asla geri getiremeyeceğiniz bir mutluluk dolu dakikadır.","Every sixty seconds you spend angry, upset or mad, is a full minute of happiness you'll never get back.",,
"Bu dünya, bütün ilim ve ilimlerimize rağmen hâlâ bir mucizedir; kimin aklına gelirse harika, esrarengiz, büyülü ve daha fazlası.","This world, after all our science and sciences, is still a miracle; wonderful, inscrutable, magical and more, to whosoever will think of it.",Thomas Carlyle,
"Her büyük hatanın, geri çağrılabileceği ve belki de düzeltilebileceği bir yarım an, bir saniye vardır.","Every great mistake has a halfway moment, a split second when it can be recalled and perhaps remedied.",Pearl Buck,
"Bir insanın bu hayattaki mutluluğu yokluğunda değil, tutkularının hakimiyetindedir.",The happiness of a man in this life does not consist in the absence but in the mastery of his passions.,Alfred Tennyson,
Küçük bir grup düşünceli ve kararlı insanın dünyayı değiştirebileceğinden asla şüpheniz olmasın. Aslında. Bu şimdiye kadar sahip olan tek şey.,"Never doubt that a small group of thoughtful, committed people can change the world. Indeed. It is the only thing that ever has.",Margaret Mead,
Kancanız her zaman atılsın; havuzda hiç beklemediğiniz yerde bir balık olacak.,"Let your hook always be cast; in the pool where you least expect it, there will be a fish.",Ovid,
"Düşünerek ya da hayal ederek değil, huzursuz zihni susturarak ve rahatlatarak gönül rahatlığına kavuşursunuz.","You get peace of mind not by thinking about it or imagining it, but by quietening and relaxing the restless mind.",Remez Sasson,
"Tanıştığınız ilk dakikada arkadaşlarınız sizi, tanıdıklarınızın sizi bin yıl sonra tanıyacağından daha iyi tanıyacak.",Your friends will know you better in the first minute you meet than your acquaintances will know you in a thousand years.,Richard Bach,
Kalbinize dokunmaya başladığınızda veya kalbinize dokunulmasına izin verdiğinizde onun dipsiz olduğunu keşfetmeye başlarsınız.,"When you begin to touch your heart or let your heart be touched, you begin to discover that it's bottomless.",Pema Chodron,
"Bilgelik bundan sonra ne yapılacağını bilmektir; Beceri, nasıl yapılacağını bilmektir, Erdem ise bunu yapmaktır.","Wisdom is knowing what to do next; Skill is knowing how to do it, and Virtue is doing it.",David Jordan,
Kötü şeyler başımıza gelebilecek en kötü şeyler değildir. Hiçbir şey başımıza gelebilecek en kötü şey değildir!,Bad things are not the worst things that can happen to us. Nothing is the worst thing that can happen to us!,Richard Bach,
Şu anda yaşama kapasitesi olmayanlar geleceğe dair geçerli bir plan yapamazlar.,No valid plans for the future can be made by those who have no capacity for living now.,Alan Watts,
"Yaşamın amacı kendini geliştirmektir. Kendi doğamızın mükemmel bir şekilde farkına varmak, her birimizin burada olmasının amacı budur.","The aim of life is self-development. To realize ones nature perfectly, that is what each of us is here for.",Oscar Wilde,
"Büyük şeyleri başarmak için sadece harekete geçmekle kalmamalı, aynı zamanda hayal de kurmalıyız; sadece planlamakla kalmayın, aynı zamanda inanın.","To accomplish great things, we must not only act, but also dream; not only plan, but also believe.",Anatole France,
"Başarının ilk şartı, fiziksel ve zihinsel enerjinizi yorulmadan, sürekli olarak tek bir soruna uygulayabilmektir.",The first requisite for success is the ability to apply your physical and mental energies to one problem incessantly without growing weary.,Thomas Edison,
"Biraz da olsa kendimizi sevmeyi öğrenebilseydik belki zalimliğimiz, öfkemiz eriyebilirdi.","If we could learn to like ourselves, even a little, maybe our cruelties and angers might melt away.",John Steinbeck,
Eğer doğru yöne bakıyorsak tek yapmamız gereken yürümeye devam etmektir.,"If we are facing in the right direction, all we have to do is keep on walking.",,
Hayatta iki temel seçenek vardır: Koşulları olduğu gibi kabul etmek ya da onları değiştirme sorumluluğunu üstlenmek.,"There are two primary choices in life: to accept conditions as they exist, or accept responsibility for changing them.",Denis Waitley,
"Gerçeği ararsanız, onursuz yollarla zafer aramazsınız ve eğer gerçeği bulursanız yenilmez olursunuz.","If you seek truth you will not seek victory by dishonourable means, and if you find truth you will become invincible.",Epictetus,
"Meditasyon yoluyla ve tüm dikkatimizi her seferinde tek bir şeye vererek, dikkatimizi istediğimiz yere yönlendirmeyi öğrenebiliriz.","Through meditation and by giving full attention to one thing at a time, we can learn to direct attention where we choose.",Eknath Easwaran,
"Eğer dünyada sadece mutluluk olsaydı, asla cesur ve sabırlı olmayı öğrenemezdik.",We could never learn to be brave and patient if there were only joy in the world.,Helen Keller,
Doğru değilse yapmayın; eğer doğru değilse söyleme.,If it is not right do not do it; if it is not true do not say it.,Marcus Aurelius,
"Gerçek şu ki, her zaman yapılacak doğru şeyi bilirsiniz. İşin zor kısmı bunu yapmaktır.",The truth of the matter is that you always know the right thing to do. The hard part is doing it.,Norman Schwarzkopf,
Bazı insanlar büyük ve dramatik değişimlerden başarılı olurlar. Bazı insanlar yavaş ve istikrarlı rotayı tercih eder. Senin için doğru olanı yap.,"Some people thrive on huge, dramatic change. Some people prefer the slow and steady route. Do what's right for you.",Julie Morgenstern,
"İnsan, içinden çıktığı hiçliği ve içine gömüldüğü sonsuzluğu görmekten aynı derecede acizdir.",Man is equally incapable of seeing the nothingness from which he emerges and the infinity in which he is engulfed.,Blaise Pascal,
"Kibir ve kabalık, onlarsız dengesini koruyamayan zayıf insanlar için hayat bisikletinin eğitim çarklarıdır.","Arrogance and rudeness are training wheels on the bicycle of life, for weak people who cannot keep their balance without them.",Laura Teresa Marquez,
"Bir anlık öfkeye sabredersen, yüz günlük kederden kurtulursun.","If you are patient in one moment of anger, you will escape one hundred days of sorrow.",Chinese proverb,
"Cesaret, bilmeden risk almak değil, başkalarının yapamayacağı zorlukların önüne kendi varlığınızı koymaktır.",Courage is not about taking risks unknowingly but putting your own being in front of challenges that others may not be able to.,Byron Pulsifer,
"İç huzuru, hayatta çatışmanın olmaması değil, onunla baş edebilme yeteneğidir.","Peace of mind is not the absence of conflict from life, but the ability to cope with it.",,
"Eksikliklerinizle yüzleşin ve onları kabul edin; ama sana hakim olmalarına izin verme. Sana sabrı, tatlılığı, içgörüyü öğretsinler.","Face your deficiencies and acknowledge them; but do not let them master you. Let them teach you patience, sweetness, insight.",Helen Keller,
"Dış olaylar üzerinde değil, zihniniz üzerinde gücünüz var. Bunun farkına varın ve güç bulacaksınız.","You have power over your mind, not outside events. Realize this, and you will find strength.",Marcus Aurelius,
Beni hedefime ulaştıran sırrı size söyleyeyim: Gücüm yalnızca azmimdedir.,Let me tell you the secret that has led me to my goal: my strength lies solely in my tenacity.,Louis Pasteur,
Biz ne düşünüyorsak oyuz. Olduğumuz her şey düşüncelerimizle ortaya çıkar. Düşüncelerimizle dünyayı yaratırız.,"We are what we think. All that we are arises with our thoughts. With our thoughts, we make the world.",Buddha,
Dışarıda olup bitenleri her zaman kontrol edemiyorum. Ama içeride olup bitenleri her zaman kontrol edebilirim.,I cannot always control what goes on outside. But I can always control what goes on inside.,Wayne Dyer,
"Önemli olan hayatımızda yarattığımız değer, mutlu ettiğimiz insanlar ve insan olarak ne kadar büyüdüğümüzdür.","What matters is the value we've created in our lives, the people we've made happy and how much we've grown as people.",Daisaku Ikeda,
Kişi kendi potansiyelinin farkına vararak ve yeteneklerine güvenerek daha iyi bir dünya inşa edebilir.,"With realization of ones own potential and self-confidence in ones ability, one can build a better world.",Dalai Lama,
"Sapkın düşünceye sahip insanlar, birileri onu ellerinden alıp götürünceye kadar ellerindeki şeyin mükemmelliğini bilemezler.","Men of perverse opinion do not know the excellence of what is in their hands, till some one dash it from them.",Sophocles,
İyi bir zihne sahip olmak yeterli değildir; önemli olan onu iyi kullanmaktır.,It is not enough to have a good mind; the main thing is to use it well.,Rene Descartes,
"Başkalarının yapamayacağı veya yapmayacağı şeyler varsa, asla başkalarının yapabileceği ve yapacağı şeyleri yapmayın.","Never do things others can do and will do, if there are things others cannot do or will not do.",Amelia Earhart,
"Hayatın zorluklarının sizi felce uğratması değil, kim olduğunuzu keşfetmenize yardımcı olması gerekiyor.","Life's challenges are not supposed to paralyse you, they're supposed to help you discover who you are.",Bernice Reagon,
"Bu dünyada onurlu yaşamanın en büyük yolu, göründüğümüz gibi olmaktır.",The greatest way to live with honour in this world is to be what we pretend to be.,Socrates,
"Var olmak değişmek, değişmek olgunlaşmak, olgunlaşmak kendini sonsuza dek yaratmaya devam etmektir.","To exist is to change, to change is to mature, to mature is to go on creating oneself endlessly.",Henri Bergson,
İşiniz dünyanızı keşfetmek ve sonra tüm kalbinizle kendinizi ona vermektir.,Your work is to discover your world and then with all your heart give yourself to it.,Buddha,
"Hayatı dolu dolu yaşayan, yaşam enerjisiyle parıldayan kişi, başarılı bir hayat yaşayan kişidir.","The person who lives life fully, glowing with life's energy, is the person who lives a successful life.",Daisaku Ikeda,
Onlardan öğrenecek hiçbir şeyin olmadığından emin olmadan olası geleceklerden yüz çevirme.,Don't turn away from possible futures before you're certain you don't have anything to learn from them.,Richard Bach,
"Başarılı bir kişi, başkalarının kendisine attığı tuğlalarla sağlam bir temel oluşturabilen kişidir.",A successful person is one who can lay a firm foundation with the bricks that others throw at him or her.,David Brinkley,
"Olduğumuz her şey, düşündüklerimizin sonucudur. Akıl her şeydir. Neye dönüştüğümüzü düşünüyoruz.",All that we are is the result of what we have thought. The mind is everything. What we think we become.,Buddha,
Işığınız varken çalışın. Size emanet edilen yetenekten siz sorumlusunuz.,Work while you have the light. You are responsible for the talent that has been entrusted to you.,Henri-Frederic Amiel,
O küçük mum ışınlarını ne kadar uzağa fırlatıyor! Yaramaz bir dünyada iyilik böyle parlar.,How far that little candle throws its beams! So shines a good deed in a naughty world.,William Shakespeare,
"Her sıkıntı, her başarısızlık, her kalp ağrısı, beraberinde eşit veya daha büyük bir faydanın tohumunu taşır.","Every adversity, every failure, every heartache carries with it the seed of an equal or greater benefit.",Napoleon Hill,
Bir engel bir basamak ya da tökezleyen bir blok olabilir.,An obstacle may be either a stepping stone or a stumbling block.,,
Acı geçer ama güzellik kalır.,"The pain passes, but the beauty remains.",Pierre Auguste Renoir,
Yaratıcılık güvenden gelir. İçgüdülerinize güvenin. Ve asla çalıştığınızdan fazlasını ümit etmeyin.,Creativity comes from trust. Trust your instincts. And never hope more than you work.,Rita Mae Brown,
Hayata bakış açınız kendinizi ne kadar sevdiğinizin doğrudan bir yansımasıdır.,Your outlook on life is a direct reflection on how much you like yourself.,Lululemon,
Tekdüze kalırsanız kaymazsınız.,You won't skid if you stay in a rut.,Kin Hubbard,
Korkunuzun inancınızdan daha fazla büyümesine izin verdiğinizde hayallerinizi engellersiniz.,You block your dream when you allow your fear to grow bigger than your faith.,Mary Morrissey,
Mutluluk kendimize bağlıdır.,Happiness depends upon ourselves.,Aristotle,
Asla başkalarını idealleştirmeyin. Hiçbir zaman beklentilerinizi karşılamayacaklar.,Never idealize others. They will never live up to your expectations.,Leo Buscaglia,
Hiçbir şeyin eksik olmadığını anladığında tüm dünya sana ait olur.,"When you realize there is nothing lacking, the whole world belongs to you.",Lao Tzu,
Mutluluk hazır bir şey değildir. Bu sizin kendi eylemlerinizden kaynaklanır.,Happiness is not something ready made. It comes from your own actions.,Dalai Lama,
"Anlam, neyle başladığın değil, neyle sonuçlandığındır.",Meaning is not what you start with but what you end up with.,Peter Elbow,
Küçük şeylere sadık olun çünkü gücünüz onlardadır.,Be faithful in small things because it is in them that your strength lies.,Mother Teresa,
Her şey akıştır; hiçbir şey yerinde kalmıyor.,All is flux; nothing stays still.,Heraclitus,
Bir yıldıza sabitlenen kişi fikrini değiştirmez.,He who is fixed to a star does not change his mind.,Leonardo da Vinci,
Tam hedefe vardığınızda geri dönmeyin.,Do not turn back when you are just at the goal.,Publilius Syrus,
Risk almadan güvenemezsin ama kozanın içinde de yaşayamazsın.,You can't trust without risk but neither can you live in a cocoon.,Byron Pulsifer,
"Her algılama aynı zamanda düşünmedir, her akıl yürütme aynı zamanda sezgidir, her gözlem aynı zamanda icattır.","All perceiving is also thinking, all reasoning is also intuition, all observation is also invention.",Rudolf Arnheim,
"Hata, ilerlememizi sağlayan disiplindir.",Error is discipline through which we advance.,Channing,
Gerçek her zaman heyecan vericidir. O halde konuş. Onsuz hayat sıkıcıdır.,"The truth is always exciting. Speak it, then. Life is dull without it.",Pearl Buck,
"Üstün insan, konuşmasında alçakgönüllüdür, fakat davranışlarında aşırıdır.","The superior man is modest in his speech, but exceeds in his actions.",Confucius,
"Talihsizliklerimiz üzerinde ne kadar uzun süre kalırsak, onların bize zarar verme güçleri o kadar artar.","The longer we dwell on our misfortunes, the greater is their power to harm us.",Voltaire,
"Hiç güzel olmayan, gülen bir yüz görmedim.",I've never seen a smiling face that was not beautiful.,,
Doğadaki her şeyde muhteşem bir şeyler vardır.,In all things of nature there is something of the marvellous.,Aristotle,
Evren dönüşümdür; hayatımız düşüncelerimizin onu yarattığı şeydir.,The universe is transformation; our life is what our thoughts make it.,Marcus Aurelius,
Sessizlik asla ihanet etmeyen gerçek dosttur.,Silence is the true friend that never betrays.,Confucius,
Kendinizden başka hiçbir şeyin size başarı getiremeyeceğini pekâlâ hatırlıyor olabilirsiniz.,You might well remember that nothing can bring you success but yourself.,Napoleon Hill,
Sen hatırlamaya devam etmedikçe haksızlığa uğramak hiçbir şey değildir.,To be wronged is nothing unless you continue to remember it.,Confucius,
İyilik en büyük bilgeliktir.,Kindness is the greatest wisdom.,,
"Eylem, teorinin çözemediği şüpheleri ortadan kaldıracaktır.",Action will remove the doubts that theory cannot solve.,Tehyi Hsieh,
O altın küpünü ararken gökkuşağının tüm güzel renklerini kaçırmayın.,Don't miss all the beautiful colors of the rainbow looking for that pot of gold.,,
Yapılamaz diyenler yapanların sözünü kesmemeli.,People who say it cannot be done should not interrupt those who are doing it.,Chinese proverb,
Bunu yapmaya karar verdiğiniz gün şanslı gününüzdür.,The day you decide to do it is your lucky day.,Japanese proverb,
Zorlukları kabul edin ki zaferin coşkusunu hissedebilesiniz.,"Accept challenges, so that you may feel the exhilaration of victory.",George Patton,
"Çok yanlış anlamaktansa, az anlamak daha iyidir.",It is better to understand a little than to misunderstand a lot.,Anatole France,
Suya düşerek boğulmazsınız. Orada kalarak boğulursun.,You don't drown by falling in water. You drown by staying there.,,
"Önce kim olduğunuzu bilin, sonra kendinizi ona göre süsleyin.","Know, first, who you are, and then adorn yourself accordingly.",Epictetus,
Yapabileceğiniz en büyük macera hayallerinizdeki hayatı yaşamaktır.,The biggest adventure you can ever take is to live the life of your dreams.,Oprah Winfrey,
Kişinin olabileceği şeyi olmayı istemek yaşamın amacıdır.,To want to be what one can be is purpose in life.,Cynthia Ozick,
Bazen istediğinizi elde edememenin harika bir şans eseri olduğunu unutmayın.,Remember that sometimes not getting what you want is a wonderful stroke of luck.,Dalai Lama,
"Zaman, onu kullanacak herkes için yeterince uzun kalır.",Time stays long enough for anyone who will use it.,Leonardo da Vinci,
"Ne yapıyorsanız ve kim olursanız olun, dikkatinizi hediye edin.",Give whatever you are doing and whoever you are with the gift of your attention.,Jim Rohn,
Her zaman seni işe alan insanlardan daha akıllı ol.,Always be smarter than the people who hire you.,Lena Horne,
Başarının formülü: vaat edilenin altında ve gereğinden fazla teslim.,Formula for success: under promise and over deliver.,Tom Peters,
"Göz, yalnızca zihnin kavramaya hazır olduğu şeyi görür.",The eye sees only what the mind is prepared to comprehend.,Henri Bergson,
Kocaman bir gülümseme taktığınızda insanlar eski kıyafetleri nadiren fark ederler.,People seldom notice old clothes if you wear a big smile.,Lee Mildon,
"İçinizde ne kadar çok ışığa izin verirseniz, içinde yaşadığınız dünya o kadar parlak olur.","The more light you allow within you, the brighter the world you live in will be.",Shakti Gawain,
Hiçbir şey kaygıyı eylemden daha hızlı azaltamaz.,Nothing diminishes anxiety faster than action.,Walter Anderson,
"İnsan, kıyıyı gözden kaybetmeye cesaret edemediği sürece yeni okyanuslar keşfedemez.",Man cannot discover new oceans unless he has the courage to lose sight of the shore.,Andre Gide,
"Başkaları hakkında bizi rahatsız eden her şey, kendimiz hakkında bir anlayışa ulaşmamızı sağlayabilir.",Everything that irritates us about others can lead us to an understanding about ourselves.,Carl Jung,
Kendi gücümüzün farkındalığı bizi mütevazı kılar.,The awareness of our own strength makes us modest.,Paul Cezanne,
Hiçbir başarısızlık yok. Sadece deneyimler ve onlara tepkileriniz.,There are no failures. Just experiences and your reactions to them.,Tom Krause,
Geleceğiniz pek çok şeye bağlı ama çoğunlukla size bağlı.,"Your future depends on many things, but mostly on you.",Frank Tyger,
Korku karanlıkta büyür; Etrafta bir öcü olduğunu düşünüyorsanız ışığı açın.,"Fear grows in darkness; if you think theres a bogeyman around, turn on the light.",Dorothy Thompson,
En önemli nokta kendinizi kabul edip iki ayağınızın üzerinde durabilmenizdir.,The most important point is to accept yourself and stand on your two feet.,Shunryu Suzuki,
Gri-kahverengi gözlük takma alışkanlığınız varsa dünyanın parlak görünmesini beklemeyin.,"Do not expect the world to look bright, if you habitually wear gray-brown glasses.",Tomas Eliot,
Bazı hedefler ve ona ulaşmak için bazı çabalar olmadan hiçbir insan yaşayamaz.,"Without some goals and some efforts to reach it, no man can live.",John Dewey,
Elde edenin az şeyi vardır. Saçan çok şeye sahip olur.,He who obtains has little. He who scatters has much.,Richard Braunstein,
İnanılan mitler gerçek olma eğilimindedir.,Myths which are believed in tend to become true.,George Orwell,
"Ayak, yeri hissettiğinde ayağı hisseder.",The foot feels the foot when it feels the ground.,Buddha,
"Sahip olduklarımız değil, keyif aldığımız şeyler bereketimizi oluşturur.",Not what we have but what we enjoy constitutes our abundance.,John Petit-Senn,
Başlangıç ​​her zaman bugündür.,The beginning is always today.,Mary Wollstonecraft,
Uzun vadede riske atmaya hazır olduğumuzdan fazlasını elde edemeyiz.,In the long run we get no more than we have been willing to risk giving.,Sheldon Kopp,
Arkanıza bakmayın. Bir şeyler sana yaklaşıyor olabilir.,Don't look back. Something might be gaining on you.,Satchel Paige,
Yükselip düşen imparatorlukların değiştiği geçmişe dönüp baktığınızda geleceği de öngörebilirsiniz.,"Look back over the past, with its changing empires that rose and fell, and you can foresee the future, too.",Marcus Aurelius,
"Hata yaparak geçirilen bir hayat, hiçbir şey yapmadan geçirilen bir hayattan sadece daha onurlu değil, aynı zamanda daha faydalıdır.","A life spent making mistakes is not only more honourable, but more useful than a life spent doing nothing.",George Bernard Shaw,
"İnsanlar olaylardan değil, onlara bakış açılarından rahatsız olurlar.","Men are disturbed not by things, but by the view which they take of them.",Epictetus,
"Mutluluk İsveç'te bir gün batımıdır, herkes için oradadır ama çoğumuz başka tarafa bakar ve onu kaybederiz.","Happiness is a Swedish sunset, it is there for all, but most of us look the other way and lose it.",Mark Twain,
"Bir gülümseme, kalbinizin evde olduğunu göstermek için yüzünüzün penceresine yansıyan bir ışıktır.",A smile is a light in the window of your face to show your heart is at home.,,
Doğanın neler sunabileceğini bir kez daha görmeye başlayabileceğiniz bir zaman olarak baharı sabırsızlıkla bekleyin.,Look forward to spring as a time when you can start to see what nature has to offer once again.,Byron Pulsifer,
"Kendi içgüdülerinize güvenin. Hatalarınız başkasının değil, kendinizin de olabilir.","Trust your own instinct. Your mistakes might as well be your own, instead of someone elses.",Billy Wilder,
En ufak bir hareket bile tüm doğa için önemlidir. Bir çakıl taşından tüm okyanus etkilenir.,The least movement is of importance to all nature. The entire ocean is affected by a pebble.,Blaise Pascal,
Nasıl yapacağımı öğrenmek için her zaman yapamadığım şeyi yapıyorum.,"I am always doing that which I can not do, in order that I may learn how to do it.",Pablo Picasso,
Sen dünyada sadece birisi olabilirsin ama bir başkası için dünya olabilirsin.,"You may only be someone in the world, but to someone else, you may be the world.",,
"Her mücadeleyi adım adım, her adımınıza inançla atarsanız gücünüz ve anlayışınız artacaktır.","If you take each challenge one step at a time, with faith in every footstep, your strength and understanding will increase.",James Faust,
"Mutluluk seyahat edilemez, sahiplenilemez, kazanılamaz, giyilemez veya tüketilemez. Mutluluk, her dakikayı sevgi, zarafet ve şükranla yaşamanın ruhsal deneyimidir.","Happiness cannot be travelled to, owned, earned, worn or consumed. Happiness is the spiritual experience of living every minute with love, grace and gratitude.",Denis Waitley,
"Herkes, kalbinin kendisini hangi yöne çektiğini dikkatle gözlemlemeli ve var gücüyle o yolu seçmelidir.","Everyone should carefully observe which way his heart draws him, and then choose that way with all his strength.",Hasidic saying,
"Öncelikle kendimiz ve kendimizi korumamız hakkında düşünmeyi bıraktığımızda, gerçekten kahramanca bir bilinç dönüşümü yaşarız.","When we quit thinking primarily about ourselves and our own self-preservation, we undergo a truly heroic transformation of consciousness.",Joseph Campbell,
Etkili eylemi sessiz yansımayla takip edin. Sessiz yansımadan daha da etkili bir eylem gelecektir.,Follow effective action with quiet reflection. From the quiet reflection will come even more effective action.,Peter Drucker,
Hareketimiz hakkında öğrenmeniz gereken bir şey var. Üç kişi hiç kimse olmamasından iyidir.,There is one thing you have got to learn about our movement. Three people are better than no people.,Fannie Hamer,
"Mutluluk, kendinize birkaç damla bulaştırmadan başkalarına dökemeyeceğiniz bir parfümdür.",Happiness is a perfume you cannot pour on others without getting a few drops on yourself.,Ralph Waldo Emerson,
En fazla güce sahip olan şey hata değildir; bunun yerine hatadan ders alarak kendi niteliklerinizi geliştirmektir.,"It is not the mistake that has the most power, instead, it is learning from the mistake to advance your own attributes.",Byron Roberts,
"Sahip olduğunuz mutluluğun miktarı, kalbinizdeki özgürlüğün miktarına bağlıdır.",The amount of happiness that you have depends on the amount of freedom you have in your heart.,Thich Nhat Hanh,
Vizyonunuz ancak kalbinizin içine baktığınızda netleşecektir. Dışarıya bakan rüya görür. İçine bakan uyanır.,"Your vision will become clear only when you look into your heart. Who looks outside, dreams. Who looks inside, awakens.",Carl Jung,
Dün tarih oldu. Yarın bir gizem. Peki bugün? Bugün bir hediye. Bu yüzden ona şimdiki zaman diyoruz.,Yesterday is history. Tomorrow is a mystery. And today? Today is a gift. That is why we call it the present.,Babatunde Olatunji,
Başkalarıyla ve kendimizle iletişim kurma şeklimiz sonuçta hayatımızın kalitesini belirler.,The way we communicate with others and with ourselves ultimately determines the quality of our lives.,Tony Robbins,
Yoldaki bir viraj yolun sonu değildir...dönüş yapmayı başaramadığınız sürece.,A bend in the road is not the end of the road...unless you fail to make the turn.,,
"Risk altında yaşamak, uçurumdan atlamak ve aşağı inerken kanatlarınızı geliştirmektir.",Living at risk is jumping off the cliff and building your wings on the way down.,Ray Bradbury,
Kışın ortasında nihayet içimde yenilmez bir yazın olduğunu öğrendim.,"In the depth of winter, I finally learned that there was within me an invincible summer.",Albert Camus,
"Zekâ, farklı şeyler arasındaki benzerliği ve benzer şeyler arasındaki farkı tanımakta yatar.",Wit lies in recognizing the resemblance among things which differ and the difference between things which are alike.,Madame de Stael,
"Başarısız kişi, hata yapmış ancak bu deneyiminden kazanç elde edemeyen kişidir.",A failure is a man who has blundered but is not capable of cashing in on the experience.,Elbert Hubbard,
Size başarının formülünü veremem ama başarısızlığın formülünü verebilirim: O da şudur: Herkesi memnun etmeye çalışın.,"I cannot give you the formula for success, but I can give you the formula for failure: which is: Try to please everybody.",Herbert Swope,
Soru soran beş dakikalığına aptaldır; Soru sormayan sonsuza kadar aptal kalır.,One who asks a question is a fool for five minutes; one who does not ask a question remains a fool forever.,,
Sezgisel anlayışın gücü sizi günlerinizin sonuna kadar zarar görmekten koruyacaktır.,The power of intuitive understanding will protect you from harm until the end of your days.,Laozi,
İki kulağımız ve bir ağzımız var ki konuştuğumuzun iki katı kadar dinleyebilelim.,We have two ears and one mouth so that we can listen twice as much as we speak.,Epictetus,
Başarısızlık korkusu sizi hayatınızın aynı noktasında tutacak tutumlardan biridir.,Fear of failure is one attitude that will keep you at the same point in your life.,Byron Pulsifer,
Arkadaşlar nasıl olduğumuzu sorup cevabını duymak için bekleyen ender insanlardır.,Friends are those rare people who ask how we are and then wait to hear the answer.,Ed Cunningham,
Bir kahraman sıradan bir insandan daha cesur değildir ama beş dakika daha uzun süre daha cesurdur.,"A hero is no braver than an ordinary man, but he is braver five minutes longer.",Ralph Waldo Emerson,
Dans ederken amacınız yerde belli bir yere ulaşmak değildir. Yol boyunca her adımın tadını çıkarmaktır.,"When you dance, your purpose is not to get to a certain place on the floor. It's to enjoy each step along the way.",Wayne Dyer,
"Gerçek sevgi önce kendimize yönelmeli, kendimizi sevmezsek başkalarını nasıl sevebiliriz?","Genuine love should first be directed at oneself, if we do not love ourselves, how can we love others?",Dalai Lama,
"Yaradan sana, yapamayacağın bir şeyi yapma arzusu vermedi.",The Creator has not given you a longing to do that which you have no ability to do.,Orison Marden,
Akıllı olmak çok basit. Söyleyecek aptalca bir şey düşün ve sonra söyleme.,It's so simple to be wise. Just think of something stupid to say and then don't say it.,Sam Levenson,
Olumsuz düşünce ve duyguların yalnızca huzur deneyimimizi yok etmekle kalmayıp aynı zamanda sağlığımıza da zarar verdiğini düşünün.,"Consider that not only do negative thoughts and emotions destroy our experience of peace, they also undermine our health.",Dalai Lama,
"Kim olduğunla barışmadığın sürece, sahip olduklarınla ​​asla yetinemezsin.","Until you make peace with who you are, you will never be content with what you have.",Doris Mortman,
Bizi kendimizden başka kimse kurtaramaz. Hiç kimse yapamaz ve hiç kimse yapamaz. Yolu kendimiz yürümek zorundayız.,No one saves us but ourselves. No one can and no one may. We ourselves must walk the path.,Buddha,
"Herhangi bir şeye ilgi gösterildiği anda o şey başlı başına gizemli, müthiş, tarif edilemeyecek kadar muhteşem bir dünyaya dönüşür.","The moment one gives close attention to anything, it becomes a mysterious, awesome, indescribably magnificent world in itself.",Henry Miller,
"Mutluluk, düşündüklerinizin, söylediklerinizin ve yaptıklarınızın uyum içinde olmasıdır.","Happiness is when what you think, what you say, and what you do are in harmony.",Mohandas Gandhi,
"Güvensizliğin ve korku duygusunun en büyük panzehiri şefkattir, insanı içsel gücünün temellerine döndürür.","The greatest antidote to insecurity and the sense of fear is compassion, it brings one back to the basis of one's inner strength.",Dalai Lama,
"Cesaret kazanamayacağınızı keşfetmek, kaybedebileceğinizi bildiğiniz halde denemektir.","Courage is the discovery that you may not win, and trying when you know you can lose.",,
"Öğrenmenin amacı büyümedir ve bedenlerimizin aksine zihinlerimiz, biz yaşamaya devam ettikçe büyümeye devam edebilir.","The purpose of learning is growth, and our minds, unlike our bodies, can continue growing as we continue to live.",Mortimer Adler,
Her şeyin ne kadar mükemmel olduğunu anladığınızda başınızı geriye atıp gökyüzüne güleceksiniz.,When you realize how perfect everything is you will tilt your head back and laugh at the sky.,Buddha,
Her başarısızlık için alternatif bir eylem planı vardır. Sadece onu bulman gerekiyor. Bir barikatla karşılaştığınızda yoldan çıkın.,"For every failure, there's an alternative course of action. You just have to find it. When you come to a roadblock, take a detour.",Mary Kay Ash,
"Kendindeki tek bir eksikliğin farkına varmak, başkasındaki binlerce eksikliğin farkına varmaktan daha faydalıdır.",To be aware of a single shortcoming in oneself is more useful than to be aware of a thousand in someone else.,Tenzin Gyatso,
"En büyük beyinler, en büyük erdemlere olduğu kadar en büyük kötülüklere de muktedirdir.",The greatest minds are capable of the greatest vices as well as of the greatest virtues.,Rene Descartes,
"İnsan olması gerektiğini düşündüğü şeyi değil, olanı aramalı.","A man should look for what is, and not for what he thinks should be.",Albert Einstein,
Kendi değerlerinize saygınız yoksa başkalarının saygısına nasıl layık olabilirsiniz?,If you have no respect for your own values how can you be worthy of respect from others.,Byron Pulsifer,
Bazıları hep gülün dikeni var diye homurdanır; Dikenlerin gülü olduğu için şükrediyorum.,Some people are always grumbling because roses have thorns; I am thankful that thorns have roses.,Alphonse Karr,
"Yetenek, yapabildiğiniz şeydir. Motivasyon ne yaptığınızı belirler. Tutum ise onu ne kadar iyi yaptığınızı belirler.",Ability is what you're capable of doing. Motivation determines what you do.Attitude determines how well you do it.,Lou Holtz,
"Hatalarınızdan utanmayın. Hiçbir şey bize onları anlamamızdan daha iyi öğretemez. Bu, bireysel gelişimin en iyi yollarından biridir.",Do not be embarrassed by your mistakes. Nothing can teach us better than our understanding of them. This is one of the best ways of self-education.,Thomas Carlyle,
"Her ne kadar sonsuz düzende küçük olsanız da, dünyanın her yerindeki tüm diğer insanlar gibi siz de benzersiz ve yeri doldurulamaz olduğunuzu bilin.","Know that although in the eternal scheme of things you are small, you are also unique and irreplaceable, as are all your fellow humans everywhere in the world.",Margaret Laurence,
"Biraz bırakırsan, biraz huzura kavuşursun. Eğer çok şey bırakırsanız, çok fazla huzura sahip olursunuz.","If you let go a little, you will have a little peace. If you let go a lot, you will have a lot of peace.",Ajahn Chah,
"Ruh, kazanma arzusu ve üstün olma arzusu kalıcı olan şeylerdir. Bu nitelikler, meydana gelen olaylardan çok daha önemlidir.","The spirit, the will to win, and the will to excel, are the things that endure. These qualities are so much more important than the events that occur.",Vincent Lombardi,
"İnsan halihazırda sahip olduğu şeylerin toplamı değil, henüz sahip olmadığı, sahip olabileceği şeylerin toplamıdır.","Man is not sum of what he has already, but rather the sum of what he does not yet have, of what he could have.",Jean-Paul Sartre,
"Gözlerinin sana söylediklerine inanma. Gösterdikleri tek şey sınırlamadır. Anlayışınızla bakın, zaten bildiklerinizi öğrenin, uçmanın yolunu göreceksiniz.","Don't believe what your eyes are telling you. All they show is limitation. Look with your understanding, find out what you already know, and you'll see the way to fly.",Richard Bach,
"Dilekler, dilekleri eyleme dönüştürdüğünüzde istediğinizi elde etmenin en iyi yolu olabilir. Eylem, dileğinizi düşünceden gerçeğe doğru ön plana çıkarır.",Wishes can be your best avenue of getting what you want when you turn wishes into action. Action moves your wish to the forefront from thought to reality.,Byron Pulsifer,
"Bir kişinin kalbini ve zihnini anlamak için, onun halihazırda başardıklarına değil, neyi amaçladığına bakın.","To understand the heart and mind of a person, look not at what he has already achieved, but at what he aspires to do.",Kahlil Gibran,
"Hayal gücü bilgiden daha önemlidir. Bilgi şu anda bildiğimiz ve anladığımız her şeyi tanımlarken, hayal gücü henüz keşfedip yaratabileceğimiz her şeye işaret eder.","Imagination is more important than knowledge. For while knowledge defines all we currently know and understand, imagination points to all we might yet discover and create.",Albert Einstein,
İyi bir insan gördüğünüzde onun gibi olmayı düşünün. Birinin o kadar iyi olmadığını gördüğünüzde kendi zayıf noktalarınızı düşünün.,"When you see a good person, think of becoming like him. When you see someone not so good, reflect on your own weak points.",Confucius,
"Dünyadaki önemli şeylerin çoğu, hiç umut yokmuş gibi görünürken denemeye devam eden insanlar tarafından başarılmıştır.",Most of the important things in the world have been accomplished by people who have kept on trying when there seemed to be no hope at all.,Dale Carnegie,
"Mutluluk, takip edildiğinde her zaman ulaşamayacağımız, ancak sessizce oturursanız üzerinize konabilecek bir kelebeğe benzer.","Happiness is as a butterfly which, when pursued, is always beyond our grasp, but which if you will sit down quietly, may alight upon you.",Nathaniel Hawthorne,
Gökyüzünde doğu-batı ayrımı yoktur; insanlar kendi akıllarından ayrımlar yaratırlar ve sonra bunların doğru olduğuna inanırlar.,"In the sky, there is no distinction of east and west; people create distinctions out of their own minds and then believe them to be true.",Buddha,
"Hayatınızdaki hiçbir şeyi yalnızca niyet ederek değiştiremezsiniz; bu, yarına ulaşacağınıza dair sulandırılmış, ara sıra bir umut haline gelebilir. Eylem olmadan niyet işe yaramaz.","You cannot change anything in your life with intention alone, which can become a watered-down, occasional hope that you'll get to tomorrow. Intention without action is useless.",Caroline Myss,
"Eğer insan hayalleri doğrultusunda emin adımlarla ilerlerse ve hayal ettiği hayatı yaşamak için çaba gösterirse, sıradan saatlerde beklenmedik bir başarı ile karşılaşacaktır.","If one advances confidently in the direction of his dream, and endeavours to live the life which he had imagines, he will meet with a success unexpected in common hours.",Henry David Thoreau,
"Çalışmaktan keyif almanın sırrı tek kelimede gizlidir; mükemmellik. Bir şeyin nasıl iyi yapılacağını bilmek, ondan keyif almaktır.","The secret of joy in work is contained in one word, excellence. To know how to do something well is to enjoy it.",Pearl Buck,
Düzenli olmamız gerektiği fikrinin üstesinden gelmeliyiz. Sizi olağanüstü olma şansını elinden alır ve sizi vasat olana sürükler.,We must overcome the notion that we must be regular. It robs you of the chance to be extraordinary and leads you to the mediocre.,Uta Hagen,
"Bir insandan her şey alınabilir ama... insani özgürlüklerin sonuncusu, herhangi bir durumda tutumunu seçmek, kendi yolunu seçmek.","Everything can be taken from a man but ... the last of the human freedoms, to choose ones attitude in any given set of circumstances, to choose ones own way.",Victor Frankl,
"Hiçbir fikri olmadan her zaman haklı olmaktansa, bazılarının yanlış olmasına yetecek kadar fikre sahip olmak daha iyidir.","It is better to have enough ideas for some of them to be wrong, than to be always right by having no ideas at all.",Edward de Bono,
"Bırakırsan her şey olur. Dünya, onu bırakanlar tarafından kazanılır. Ama denediğinde ve denediğinde. Dünya kazanmanın ötesinde.",By letting it go it all gets done. The world is won by those who let it go. But when you try and try. The world is beyond the winning.,Lao Tzu,
"Zaman kaybetmenin en tehlikeli yolu onu eğlenerek değil, sahte işler yaparak geçirmektir. Eğlenmeye zaman ayırdığınızda, rahatınıza düşkün olduğunuzu bilirsiniz.","The most dangerous way to lose time is not to spend it having fun, but to spend it doing fake work. When you spend time having fun, you know you're being self-indulgent.",Paul Graham,
Tek bir mumdan binlerce mum yakılabilir ve mumun ömrü kısalmaz. Mutluluk paylaşıldıkça azalmaz.,"Thousands of candles can be lit from a single, and the life of the candle will not be shortened. Happiness never decreases by being shared.",Buddha,
"Tutku olmadan insan, kıvılcımını çıkarmadan önce demirin şokunu bekleyen çakmaktaşı gibi, yalnızca gizli bir güç ve olasılıktır.","Without passion man is a mere latent force and possibility, like the flint which awaits the shock of the iron before it can give forth its spark.",Amiel,
Doğru yol her zaman popüler ve kolay olan yol değildir. Popüler olmadığında doğrunun yanında durmak gerçek bir ahlaki karakter sınavıdır.,The right way is not always the popular and easy way. Standing for right when it is unpopular is a true test of moral character.,Margaret Smith,
"Sabah kalktığınızda hayatta olmanın, nefes almanın, düşünmenin, keyif almanın, sevmenin ne kadar değerli bir ayrıcalık olduğunu düşünün.","When you arise in the morning, think of what a precious privilege it is to be alive, to breathe, to think, to enjoy, to love.",Marcus Aurelius,
"Hayatınızda trajediler olsa da her zaman zafer kazanma ihtimaliniz vardır. Kim olduğun, nereden geldiğin önemli değil. Zafer yeteneği sizinle başlar. Her zaman.","Although there may be tragedy in your life, there's always a possibility to triumph. It doesn't matter who you are, where you come from. The ability to triumph begins with you. Always.",Oprah Winfrey,
"Sezginizi eğitmelisiniz, size tam olarak ne söyleyeceğinizi, neye karar vereceğinizi söyleyen içinizdeki küçük sese güvenmelisiniz.","You must train your intuition, you must trust the small voice inside you which tells you exactly what to say, what to decide.",Ingrid Bergman,
"Ebeveynler yalnızca iyi tavsiyelerde bulunabilir veya onları doğru yola yönlendirebilir, ancak bir kişinin karakterinin nihai oluşumu kendi ellerindedir.","Parents can only give good advice or put them on the right paths, but the final forming of a persons character lies in their own hands.",Anne Frank,
"Zorluklar başarısız olmanıza karşı değildir; Zorluklar, azimle tekrar tekrar başarıya ulaşabilmeniz için karakterinizi geliştirmenin bir yoludur.",Adversity isn't set against you to fail; adversity is a way to build your character so that you can succeed over and over again through perseverance.,Byron Pulsifer,
"Eğer boynunuz kırılırsa, yiyecek bir şeyiniz yoksa, eviniz yanıyorsa bir sorununuz var demektir. Geriye kalan her şey rahatsızlıktır.","If you break your neck, if you have nothing to eat, if your house is on fire, then you got a problem. Everything else is inconvenience.",Robert Fulghum,
Çatışma düşüncenin at sineğidir. Bizi gözlem ve hafızaya teşvik eder. Buluşa teşvik eder. Bizi şok ederek koyun benzeri pasiflikten çıkarır ve bizi not almaya ve plan yapmaya yönlendirir.,"Conflict is the gadfly of thought. It stirs us to observation and memory. It instigates to invention. It shocks us out of sheeplike passivity, and sets us at noting and contriving.",John Dewey,
Başkalarını fetheden güçlüdür; Kendini fetheden güçlüdür.,He who conquers others is strong; He who conquers himself is mighty.,Lao Tzu,
"Gerçekten istediğiniz her şeyi, eğer gerçekten onun peşinden giderseniz elde edebilirsiniz.","Anything you really want, you can attain, if you really go after it.",Wayne Dyer,
Bir noktaya varmak diğerinin başlangıç ​​noktasıdır.,Arriving at one point is the starting point to another.,John Dewey,
"Mutluluğumuzun en büyük kısmı koşullarımıza değil, mizacımıza bağlıdır.","The greatest part of our happiness depends on our dispositions, not our circumstances.",Martha Washington,
Sonsuza dek mutlu yaşamak ancak her gün mümkündür.,It is only possible to live happily ever after on a day to day basis.,Margaret Bonnano,
İnsan kalbinde ne taşıyorsa onu dünyada da görür.,A man sees in the world what he carries in his heart.,Goethe,
Etkinizin tek sınırı hayal gücünüz ve bağlılığınızdır.,The only limit to your impact is your imagination and commitment.,Tony Robbins,
"Sen özelsin, eşsizsin, sen en iyisisin!","You are special, you are unique, you are the best!",Cathy Pulsifer,
"Kendini bilmek, kendini başka biriyle eylem halinde incelemektir.",To know oneself is to study oneself in action with another person.,Bruce Lee,
Karşı çıktığımız sisteme benzememize izin vermemeliyiz.,We must not allow ourselves to become like the system we oppose.,Bishop Desmond Tutu,
"Gülümseyin, nefes alın ve yavaşça ilerleyin.","Smile, breathe and go slowly.",Thich Nhat Hanh,
İpinizin sonuna geldiğinizde bir düğüm atın ve tutunun.,"When you come to the end of your rope, tie a knot and hang on.",Franklin Roosevelt,
"Daima başkalarının kusurlarına değil, nezaketine dikkat edin.",Always be mindful of the kindness and not the faults of others.,Buddha,
Kader bize bir limon verdiğinde limonata yapmayı deneyelim.,"When fate hands us a lemon, lets try to make lemonade.",Dale Carnegie,
Zayıflar asla affedemez. Affetmek güçlülerin özelliğidir.,The weak can never forgive. Forgiveness is the attribute of the strong.,Mohandas Gandhi,
"Geleceğinizi emin ellere, yani kendi ellerinize bırakın.","Put your future in good hands, your own.",,
"Gerçek, gerçekte ne olduğuyla ilgili değildir; daha çok, olanın nasıl yorumlandığıyla ilgilidir.",Truth isn't all about what actually happens but more about how what has happened is interpreted.,Byron Pulsifer,
İyi bir dinlenme işin yarısıdır.,A good rest is half the work.,,
Test olmak iyidir. Zorlu yaşam en iyi terapist olabilir.,To be tested is good. The challenged life may be the best therapist.,Gail Sheehy,
Dikkat edin: aramadığınız şeyi bulamazsınız.,Take heed: you do not find what you do not seek.,English proverb,
"Mutluluk, bildiğimiz en yüksek hakka göre yaşadığımız için aldığımız ödüldür.",Happiness is the reward we get for living to the highest right we know.,Richard Bach,
"Dilin yavaş, gözün hızlı ol.",Be slow of tongue and quick of eye.,Cervantes,
"Özgürlük, hata yapma özgürlüğünü çağrıştırmıyorsa sahip olmaya değmez.",Freedom is not worth having if it does not connote freedom to err.,Mohandas Gandhi,
"Her zaman insanların eylemlerinin, düşüncelerinin en iyi tercümanları olduğunu düşünmüşümdür.",I have always thought the actions of men the best interpreters of their thoughts.,John Locke,
"Cesaret etmek, bir an için ayağını kaybetmektir. Cesaret edememek kendini kaybetmektir.",To dare is to lose ones footing momentarily. To not dare is to lose oneself.,Soren Kierkegaard,
Bir şey öğrendiğiniz hiçbir gün tamamen kayıp değildir.,No day in which you learn something is a complete loss.,David Eddings,
Barış zorla korunamaz. Bu ancak anlayarak elde edilebilir.,Peace cannot be kept by force. It can only be achieved by understanding.,Albert Einstein,
"Gerçek başarı, sevdiğiniz işte yaşam boyu işinizi bulmaktır.",Real success is finding your lifework in the work that you love.,David McCullough,
"Binlerce içi boş sözden daha iyidir, huzur getiren tek bir kelimedir.","Better than a thousand hollow words, is one word that brings peace.",Buddha,
Bütün yarınların bütün çiçekleri bugünün tohumlarındadır.,All the flowers of all the tomorrows are in the seeds of today.,,
Nasıl düşünürseniz öyle olursunuz.,"As you think, so shall you become.",Bruce Lee,
"Tohum zamanında öğrenin, hasat zamanında öğretin, kışın tadını çıkarın.","In seed time learn, in harvest teach, in winter enjoy.",William Blake,
"Mutluluk çok şeye sahip olmaktan değil, az şeye bağlanmaktan gelir.","Happiness does not come from having much, but from being attached to little.",Cheng Yen,
"Bir arkadaşınızdan gelen her hediye, mutluluğunuz için bir dilektir.",Every gift from a friend is a wish for your happiness.,Richard Bach,
Git inancını eyleme dök. Çift dille de konuşmayın.,Go put your creed into the deed. Nor speak with double tongue.,Ralph Emerson,
"Umut, başka hiçbir şeyin uyandıramayacağı kadar mümkün olana yönelik bir tutku uyandırır.","Hope arouses, as nothing else can arouse, a passion for the possible.",William Sloane Coffin,
Her şeyin bir güzelliği vardır ama bunu herkes göremez.,"Everything has beauty, but not everyone sees it.",Confucius,
Bilmemiz gerekenleri bize öğretene kadar hiçbir şey kaybolmaz.,Nothing ever goes away until it has taught us what we need to know.,Pema Chodron,
Öğrendiğinde öğret. Aldığında ver.,"When you learn, teach. When you get, give.",Maya Angelou,
Ancak artık korkmadığımız zaman yaşamaya başlarız.,Only when we are no longer afraid do we begin to live.,Dorothy Thompson,
"Etrafta kimse yokken gülümsüyorsan, gerçekten ciddisin.","If you smile when no one else is around, you really mean it.",Andy Rooney,
"Her kaosun içinde bir evren, her düzensizliğin içinde gizli bir düzen vardır.","In all chaos there is a cosmos, in all disorder a secret order.",Carl Jung,
İnsan yaşadığı yer değil sevdiği yerdir.,A man is not where he lives but where he loves.,,
"Karar, özgür olma cesaretinden kaynaklanan bir risktir.",Decision is a risk rooted in the courage of being free.,Paul Tillich,
Rahatlamayı ve cevabı beklemeyi öğrenirseniz zihniniz çoğu soruyu cevaplayacaktır.,Your mind will answer most questions if you learn to relax and wait for the answer.,William Burroughs,
"Dünya senin başına gelmez, senden olur.",The world doesn't happen to you it happens from you.,,
"Sorunlarımızı, onları yaratırken kullandığımız düşünce tarzıyla çözemeyiz.",We cannot solve our problems with the same thinking we used when we created them.,Albert Einstein,
"Başlama cesareti, kazanma arzusundan daha güçlüdür.",More powerful than the will to win is the courage to begin.,,
Öğrenmek zaten bildiğinizi ortaya çıkarmaktır.,Learning is finding out what you already know.,Richard Bach,
Teşekkür etmek görgüden daha fazlasıdır. Bu iyi bir maneviyattır.,Saying thank you is more than good manners. It is good spirituality.,Alfred Painter,
Sessizlik büyük bir güç kaynağıdır.,Silence is a source of great strength.,Lao Tzu,
Sevinç en iyi makyajdır.,Joy is the best makeup.,Anne Lamott,
Bir sürahi damla damla doluyor.,A jug fills drop by drop.,Buddha,
Kim olduğunla barışana kadar sahip olduklarınla ​​asla yetinemezsin.,"Until you make peace with who you are, you'll never be content with what you have.",Doris Mortman,
Öfkelenmek hiçbir şeyi çözmez.,Being angry never solves anything.,Catherine Pulsifer,
Büyük şeyler başaran tüm insanlar büyük hayalperestlerdi.,All men who have achieved great things have been great dreamers.,Orison Marden,
"Sıradanlık kendisinden daha üstün bir şey bilmez ama yetenek, dehayı anında tanır.","Mediocrity knows nothing higher than itself, but talent instantly recognizes genius.",Arthur Conan Doyle,
Herkesin aynı şekilde düşündüğü yerde kimse pek fazla düşünmez.,"Where all think alike, no one thinks very much.",Walter Lippmann,
Var olan her şey bir bakıma olacak olanın tohumudur.,Everything that exists is in a manner the seed of that which will be.,Marcus Aurelius,
"İnsanlar hakkında daha az, fikirler konusunda daha çok meraklı olun.",Be less curious about people and more curious about ideas.,Marie Curie,
"Kalbin, beynin bilmediği gözleri vardır.",The heart has eyes which the brain knows nothing of.,Charles Perkhurst,
Sabah bir saatinizi kaybederseniz bütün gününüzü onu arayarak geçirirsiniz.,"Lose an hour in the morning, and you will spend all day looking for it.",Richard Whately,
Göğsüne git: Orayı vur ve kalbine ne bildiğini sor.,"Go to your bosom: Knock there, and ask your heart what it doth know.",William Shakespeare,
Mutluluk esas olarak dış faktörlerden ziyade kendi tutumumuzdan gelir.,"Happiness mainly comes from our own attitude, rather than from external factors.",Dalai Lama,
"Yönünüzü değiştirmezseniz, gittiğiniz yere varabilirsiniz.","If you do not change direction, you may end up where you are heading.",Lao Tzu,
Gördüklerimiz esas olarak aradığımız şeydir.,What we see is mainly what we look for.,,
Olabileceklerden uzak dur ve olacaklara bak.,Stay away from what might have been and look at what will be.,Marsha Petrie Sue,
Tutku daha fazlasına yönelik arzuyu yaratır ve tutkunun körüklediği eylem bir gelecek yaratır.,Passion creates the desire for more and action fuelled by passion creates a future.,Byron Pulsifer,
Fırsat çoğu zaman talihsizlik ya da geçici yenilgi kılığında gelir.,"Opportunity often comes disguised in the form of misfortune, or temporary defeat.",Napoleon Hill,
"En güçlüsü, kendi gücüne sahip olandır.",Most powerful is he who has himself in his own power.,Seneca,
"Tecrübe, düşünerek, hayal ederek değil, ancak yaparak kazanılır.",Experience can only be gained by doing not by thinking or dreaming.,Byron Pulsifer,
Her zaman doğruyu söyle. Böylece ne söylediğinizi hatırlamak zorunda kalmazsınız.,"Always tell the truth. That way, you don't have to remember what you said.",Mark Twain,
Meraktan meraka varoluş açılır.,From wonder into wonder existence opens.,Lao Tzu,
Hayat sen başka planlar yaparken başına gelenlerdir.,Life is what happens while you are making other plans.,John Lennon,
Dans eden bir yıldız doğurmak için ruhunuzda kaosa ihtiyacınız var.,You need chaos in your soul to give birth to a dancing star.,Nietzsche,
Kalbiniz geçmiş başarısızlıklarla doluysa bahar olamaz.,It can't be spring if your heart is filled with past failures.,Byron Pulsifer,
Kendini bugüne adayanların hiçbir dünü boşa gitmez.,No yesterdays are ever wasted for those who give themselves to today.,Brendan Francis,
"Başarısızlık yoktur, yalnızca deneyimler ve bunlara verdiğiniz tepkiler vardır.","There are no failures, just experiences and your reactions to them.",Tom Krause,
Hiçbir şey nezaket kadar güçlü değildir. Hiçbir şey gerçek güç kadar yumuşak değildir.,Nothing is so strong as gentleness. Nothing is so gentle as real strength.,Frances de Sales,
"Hayal gücü bazı insanların yeteneği değil, her insanın sağlığıdır.",Imagination is not a talent of some men but is the health of every man.,Ralph Waldo Emerson,
Acıyı kucaklamalı ve onu yolculuğumuz için yakıt olarak yakmalıyız.,We must embrace pain and burn it as fuel for our journey.,Kenji Miyazawa,
İnsanların arkadaş canlısı olmasını beklemeyin. Onlara nasıl olduğunu göster.,Don't wait for people to be friendly. Show them how.,,
"Bir mücevher sürtünmeden parlatılamaz, bir insan da denemeden mükemmelleştirilemez.","A gem cannot be polished without friction, nor a man perfected without trials.",Chinese proverb,
İlgi alanlarınızı sürdürürseniz her gün zafer günü olabilir.,Each day can be one of triumph if you keep up your interests.,George Matthew Adams,
"Dünyayı iyileştirecek yer öncelikle kişinin kendi yüreğinde, aklında ve ellerindedir.",The place to improve the world is first in one's own heart and head and hands.,Robert M. Pirsig,
"Kazananlar, kaybedenlerin yapmaktan hoşlanmadığı şeyleri yapma alışkanlığını edinmişlerdir.",Winners have simply formed the habit of doing things losers don't like to do.,Albert Gray,
Doğa her zaman ve asla aynı olmayan değişken bir buluttur.,Nature is a mutable cloud which is always and never the same.,Ralph Emerson,
"Hayat sizin ondan ne anladığınızdır. Her zaman öyleydi, her zaman öyle olacak.","Life is what you make of it. Always has been, always will be.",Grandma Moses,
Endişe çoğu zaman küçük bir şeye büyük bir gölge verir.,Worry often gives a small thing a big shadow.,Swedish proverb,
"Özgürlük, sana yapılanlarla senin ne yaptığındır.",Freedom is what you do with what's been done to you.,Jean-Paul Sartre,
Sonunda bizi özgür iradeye kavuşturan gerçek bizi de sevindiriyor.,The truth which has made us free will in the end make us glad also.,Felix Adler,
Öğrenmeden hayal gücü olanın kanatları vardır ama ayakları yoktur.,He who has imagination without learning has wings but no feet.,Joseph Joubert,
Kim severse imkansıza inanır.,"Whoso loves, believes the impossible.",Elizabeth Browning,
"Önemli olan nereden geldiğiniz değil, nereye gittiğinizdir.","It isn't where you come from, it's where you're going that counts.",Ella Fitzgerald,
Sevinçlerimizle bağlantı kurmamızın önündeki en büyük engel kırgınlıktır.,The greatest obstacle to connecting with our joy is resentment.,Pema Chodron,
Öfke enerjinizi üretken bir şey yapmak için kullandığında.,When anger use your energy to do something productive.,C. Pulsifer,
Hepimiz bir şeyiz ama hiçbirimiz her şey değiliz.,"We are all something, but none of us are everything.",Blaise Pascal,
Basitçe açıklayamıyorsanız yeterince iyi anlamamışsınız demektir.,"If you can't explain it simply, you don't understand it well enough.",Albert Einstein,
"Kendisiyle uyum içinde yaşayan, dünyayla uyum içinde yaşar.",He who lives in harmony with himself lives in harmony with the world.,Marcus Aurelius,
Kendini bilen aydınlanır.,He who knows himself is enlightened.,Lao Tzu,
Daha iyi bir fare kapanı oluşturduğunuzda dünya kapınıza kadar ulaşacaktır.,Build a better mousetrap and the world will beat a path to your door.,Ralph Emerson,
"Yüz kişiyi doyuramıyorsanız, yalnızca bir kişiyi doyurun.","If you can't feed a hundred people, then feed just one.",Mother Teresa,
Hayata dair öğrendiğim her şeyi üç kelimeyle özetleyebilirim: Hayat devam ediyor.,In three words I can sum up everything Ive learned about life: it goes on.,Robert Frost,
Bugünün hayal kırıklıklarının yarının hayallerine gölge düşürmesine izin vermeyin.,Don't let today's disappointments cast a shadow on tomorrow's dreams.,,
Her zaman sonuç üretmeyi başarırsınız.,You always succeed in producing a result.,Tony Robbins,
Karşı olduğunuz her şey sizi zayıflatır. Sizin için olduğunuz her şey sizi güçlendirir.,Everything you are against weakens you. Everything you are for empowers you.,Wayne Dyer,
Kendimizi riske attıkça büyüyoruz. Her yeni deneyim bir risktir.,"As we risk ourselves, we grow. Each new experience is a risk.",Fran Watson,
Kim olduğumuz asla değişmez. Kim olduğumuzu sanıyoruz?,Who we are never changes. Who we think we are does.,Mary Almanac,
"Büyüklüğün son kanıtı, eleştiriye kızmadan dayanabilmektir.",The final proof of greatness lies in being able to endure criticism without resentment.,Elbert Hubbard,
Orduların işgaline direnilebilir ama zamanı gelmiş bir fikir değil.,"An invasion of armies can be resisted, but not an idea whose time has come.",Victor Hugo,
Mükemmellik bir beceri değildir. Bu bir tutumdur.,Excellence is not a skill. It is an attitude.,Ralph Marston,
İnsanlar söylediklerinizden şüphe duyabilirler ama yaptıklarınıza inanırlar.,"People may doubt what you say, but they will believe what you do.",Lewis Cass,
"Kelimelerin dağları yerinden oynatmadığını bilmek önemlidir. Çalışmak, titiz çalışmak dağları yerinden oynatır.","It's important to know that words don't move mountains. Work, exacting work moves mountains.",Danilo Dolci,
Kaçırılan şanslara dikkat edin; aksi halde bir gün her şey için çok geç olabilir.,Beware of missing chances; otherwise it may be altogether too late some day.,Franz Liszt,
Yalnızca tutunduğun şeyi kaybedersin.,You only lose what you cling to.,Buddha,
Hayat anların birbirini takip etmesinden ibarettir. Her birini yaşamak başarılı olmaktır.,Life is a succession of moments. To live each one is to succeed.,Corita Kent,
"Hayattaki gölgelerin çoğu, kendi güneş ışığımızın altında durmamızdan kaynaklanır.",Most of the shadows of life are caused by standing in our own sunshine.,Ralph Waldo Emerson,
İyi eylemler kendimize güç verir ve başkalarına da iyi eylemler ilham verir.,Good actions give strength to ourselves and inspire good actions in others.,Plato,
Her zorluğun ortasında fırsat yatar.,In the middle of every difficulty lies opportunity.,Albert Einstein,
Şüpheye düştüğünüzde doğruyu söyleyin.,"When in doubt, tell the truth.",Mark Twain,
"Bilimdeki her büyük ilerleme, hayal gücünün yeni bir cesaretinden kaynaklanmaktadır.",Every great advance in science has issued from a new audacity of the imagination.,John Dewey,
"Sağlığı olanın umudu vardır, umudu olanın ise her şeyi vardır.","He who has health has hope, and he who has hope has everything.",,
Tüm büyük başarılar zaman gerektirir.,All great achievements require time.,Maya Angelou,
Sessizliğinizi talep eden veya büyüme hakkınızı reddeden hiç kimse arkadaşınız değildir.,"No person is your friend who demands your silence, or denies your right to grow.",Alice Walker,
İmkansızlıklar henüz öğrenmediğimiz şeylerdir.,Impossibilities are merely things which we have not yet learned.,Charles Chesnutt,
Eylemsiz vizyon bir hayaldir. Vizyonsuz eylem kabustur.,Vision without action is a daydream. Action without vision is a nightmare.,Japanese proverb,
"Üstün İnsan Doğruluğun farkındadır, aşağı insan ise avantajın farkındadır.","The Superior Man is aware of Righteousness, the inferior man is aware of advantage.",Confucius,
"Seni kızdıran, seni yener.",He who angers you conquers you.,Elizabeth Kenny,
Kendi kendisinin efendisi olmayan hiç kimse özgür değildir.,No man is free who is not master of himself.,Epictetus,
Bilenler yapar. Anlayanlar öğretir.,"Those that know, do. Those that understand, teach.",Aristotle,
"Tamamen kendimiz değilsek, gerçekten şu anda değilsek, her şeyi kaçırırız.","If we are not fully ourselves, truly in the present moment, we miss everything.",Thich Nhat Hanh,
"Eğer onu nasıl okuyacağını bilirsen, her insan bir cilttir.",Every man is a volume if you know how to read him.,Channing,
"Hayatın zorlukları bizi acıtmaya değil, daha iyiye götürmeye yöneliktir.","The difficulties of life are intended to make us better, not bitter.",,
"Kalite, kimse bakmadığında da işi doğru yapmaktır.",Quality means doing it right when no one is looking.,Henry Ford,
Kelimelerini değiştir. Dünyanızı değiştirin.,Change your words. Change your world.,,
Büyük eylemler küçük eylemlerden oluşur.,Great acts are made up of small deeds.,Lao Tzu,
Hedefinizi hedeflediğinizde vurma ihtimaliniz önemli ölçüde artar.,The odds of hitting your target go up dramatically when you aim at it.,Mal Pancoast,
Açık zihinler açık kapılara yol açar.,Open minds lead to open doors.,,
Yapabileceklerini düşündükleri için her şeyi yapabilirler.,They can do all because they think they can.,Virgil,
Vücudunuz değerlidir. Uyanış aracımızdır. Dikkatli davranın.,Your body is precious. It is our vehicle for awakening. Treat it with care.,Buddha,
"Her zaman kaybeden, ödülü alan tek kişidir.","The one who always loses, is the only person who gets the reward.",Claire Charmont,
Gelecek tamamen açık ve biz onu an be an yazıyoruz.,"The future is completely open, and we are writing it moment to moment.",Pema Chodron,
"Ne zaman bir korkuyla karşı karşıya kalsak, bunu yaparken güç, cesaret ve güven kazanırız.","Each time we face a fear, we gain strength, courage, and confidence in the doing.",,
Kaşlarını çatma çünkü gülüşüne kimin aşık olacağını asla bilemezsin.,Don't frown because you never know who is falling in love with your smile.,Sinvyest Tan,
Önsezilerinize güvenin. Genellikle bilinç düzeyinin hemen altında saklanan gerçeklere dayanırlar.,Trust your hunches. They're usually based on facts filed away just below the conscious level.,Joyce Brothers,
Sezginizi dinleyin. Bilmeniz gereken her şeyi size anlatacaktır.,Listen to your intuition. It will tell you everything you need to know.,Anthony D'Angelo,
"Ne zaman başına olumsuz bir şey gelse, içinde derin bir ders saklıdır.","Whenever something negative happens to you, there is a deep lesson concealed within it.",Eckhart Tolle,
Bugün başlamayan şey yarın asla bitmez.,What is not started today is never finished tomorrow.,Goethe,
"Nezaketimiz, inandığımız şey için en ikna edici argüman olabilir.",Our kindness may be the most persuasive argument for that which we believe.,Gordon Hinckley,
"Kaos, tüm bileşik şeylerin doğasında vardır. Azimle çalışmaya devam edin.",Chaos is inherent in all compounded things. Strive on with diligence.,Buddha,
Coşku olmadan büyük hiçbir şey başarılmadı.,Nothing great was ever achieved without enthusiasm.,Ralph Emerson,
"Nasıl dinleyeceğini bilirsen, kötü konuşanlardan bile faydalanırsın.","Know how to listen, and you will profit even from those who talk badly.",Plutarch,
İnsan bir şey aradığı sürece yaşlı değildir.,A man is not old as long as he is seeking something.,Edmond Rostand,
"Kaçtığını sandığın an, seni de özler.","The time you think you're missing, misses you too.",Ymber Delecto,
"Hayat aldığınız nefeslerle değil, nefes kesici anlarıyla ölçülür.","Life is not measured by the breaths you take, but by its breathtaking moments.",Michael Vance,
Çoğu zaman daha fazla bilgelik daha az kelimeyle sağlanır.,Much wisdom often goes with fewer words.,Sophocles,
"Hayal gücü, tüm insan algısının yaşayan gücü ve ana aracısıdır.",Imagination is the living power and prime agent of all human perception.,Samuel Taylor Coleridge,
Aynı anda minnettar ve depresif hissetmek imkansızdır.,It is impossible to feel grateful and depressed in the same moment.,Naomi Williams,
İlerleme her zaman riskler içerir. İkinci kaleyi çalıp ayağınızı ilk sırada tutamazsınız.,Progress always involves risks. You can't steal second base and keep your foot on first.,Frederick Wilcox,
"Kelimenin somut anlamında özgürlük, seçme yeteneğinden ibarettir.","Liberty, taking the word in its concrete sense, consists in the ability to choose.",Simone Weil,
İyi söylenen bir şey tüm dillerde esprili olacaktır.,A thing well said will be wit in all languages.,John Dryden,
"Bir dalın yaprakları, bir denizin damlaları, bir bahçenin çiçekleriyiz.","We are the leaves of one branch, the drops of one sea, the flowers of one garden.",Jean Lacordaire,
Bir yol ayrımına gelirseniz alın.,"If you come to a fork in the road, take it.",,
Kimse her şeyi yapamaz ama herkes bir şeyler yapabilir.,"Nobody can do everything, but everybody can do something.",,
Aynı nehre iki kere giremezsiniz çünkü sürekli başka sular akıyor.,"You cannot step twice into the same river, for other waters are continually flowing in.",Heraclitus,
"Mükemmellik, sıradan bir şeyi alışılmadık bir şekilde yapmaktır.",Excellence is to do a common thing in an uncommon way.,Booker Washington,
Geçmiş ne kadar zor olursa olsun her zaman yeniden başlayabilirsiniz.,"No matter how hard the past, you can always begin again.",Buddha,
Bir fikirle başlıyorum ve sonra o başka bir şeye dönüşüyor.,I begin with an idea and then it becomes something else.,Pablo Picasso,
Kim mutluysa başkalarını da mutlu edecektir.,"Whoever is happy will make others happy, too.",Mark Twain,
"İşiniz, işinizi keşfetmek ve sonra tüm kalbinizle kendinizi ona vermektir.",Your work is to discover your work and then with all your heart to give yourself to it.,Buddha,
Sakin ol ama kabul et.,"Take it easy, but take it.",Woody Guthrie,
Dinlenin; Dinlenmiş bir tarla bol ürün verir.,Take rest; a field that has rested gives a bountiful crop.,Ovid,
Elinden geleni yap. Sahip olduğun şeyi iste. Olduğun kişi ol.,Do what you can. Want what you have. Be who you are.,Forrest Church,
"Öfkeliyken konuşun, pişman olacağınız en güzel konuşmayı yapmış olursunuz.",Speak when you are angry and you will make the best speech you will ever regret.,Ambrose Bierce,
"Bazı şeyler değişmiyor, biz değişiyoruz.","Things do not change, we change.",Henry Thoreau,
Olağanüstü bir yeteneğin kullanılması hayattaki en büyük zevktir.,The exercise of an extraordinary gift is the supremest pleasure in life.,Mark Twain,
Bazen bir gün içindeki en önemli şey iki derin nefes arasında aldığımız dinlenmedir.,Sometimes the most important thing in a whole day is the rest we take between two deep breaths.,Etty Hillesum,
"Sağlığı garanti altına almak için: Hafif yiyin, derin nefes alın, ölçülü yaşayın, neşenizi geliştirin ve hayata ilginizi sürdürün.","To ensure good health: eat lightly, breathe deeply, live moderately, cultivate cheerfulness, and maintain an interest in life.",William Londen,
Çoğu gülümseme başka bir gülümsemeyle başlar.,Most smiles are started by another smile.,,
"Hiçbir şey sudan daha yumuşak veya daha esnek değildir, ancak hiçbir şey ona karşı koyamaz.","Nothing is softer or more flexible than water, yet nothing can resist it.",Lao Tzu,
İnsanlar başkalarının duygularına ve mutluluklarına kayıtsız kaldığı sürece gerçek bir işbirliği ruhuna ulaşmak zordur.,It is difficult to achieve a spirit of genuine cooperation as long as people remain indifferent to the feelings and happiness of others.,Dalai Lama,
Güzel sözler ve imalı bir görünüm nadiren gerçek erdemle ilişkilendirilir.,Fine words and an insinuating appearance are seldom associated with true virtue.,Confucius,
Yuvarlak bir dünyada taraf seçemezsiniz.,You can't choose up sides on a round world.,Wayne Dyer,
"İyilik, sağırların duyabileceği, körlerin görebileceği dildir.",Kindness is the language which the deaf can hear and the blind can see.,Mark Twain,
Her şeyi bilmiyor olabilirim ama zaten her şey henüz bilinmiyor.,"I may not know everything, but everything is not known yet anyway.",Byron Pulsifer,
Tek bir çiçeğin mucizesini net olarak görebilseydik tüm hayatımız değişirdi.,"If we could see the miracle of a single flower clearly, our whole life would change.",Buddha,
Yolun kendisi haline gelinceye kadar yolda ilerleyemezsin.,You cannot travel the path until you have become the path itself.,Buddha,
Sınırlamalar yalnızca zihinlerimizde yaşar. Ancak hayal gücümüzü kullanırsak olasılıklarımız sınırsız hale gelir.,"Limitations live only in our minds. But if we use our imaginations, our possibilities become limitless.",Jamie Paolinetti,
Kaybettiğinde dersini kaybetme.,"When you lose, don't lose the lesson.",,
Başarının önündeki en büyük engel başarısızlık korkusudur.,The greatest barrier to success is the fear of failure.,Eriksson,
Bilgeliğin başlangıcı şüphede bulunur; şüphe ederek soruya ulaşırız ve arayarak gerçeğe ulaşabiliriz.,"The beginning of wisdom is found in doubting; by doubting we come to the question, and by seeking we may come upon the truth.",Pierre Abelard,
"Beni her gülümsettiğinde uzanıp bir yıldıza tutunabilseydim, akşam gökyüzünün tamamı avucumun içinde olurdu.","If I could reach up and hold a star for every time you've made me smile, the entire evening sky would be in the palm of my hand.",,
"Düşüncelerimiz tarafından şekillendiriliriz; ne düşünüyorsak ona dönüşürüz. Zihin saf olduğunda neşe, asla ayrılmayan bir gölge gibi onu takip eder.","We are shaped by our thoughts; we become what we think. When the mind is pure, joy follows like a shadow that never leaves.",Buddha,
"İyimser her yerde yeşil ışık gören kişidir, kötümser ise yalnızca kırmızı spot ışığını gören kişidir... Gerçek bilge kişi renk körüdür.","An optimist is a person who sees a green light everywhere, while the pessimist sees only the red spotlight... The truly wise person is colour-blind.",Albert Schweitzer,
"Hayatınızı değiştirmek için hemen başlayın, gösterişli bir şekilde yapın, istisnasız.","To change ones life, start immediately, do it flamboyantly, no exceptions.",William James,
Dağ ne kadar dik olursa tırmanış o kadar zor olur ve bitiş çizgisinden manzara o kadar iyi olur.,The steeper the mountain the harder the climb the better the view from the finishing line.,,
"Olduğum şeyden vazgeçtiğimde, olabileceğim şeye dönüşürüm.","When I let go of what I am, I become what I might be.",Lao Tzu,
"Dönüşüm bir başkasının sizi değiştirmesiyle başlamaz; dönüşüm, şu anda olduğunuz şeyin, olacağınız şeye doğru içsel olarak yeniden işlenmesidir.",Transformation does not start with some one else changing you; transformation is an inner self reworking of what you are now to what you will be.,Byron Pulsifer,
"Zaman bir günün, ayın ya da yılın uzunluğunun bir ölçüsü değil, daha çok başardıklarınızın ölçüsüdür.",Time is not a measure the length of a day or month or year but more a measure of what you have accomplished.,Byron Pulsifer,
"Bir insan nereye dönerse dönsün, ne yaparsa yapsın, sonunda daima doğanın onun için çizdiği yola geri dönecektir.","Wherever a man may happen to turn, whatever a man may undertake, he will always end up by returning to the path which nature has marked out for him.",Johann Wolfgang von Goethe,
"Öfkeye tutunmak, başka birine atmak amacıyla sıcak bir kömürü tutmak gibidir; yanan sensin.",Holding on to anger is like grasping a hot coal with the intent of throwing it at someone else; you are the one who gets burned.,Buddha,
İçeride düşman olmadığında dışarıdaki düşmanlar sana zarar veremez.,"When there is no enemy within, the enemies outside cannot hurt you.",African proverb,
Sevdiğiniz şeyden geçiminizi sağlamak için hiçbir fırsat kıtlığı yoktur; Sadece bunu gerçekleştirmeye yönelik kararlılık kıtlığı var.,There is no scarcity of opportunity to make a living at what you love; theres only scarcity of resolve to make it happen.,Wayne Dyer,
Dünya üzerinde yeteneğinizi kullanabilecek tek kişi sizsiniz.,You are the only person on Earth who can use your ability.,Zig Ziglar,
"Yapamadıklarınızın, yapabileceklerinizi engellemesine izin vermeyin.",Don't let what you can't do stop you from doing what you can do.,,
"Şikayet etmek bir şeyi değiştirmez, sadece harekete geçmek değiştirir.",Complaining doesn't change a thing only taking action does.,Byron Pulsifer,
"Yaşam, geçmişin bir doruk noktası, şimdiki zamanın farkındalığı, bilginin ötesinde geleceğin göstergesi, maddeye ilahilik dokunuşu veren niteliktir.","Life a culmination of the past, an awareness of the present, an indication of the future beyond knowledge, the quality that gives a touch of divinity to matter.",Charles A. Lindbergh,
"Küçük şeylerin tadını çıkarın, çünkü bir gün geriye baktığınızda bunların büyük şeyler olduğunu fark edebilirsiniz.","Enjoy the little things, for one day you may look back and realize they were the big things.",Robert Brault,
Nereye gittiğini bilen herkesin geçmesine izin vermek için dünya arkasını dönüyor.,The world turns aside to let any man pass who knows where he is going.,Epictetus,
"Hakikat, iyilik ve güzellik aynı şeyin farklı yüzleridir.","Truth, and goodness, and beauty are but different faces of the same all.",Ralph Emerson,
Büyük olmak yanlış anlaşılmaktır.,To be great is to be misunderstood.,Ralph Emerson,
"Yalnızca harekete güvenin. Hayat kelimeler düzeyinde değil, olaylar düzeyinde gerçekleşir. Güven hareketi.","Trust only movement. Life happens at the level of events, not of words. Trust movement.",Alfred Adler,
Hayatımızın en belirleyici eylemleri... çoğunlukla dikkate alınmayan eylemlerdir.,The most decisive actions of our life... are most often unconsidered actions.,Andre Gide,
Benzersiz kişiler olarak büyüdükçe başkalarının benzersizliğine saygı duymayı öğreniriz.,"As we grow as unique persons, we learn to respect the uniqueness of others.",Robert Schuller,
"Başarısızlık, başarısız olduğunuz anlamına gelmez, yalnızca henüz başaramadığınız anlamına gelir.",Failure doesn't mean you are a failure it just means you haven't succeeded yet.,Robert Schuller,
"Deneyin ve başarısız olun, ancak denemekten vazgeçmeyin.","Try and fail, but don't fail to try.",Stephen Kaggwa,
Önce kendinize ne olacağınızı söyleyin; ve sonra yapmanız gerekeni yapın.,First say to yourself what you would be; and then do what you have to do.,Epictetus,
"Gurur yüzünden sürekli kendimizi kandırıyoruz. Ancak ortalama vicdanın yüzeyinin derinliklerinde, durgun, küçük bir ses bize şöyle diyor: Bir şeyler akortsuz.","Through pride we are ever deceiving ourselves. But deep down below the surface of the average conscience a still, small voice says to us, Something is out of tune.",Carl Jung,
Çoğunlukla sessiz kalın ve yalnızca mecbur kaldığınızda ve sonra kısaca konuşun.,"Keep silence for the most part, and speak only when you must, and then briefly.",Epictetus,
"Gelecek için korkma, geçmiş için ağlama.","Fear not for the future, weep not for the past.",Percy Shelley,
İsteyecek kadar İlahiyiz ve alacak kadar önemliyiz.,We are Divine enough to ask and we are important enough to receive.,Wayne Dyer,
Öfkeyle bir taşa tekme atarsan kendi ayağını incitirsin.,"If you kick a stone in anger, you'll hurt your own foot.",Korean proverb,
Bir şeyleri tohumun içinde görmek dahiyaneliktir.,"To see things in the seed, that is genius.",Lao Tzu,
"Gerçekten tatmin edici olan mutluluğa, yetilerimizin tam olarak kullanılması ve içinde yaşadığımız dünyanın tam olarak farkına varılması eşlik eder.",The happiness that is genuinely satisfying is accompanied by the fullest exercise of our faculties and the fullest realization of the world in which we live.,Bertrand Russell,
"Başkalarının deneyimlerinden öğrenme becerisine sahip olma konusunda neredeyse benzersiz olan insanoğlu, aynı zamanda bunu yapma konusundaki görünür isteksizliğiyle de dikkat çekicidir.","Human beings, who are almost unique in having the ability to learn from the experience of others, are also remarkable for their apparent disinclination to do so.",Douglas Adams,
"Kendinizden en iyi şekilde yararlanın, çünkü sizden olan tek şey budur.","Make the most of yourself, for that is all there is of you.",Ralph Emerson,
Evren atomlardan değil hikayelerden yapılmıştır.,"The universe is made of stories, not atoms.",Muriel Rukeyser,
"Saygı, yıllarla değil, eylemlerle kazanılmalıdır.","Respect should be earned by actions, and not acquired by years.",Frank Wright,
"Çoğu insanın sorunu, akıllarıyla değil, umutlarıyla, korkularıyla ya da dilekleriyle düşünmeleridir.",The trouble with most people is that they think with their hopes or fears or wishes rather than with their minds.,Will Durant,
Pek çok insan bunu başarmak üzereyken pes ediyor. Bir sonraki engelin ne zaman son engel olacağını asla bilemeyeceğinizi biliyorsunuz.,A lot of people give up just before theyre about to make it. You know you never know when that next obstacle is going to be the last one.,Chuck Norris,
Bazen en büyük cesaret eylemi küçük bir eylemdir.,Sometimes the biggest act of courage is a small one.,Lauren Raffo,
"İnsanlar tembel değil. Sadece güçsüz hedefleri var, yani onlara ilham vermeyen hedefler.","People are not lazy. They simply have impotent goals, that is, goals that do not inspire them.",Tony Robbins,
"İyi olmaya çalışarak değil, zaten içinizde olan iyiliği bularak iyi olursunuz.","You do not become good by trying to be good, but by finding the goodness that is already within you.",Eckhart Tolle,
Mutluluk çoğu zaman açık bıraktığınızı bilmediğiniz bir kapıdan gizlice içeri girer.,Happiness often sneaks in through a door you didn't know you left open.,John Barrymore,
Temelde iki tür insan vardır. Bir şeyleri başaran insanlar ve bir şeyleri başardığını iddia eden insanlar. İlk grup daha az kalabalık.,"There are basically two types of people. People who accomplish things, and people who claim to have accomplished things. The first group is less crowded.",Mark Twain,
Birinin en çok yapmak istediği şeyler muhtemelen en çok yapılmaya değer olan şeylerdir.,The things that one most wants to do are the things that are probably most worth doing.,Winifred Holtby,
"Örnek olmak bir başkasını etkilemenin ana yolu değildir, tek yoludur.","Setting an example is not the main means of influencing another, it is the only means.",Albert Einstein,
"Kaos ve Düzen düşman değil, sadece karşıtlardır.","Chaos and Order are not enemies, only opposites.",Richard Garriott,
Yalnızca başkalarına olan bağlılığımız aracılığıyla benliğimizi gerçekten tanıyabilir ve geliştirebiliriz. Ve ancak kendimiz üzerinde çalışarak başkalarına olan bağlılığımızı geliştirmeye başlayabiliriz.,Only through our connectedness to others can we really know and enhance the self. And only through working on the self can we begin to enhance our connectedness to others.,Harriet Lerner,
"Bir adım atmadan önce iyice düşünen kişi, tüm yaşamını tek ayak üzerinde geçirir.",He who deliberates fully before taking a step will spend his entire life on one leg.,Chinese proverb,
"Kendi kahramanın ol, sinema biletinden daha ucuz.","Be your own hero, it's cheaper than a movie ticket.",Doug Horton,
"Yüzünüzü güneşe çevirin, gölgeler arkanıza düşecektir.",Turn your face toward the sun and the shadows will fall behind you.,Maori proverb,
İşlerin gidişatını en iyi şekilde değerlendirenler için işler en iyi şekilde sonuçlanır.,Things turn out best for those who make the best of the way things turn out.,Jack Buck,
Etkili iletişim kurabilmek için hepimizin dünyayı algılama şeklimizin farklı olduğunun farkına varmalı ve bu anlayışı başkalarıyla iletişimimizde bir rehber olarak kullanmalıyız.,"To effectively communicate, we must realize that we are all different in the way we perceive the world and use this understanding as a guide to our communication with others.",Anthony Robbins,
Yetenek hiçbir zaman talebi karşılayamayacaktır.,Ability will never catch up with the demand for it.,Confucius,
"Artık dünyada güzel hiçbir şey olmadığını söylemeyin. Bir ağacın şeklinde, bir yaprağın titremesinde her zaman merak uyandıracak bir şey vardır.","Never say there is nothing beautiful in the world any more. There is always something to make you wonder in the shape of a tree, the trembling of a leaf.",Albert Schweitzer,
"Sezgi, ruhun kendisinin deneyimi ne olursa olsun, deneyimindeki ruhun gücü veya etkinliğidir.",Intuition is the very force or activity of the soul in its experience through whatever has been the experience of the soul itself.,Henry Reed,
"Cesaret, korkunun olmaması değil, korkuya rağmen onurlu bir şekilde yola devam etmektir.","Courage is not the absence of fear, but simply moving on with dignity despite that fear.",Pat Riley,
Evrendeki hiçbir şeyin izole veya bağımsız bir varlık olarak var olmadığını bilimden biliyoruz.,We know from science that nothing in the universe exists as an isolated or independent entity.,Margaret Wheatley,
Evrendeki her şey dolaylı yoldan gider. Düz çizgiler yoktur.,Everything in the universe goes by indirection. There are no straight lines.,Ralph Emerson,
Hayatı birbirimiz için daha az zorlaştırmak değilse ne için yaşıyoruz?,"What do we live for, if it is not to make life less difficult for each other?",George Eliot,
"Hayatınızdaki her insan, her olay, siz onları oraya çektiğiniz için oradadır. Onlarla ne yapmayı seçeceğiniz size kalmış.","Every person, all the events of your life are there because you have drawn them there. What you choose to do with them is up to you.",Richard Bach,
En derin dileklerimiz gerçek benliğimizin fısıltılarıdır. Onlara saygı duymayı öğrenmeliyiz. Dinlemeyi öğrenmeliyiz.,Our deepest wishes are whispers of our authentic selves. We must learn to respect them. We must learn to listen.,Sarah Breathnach,
Dünya hayal gücü için bir tuvalden başka bir şey değil.,The world is but a canvas to the imagination.,Henry Thoreau,
Mutlu olmak korkmadan kendinin farkına varabilmektir.,To be happy is to be able to become aware of oneself without fright.,Walter Benjamin,
"Her şeye rağmen devam etme gücü, kendi yeteneklerinize inanmanız ve bunu nasıl yapacağınızı bilmeniz anlamına gelir.",Strength to carry on despite the odds means you have faith in your own abilities and know how.,Byron Pulsifer,
"Kendinizden en iyi şekilde yararlanın, çünkü size ait olan tek şey budur.",Make the most of yourself for that is all there is of you.,Ralph Emerson,
Başkalarına karşı nazik olmak istiyorsanız önce kendinize karşı nazik olun.,Be gentle first with yourself if you wish to be gentle with others.,Lama Yeshe,
Değişimi istemek yerine öncelikle değişime hazır olmalısınız.,"Rather than wishing for change, you first must be prepared to change.",Catherine Pulsifer,
"Önce düşünce gelir; daha sonra bu düşüncenin fikirler ve planlar halinde düzenlenmesi; daha sonra bu planların gerçeğe dönüştürülmesi. Başlangıç, sizin de gözlemleyeceğiniz gibi, hayal gücünüzdedir.","First comes thought; then organization of that thought, into ideas and plans; then transformation of those plans into reality. The beginning, as you will observe, is in your imagination.",Napoleon Hill,
"Üstün insan, konuşmadan önce eylemde bulunur ve ardından eylemine göre konuşur.","The superior man acts before he speaks, and afterwards speaks according to his action.",Confucius,
"Akıllı bir insanla masada yapacağınız tek bir sohbet, aylarca kitap okumaya bedeldir.",A single conversation across the table with a wise person is worth a months study of books.,Chinese proverb,
"Yaptıklarımız ile yapabileceklerimiz arasındaki fark, dünyanın birçok sorununu çözmeye yetecektir.",The difference between what we do and what we are capable of doing would suffice to solve most of the worlds problems.,Mohandas Gandhi,
Kıyıyı gözden kaybetmeye cesaret edemediğiniz sürece okyanusu asla geçemezsiniz.,You can never cross the ocean unless you have the courage to lose sight of the shore.,,
"Bir şey için sadece başarılı olma şansı olduğu için değil, iyi olduğu için çalışın.","Work for something because it is good, not just because it stands a chance to succeed.",Vaclav Havel,
"Bilgi yalnızca gerçeğe değil, aynı zamanda hataya da dayanır.","Knowledge rests not upon truth alone, but upon error also.",Carl Jung,
Asla pişman olmamayı ve asla geriye bakmamayı bir yaşam kuralı haline getirin. Pişmanlık korkunç bir enerji israfıdır; onun üzerine inşa edemezsin; sadece debelenmek için.,Make it a rule of life never to regret and never to look back. Regret is an appalling waste of energy; you can't build on it; it's only for wallowing in.,Katherine Mansfield,
Asla pişman olmayın. Eğer iyiyse harikadır. Kötüyse tecrübedir.,"Never regret. If it's good, it's wonderful. If it's bad, it's experience.",Victoria Holt,
Eylemler ve sözler uyum içinde olduğunda tüm dünya değişir.,"When deeds and words are in accord, the whole world is transformed.",Chuang Tzu,
Nazik sözler kısa ve söylenmesi kolay olabilir ancak yankıları gerçekten sonsuzdur.,Kind words can be short and easy to speak but their echoes are truly endless.,Mother Teresa,
"En önemli şey, yeni bir düşünce tarzı, yeni bir bakış açısı için zihnimizi dönüştürmektir: yeni bir iç dünya geliştirmeye çalışmalıyız.","The most important thing is transforming our minds, for a new way of thinking, a new outlook: we should strive to develop a new inner world.",Dalai Lama,
Tutkumuz gücümüzdür.,Our passion is our strength.,Billie Armstrong,
"Nehirlerde dokunduğunuz su, geçenlerin sonuncusu ve gelenlerin ilkidir; şimdiki zamanla da öyle.","In rivers, the water that you touch is the last of what has passed and the first of that which comes; so with present time.",Leonardo da Vinci,
"Bahar, yeniden doğuş ve yeni yaşamın gerçekleşmesi zamanıdır.",Spring is a time for rebirth and the fulfilment of new life.,Byron Pulsifer,
"Hiç kimsenin başına, kendi gücü dahilinde olanın dışında hiçbir şey gelmez.",There is nothing happens to any person but what was in his power to go through with.,Marcus Aurelius,
Hayatta kolayca ilerlemenin iki yolu vardır: Her şeye inanmak ya da her şeyden şüphe etmek; her iki yol da bizi düşünmekten kurtarır.,There are two ways to slide easily through life: to believe everything or to doubt everything; both ways save us from thinking.,Alfred Korzybski,
"İlerleme sanatı, değişimin ortasında düzeni korumak ve düzenin ortasında değişimi korumaktır.","The art of progress is to preserve order amid change, and to preserve change amid order.",Alfred Whitehead,
Kendinizi incelemek istiyorsanız diğer insanların kalplerine bakın. Başkalarını incelemek istiyorsanız kendi kalbinizin içine bakın.,"If you want to study yourself, look into the hearts of other people. If you want to study other people, look into your own heart.",Friedrich von Schiller,
"Yaşam için özdeyiş: Hayatta insanlara sana nasıl davranmasını öğretiyorsan, sana da öyle davranılır.",Maxim for life: You get treated in life the way you teach people to treat you.,Wayne Dyer,
Büyümenin anahtarı bilincimizin daha yüksek boyutlarının farkındalığımıza dahil edilmesidir.,The key to growth is the introduction of higher dimensions of consciousness into our awareness.,Lao Tzu,
Düşünce çiçektir; tomurcuk dilini; arkasındaki meyveyi harekete geçirin.,Thought is the blossom; language the bud; action the fruit behind it.,Ralph Emerson,
"Gerçek mutluluk, koşullar ne kadar zorlu olursa olsun, yenilmez güçlü bir ruh oluşturmak anlamına gelir.","True happiness means forging a strong spirit that is undefeated, no matter how trying our circumstances.",Daisaku Ikeda,
Hiç yapılmaması gereken bir şeyi verimli bir şekilde yapmak kadar yararsız bir şey yoktur.,There is nothing so useless as doing efficiently that which should not be done at all.,Peter Drucker,
Yapmanın aciliyetinden etkilendim. Bilmek yeterli değildir; başvurmalıyız. İstekli olmak yeterli değildir; yapmalıyız.,I have been impressed with the urgency of doing. Knowing is not enough; we must apply. Being willing is not enough; we must do.,Leonardo da Vinci,
En başarılı insanlar B planında iyi olanlardır.,The most successful people are those who are good at plan B.,James Yorke,
"Eleştiri, hiçbir şey söylemeyerek, hiçbir şey yapmayarak ve hiçbir şey olmayarak kolaylıkla kaçınabileceğiniz bir şeydir.","Criticism is something you can easily avoid by saying nothing, doing nothing, and being nothing.",Aristotle,
Düşündüğünüz kadar hızlı uçmak için işe zaten vardığınızı bilerek başlamalısınız.,"To fly as fast as thought, you must begin by knowing that you have already arrived.",Richard Bach,
"Engeller, gözlerinizi hedeften ayırdığınızda gördüğünüz şeylerdir.",Obstacles are those things you see when you take your eyes off the goal.,Hannah More,
"Çoğumuz için en büyük tehlike, hedefimizin çok yüksek olması ve onu kaçırmamız değil, çok aşağıda olması ve ona ulaşmamızdır.","The greatest danger for most of us is not that our aim is too high and we miss it, but that it is too low and we reach it.",Michelangelo,
"En asil ibadet, kendini elinden geldiğince iyi ve adil kılmaktır.",The noblest worship is to make yourself as good and as just as you can.,Isocrates,
"Hiç kimse geriye dönüp yepyeni bir başlangıç ​​yapamasa da, herkes hiçten başlayıp yepyeni bir son yapabilir.","Though no one can go back and make a brand new start, anyone can start from not and make a brand new ending.",Carl Bard,
"Bir rüya, gelecekteki yaşamınız için yaratıcı vizyonunuzdur. Mevcut konfor alanınızdan çıkmalı ve tanıdık olmayan ve bilinmeyenle rahat olmalısınız.",A dream is your creative vision for your life in the future. You must break out of your current comfort zone and become comfortable with the unfamiliar and the unknown.,Denis Waitley,
"Biz tekrar tekrar yaptığımız şeyiz. O halde mükemmellik bir eylem değil, bir alışkanlıktır.","We are what we repeatedly do. Excellence, then, is not an act but a habit.",Aristotle,
Her bir zorluğu mümkün olduğu kadar çok parçaya bölün ve onu çözmek için gerekli olun.,Divide each difficulty into as many parts as is feasible and necessary to resolve it.,Rene Descartes,
Yardım eli bulabileceğiniz en iyi yer kendi kolunuzun ucudur.,The best place to find a helping hand is at the end of your own arm.,,
"Gerçeği sadece akılla değil, kalple de biliyoruz.","We know the truth, not only by the reason, but by the heart.",Blaise Pascal,
Sevinçlerimizi ve üzüntülerimizi onları yaşamadan çok önce seçeriz.,We choose our joys and sorrows long before we experience them.,Kahlil Gibran,
Dünyanın kendi seçtiği gibi yaşamasına izin verin ve kendinize de sizin seçtiğiniz gibi yaşama izni verin.,"Allow the world to live as it chooses, and allow yourself to live as you choose.",Richard Bach,
"Şefkat ve mutluluk zayıflığın değil, güçlülüğün göstergesidir.",Compassion and happiness are not a sign of weakness but a sign of strength.,Dalai Lama,
Şimdi burada ol. Daha sonra başka bir yerde ol. Bu çok mu karmaşık?,Be here now. Be someplace else later. Is that so complicated?,David Bader,
"Düşünmeden öğrenmek israftır, öğrenmeden düşünmek ise tehlikelidir.","Learning without reflection is a waste, reflection without learning is dangerous.",Confucius,
"Başarısızlıktan, yeni şeyler denemeyi reddedecek kadar korkmayın. Hayatın en üzücü özeti üç tanımı içerir: Olabilirdi, olabilirdi ve olmalıydı.","Don't fear failure so much that you refuse to try new things. The saddest summary of life contains three descriptions: could have, might have, and should have.",,
"Sabit kalıpların tümü uyarlanabilirlik veya esneklikten yoksundur. Gerçek, tüm sabit kalıpların dışındadır.",All fixed set patterns are incapable of adaptability or pliability. The truth is outside of all fixed patterns.,Bruce Lee,
Başarısızlığa inanmıyorum. Süreçten keyif aldıysanız bu başarısızlık değildir.,I don't believe in failure. It's not failure if you enjoyed the process.,Oprah Winfrey,
"Dünyadaki en iyi ve en güzel şeyler görülemez, dokunulamaz... ama kalpte hissedilir.","The best and most beautiful things in the world cannot be seen, nor touched... but are felt in the heart.",Helen Keller,
"İş hayatında başarı eğitim, disiplin ve sıkı çalışmayı gerektirir. Ancak eğer bunlardan korkmuyorsanız, fırsatlar bugün de her zaman olduğu kadar harika.","Success in business requires training and discipline and hard work. But if you're not frightened by these things, the opportunities are just as great today as they ever were.",David Rockefeller,
Ne kadar az çaba harcarsanız o kadar hızlı ve güçlü olursunuz.,"The less effort, the faster and more powerful you will be.",Bruce Lee,
"Rüya her zaman önümde koşuyordu. Ona yetişmek, bir an bile uyum içinde yaşamak mucizeydi.","The dream was always running ahead of me. To catch up, to live for a moment in unison with it, that was the miracle.",Anais Nin,
Can sıkıntısının ilacı meraktır. Merakın çaresi yok.,The cure for boredom is curiosity. There is no cure for curiosity.,Ellen Parr,
"Büyük şeyler yapamayız, sadece büyük sevgiyle küçük şeyler yapabiliriz.","We can do no great things, only small things with great love.",Mother Teresa,
"Çiçek gibi ol, yüzünü güneşe dön.","Be like the flower, turn your face to the sun.",Kahlil Gibran,
"Bir yanlışı hatırlamak, akla yük taşımak gibidir.",Remembering a wrong is like carrying a burden on the mind.,Buddha,
Şükür ruhtan çıkan en güzel çiçektir.,Gratitude is the fairest blossom which springs from the soul.,Henry Beecher,
Eğer kendi kalbinizin içine bakarsanız ve orada yanlış bir şey bulamazsanız endişelenecek ne var ki? Korkacak ne var?,"If you look into your own heart, and you find nothing wrong there, what is there to worry about? What is there to fear?",Confucius,
İstemediğiniz şeye sahip olamazsınız.,You cannot have what you do not want.,John Acosta,
Yolun sizi nereye götürebileceğini takip etmeyin. Bunun yerine yol olmayan yere gidin ve iz bırakın.,"Do not follow where the path may lead. Go, instead, where there is no path and leave a trail.",Ralph Waldo Emerson,
"Kendi karanlığınızı bilmek, diğer insanların karanlıklarıyla baş etmenin en iyi yöntemidir.",Knowing your own darkness is the best method for dealing with the darknesses of other people.,Carl Jung,
"Her asil rüyadaki en güzel şey, hayalperesttir...",The best thing in every noble dream is the dreamer...,Moncure Conway,
Bir hayalin gerçekleşmesini istiyorsak bir hayalimiz olmalı.,Weve got to have a dream if we are going to make a dream come true.,Walt Disney,
"Eğer bir şeylerin farklı olmasını istiyorsanız, belki de cevap kendinizin farklı olmasıdır.","If you want things to be different, perhaps the answer is to become different yourself.",Norman Peale,
"Her büyük hayal, bir hayalperestle başlar. Her zaman şunu unutmayın, dünyayı değiştirmek için yıldızlara ulaşacak güce, sabra ve tutkuya sahipsiniz.","Every great dream begins with a dreamer. Always remember, you have within you the strength, the patience, and the passion to reach for the stars to change the world.",Harriet Tubman,
Küçük meselelerde gerçeği ciddiye almayan kimseye büyük meselelerde de güvenilemez.,Anyone who doesn't take truth seriously in small matters cannot be trusted in large ones either.,Albert Einstein,
Tarihten ders alamayanlar onu tekrarlamaya mahkumdur.,Those who cannot learn from history are doomed to repeat it.,George Santayan,
"İşin püf noktası, kişinin neyi vurguladığıdır. Ya kendimizi mutsuz ederiz, ya da kendimizi mutlu ederiz. İş miktarı aynıdır.","The trick is in what one emphasizes. We either make ourselves miserable, or we make ourselves happy. The amount of work is the same.",Carlos Castaneda,
Dayanılması zor şeyleri hatırlamak tatlıdır.,Things that were hard to bear are sweet to remember.,Seneca,
İnsan hayatında üç şey önemlidir. Birincisi nazik olmaktır. İkincisi nazik olmaktır. Üçüncüsü nazik olmaktır.,Three things in human life are important. The first is to be kind. The second is to be kind. The third is to be kind.,Henry James,
Dinlemeyi öğrenin. Fırsat kapınızı çok yavaş çalıyor olabilir.,Learn to listen. Opportunity could be knocking at your door very softly.,Frank Tyger,
"Tüm eylemler düşünceden kaynaklanır, dolayısıyla önemli olan düşüncelerdir.","All action results from thought, so it is thoughts that matter.",Sai Baba,
Hayatınızı yaşamanın yalnızca iki yolu vardır. Sanki hiçbir şey mucize değilmiş gibi. Diğeri sanki her şey bir mucizeymiş gibi.,There are only two ways to live your life. One is as though nothing is a miracle. The other is as though everything is a miracle.,Albert Einstein,
"Önyargı, geçmişi karıştıran, geleceği tehdit eden, bugünü ulaşılmaz kılan bir yüktür.","Prejudice is a burden that confuses the past, threatens the future and renders the present inaccessible.",Maya Angelou,
Başkalarında gördüğümüz kadar kendimizde de var.,Just as much as we see in others we have in ourselves.,William Hazlitt,
"Refah, istediğiniz şeye sahip olmaktan çok, sahip olduğunuzu istemenize bağlıdır.",Prosperity depends more on wanting what you have than having what you want.,Geoffrey F. Abert,
Bilen konuşmaz. Konuşan bilmez.,"He who knows, does not speak. He who speaks, does not know.",Lao Tzu,
Rüzgarı yönlendiremeyiz ama yelkenleri ayarlayabiliriz.,We cannot direct the wind but we can adjust the sails.,,
Dünyanın ebedi gizeminin onun anlaşılabilirliği olduğu söylenebilir.,One may say the eternal mystery of the world is its comprehensibility.,Albert Einstein,
Tamamen ilgisizliğin anları yeni yaratımlar için en iyisidir.,Moments of complete apathy are the best for new creations.,Philip Breedveld,
"Olmak istediğin kişiyi hayal etmek, olduğun kişiyi boşa harcamak demektir.",To dream of the person you would like to be is to waste the person you are.,Tim Menchen,
Önemli olan şu; olabileceğimiz şey uğruna olduğumuz şeyi her an feda edebilmek.,The important thing is this: to be able at any moment to sacrifice what we are for what we could become.,Charles Dubois,
Hiçbir zaman çok geç değildir. Yarın ölecek olsanız bile kendinizi doğru ve net tutun ve bugün mutlu bir insan olun.,"It is never too late. Even if you are going to die tomorrow, keep yourself straight and clear and be a happy human being today.",Lama Yeshe,
"Saygı isteyebileceğiniz, satın alabileceğiniz veya ödünç alabileceğiniz bir şey değildir. Saygı, geçmişi veya statüsü ne olursa olsun her kişiden kazandığınız şeydir.","Respect is not something that you can ask for, buy or borrow. Respect is what you earn from each person no matter their background or status.",Byron Pulsifer,
Şeyler değişmez; biz değişiriz.,Things do not change; we change.,Henry Thoreau,
Sınırlarımızı öğrenmeliyiz. Hepimiz bir şeyiz ama hiçbirimiz her şey değiliz.,"We must learn our limits. We are all something, but none of us are everything.",Blaise Pascal,
"Bir fidenin yollarından bilgeliği öğrenin. Stresli durumlarda asla sertleşmeyen bir fide, asla güçlü ve verimli bir bitki olamaz.",Learn wisdom from the ways of a seedling. A seedling which is never hardened off through stressful situations will never become a strong productive plant.,Stephen Sigmund,
"Hepimiz, imkansız durumlar gibi zekice gizlenmiş bir dizi harika fırsatla karşı karşıyayız.",We are all faced with a series of great opportunities brilliantly disguised as impossible situations.,Charles R. Swindoll,
İyi bir dinleyici olun. Kulaklarınız asla başınızı belaya sokmayacak.,Be a good listener. Your ears will never get you in trouble.,Frank Tyger,
"Meditasyon bilgelik getirir; Arabuluculuğun olmayışı cehaleti bırakır. Seni neyin ileriye götürdüğünü, neyin geride tuttuğunu iyi bil ve bilgeliğe giden yolu seç.","Meditation brings wisdom; lack of mediation leaves ignorance. Know well what leads you forward and what hold you back, and choose the path that leads to wisdom.",Buddha,
"Konuşmayı konuşarak, ders çalışmayı çalışarak, koşmayı koşarak, çalışmayı çalışarak öğrenirsiniz; aynı şekilde severek sevmeyi de öğrenirsiniz.","You learn to speak by speaking, to study by studying, to run by running, to work by working; in just the same way, you learn to love by loving.",Anatole France,
"İyi dinlemek, iyi konuşmak kadar güçlü bir iletişim ve etkileme aracıdır.",To listen well is as powerful a means of communication and influence as to talk well.,John Marshall,
Hayatta tek mutluluk vardır; sevmek ve sevilmek.,"There is only one happiness in life, to love and be loved.",George Sand,
"Duygularla yaşayın, sevgiyle yaşayacaksınız. Çünkü duygu ruhun dilidir ve duygu gerçektir.","Live through feeling and you will live through love. For feeling is the language of the soul, and feeling is truth.",Matt Zotti,
Sözlerdeki nezaket güven yaratır. Düşünmedeki nezaket derinlik yaratır. Verme nezaketi sevgiyi yaratır.,Kindness in words creates confidence. Kindness in thinking creates profoundness. Kindness in giving creates love.,Lao Tzu,
"Olumlu yanını, potansiyeli görün ve çaba gösterin.","See the positive side, the potential, and make an effort.",Dalai Lama,
Kendinizi kabul ederek ve tam olarak olduğunuz gibi davranarak varlığınız başkalarını mutlu edebilir.,"By accepting yourself and being fully what you are, your presence can make others happy.",Jane Roberts,
"Gerçek mutsuz kişi, yapabileceği işi yarım bırakıp anlamadığı şeyi yapmaya başlayan kişidir; üzülmelerine şaşmamalı.","The really unhappy person is the one who leaves undone what they can do, and starts doing what they don't understand; no wonder they come to grief.",Johann Wolfgang von Goethe,
"Konuşmayı teklif ettiğinizde her zaman kendinize şunu sorun: Bu doğru mu, gerekli mi, nazik mi?","If you propose to speak, always ask yourself, is it true, is it necessary, is it kind.",Buddha,
Başkalarının güvenli olduğunu düşündüğünden daha fazla risk almak. Başkalarının düşündüğünden daha fazla önemsemek akıllıcadır. Başkalarının düşündüğünden daha fazlasını hayal edin. Başkalarının mümkün olduğunu düşündüğünden daha fazlasını bekleyin.,Risk more than others think is safe. Care more than others think is wise. Dream more than others think is practical.Expect more than others think is possible.,Cadet Maxim,
"Haklı olma takıntınızı bırakın ve birdenbire zihniniz daha açık olur. Kendi muhakeme gücünüzden etkilenmeden, başkalarının benzersiz bakış açılarından yararlanabilirsiniz.","Let go of your attachment to being right, and suddenly your mind is more open. You're able to benefit from the unique viewpoints of others, without being crippled by your own judgement.",Ralph Marston,
Kırışıklıklar yalnızca gülümsemelerin nerede olduğunu belirtmelidir.,Wrinkles should merely indicate where smiles have been.,Mark Twain,
İrtifanızı yeteneğiniz değil tavrınız belirleyecektir.,"Your attitude, not your aptitude, will determine your altitude.",Zig Ziglar,
Gerçekten sevdiğiniz şeyin daha güçlü çekimine sessizce çekilmenize izin verin.,Let yourself be silently drawn by the stronger pull of what you really love.,Rumi,
"Ahlak mükemmelliği alışkanlığın bir sonucu olarak ortaya çıkar. Adil davranışlarda bulunarak adil, ölçülü eylemlerde bulunarak ılımlı, cesur eylemlerde bulunarak cesur oluruz.","Moral excellence comes about as a result of habit. We become just by doing just acts, temperate by doing temperate acts, brave by doing brave acts.",Aristotle,
İnsan doğasının en derin özlemi takdir edilme ihtiyacıdır.,The deepest craving of human nature is the need to be appreciated.,William James,
Altın Kuralı hafızamıza kazıdık; şimdi bunu hayata geçirelim.,We have committed the Golden Rule to memory; let us now commit it to life.,Edwin Markham,
Güneş ışınlarında olduğu gibi kelimelerde de öyle. Ne kadar yoğunlaşırlarsa o kadar derin yanarlar.,"It is with words as with sunbeams. The more they are condensed, the deeper they burn.",Robert Southey,
İnsanlar birbirlerine benzediklerinde birbirlerinden hoşlanmaya eğilimli olurlar.,When people are like each other they tend to like each other.,Tony Robbins,
Dünyada görmek istediğiniz değişimin kendisi olun.,Be the change that you want to see in the world.,Mohandas Gandhi,
Ne kadar önemsersen o kadar güçlü olabilirsin.,"The more you care, the stronger you can be.",Jim Rohn,
"Tamamen canlı, tamamen insan ve tamamen uyanık olmak, sürekli olarak yuvadan atılmaktır.","To be fully alive, fully human, and completely awake is to be continually thrown out of the nest.",Pema Chodron,
"Her şey bizim olaylara nasıl baktığımıza bağlıdır, onların kendi içlerinde nasıl olduklarına değil.","It all depends on how we look at things, and not how they are in themselves.",Carl Jung,
"Vazgeçmek her zaman zayıf olduğunuz anlamına gelmez; bazen bu, bırakacak kadar güçlü olduğun anlamına gelir.",Giving up doesn't always mean you are weak; sometimes it means that you are strong enough to let go.,,
Dik yokuşlara tırmanmak ilk etapta yavaş bir tempo gerektirir.,To climb steep hills requires a slow pace at first.,William Shakespeare,
"Geliştirilen ve hayata geçirilen bir fikir, yalnızca fikir olarak var olan bir fikirden daha önemlidir.",An idea that is developed and put into action is more important than an idea that exists only as an idea.,Buddha,
Durmaksızın tek bir amacın peşinden gitmek: Başarının sırrı buradadır.,"To follow, without halt, one aim: There is the secret of success.",Anna Pavlova,
"İman, ruhun tasdiklerini kabul etmekten ibarettir; Küfür, onları inkar etmektir.","Belief consists in accepting the affirmations of the soul; Unbelief, in denying them.",Ralph Emerson,
"Pek çok insan, başkası yapabileceğini düşündüğü için yapabileceğini düşündüğünden daha ileri gitti.",Many people have gone further than they thought they could because someone else thought they could.,,
Dünyayı yanlış okuyoruz ve bizi aldattığını söylüyoruz.,We read the world wrong and say that it deceives us.,Rabindranath Tagore,
"Keşke mutlu olmaya çalışmaktan vazgeçseydik, oldukça iyi vakit geçirebilirdik.",If only wed stop trying to be happy wed have a pretty good time.,Edith Wharton,
Kendin ol; geri kalan herkes çoktan kapılmış durumda.,Be yourself; everyone else is already taken.,Oscar Wilde,
"Cehaletinizin işareti adaletsizliğe ve trajediye olan inancınızın derinliğidir. Tırtılın dünyanın sonu dediği şeye Üstad, kelebek adını verir.","The mark of your ignorance is the depth of your belief in injustice and tragedy. What the caterpillar calls the end of the world, the Master calls the butterfly.",Richard Bach,
"İyi tavsiyelere bu kadar az dikkat ettiğim için mutluyum; Eğer buna uysaydım, en değerli hatalarımdan bazılarından kurtulabilirdim.",I am glad that I paid so little attention to good advice; had I abided by it I might have been saved from some of my most valuable mistakes.,Edna Millay,
"Sevgi, mutluluğun kapılarını açan ana anahtardır.",Love is the master key that opens the gates of happiness.,Oliver Holmes,
"Yaşamda başarıya ulaşan kişi, hedefini istikrarlı bir şekilde gören ve onu şaşmadan hedefleyen kişidir. Bu adanmışlıktır.",The person who makes a success of living is the one who see his goal steadily and aims for it unswervingly. That is dedication.,Cecil B. DeMille,
Her başarısızlıkla itibarım artıyor.,My reputation grows with every failure.,George Shaw,
"İyi düşünceler, yerine getirilmedikçe iyi rüyalardan daha iyi değildir.","Good thoughts are no better than good dreams, unless they be executed.",Ralph Emerson,
"Büyük şeylerde mükemmelliğe ulaşmak istiyorsanız, küçük konulardaki alışkanlığınızı geliştirin. Mükemmellik bir istisna değildir, hakim bir tutumdur.","If you are going to achieve excellence in big things, you develop the habit in little matters. Excellence is not an exception, it is a prevailing attitude.",Colin Powell,
"Hiç hata yapmayan kişi, yeni bir şey denememiştir.",A person who never made a mistake never tried anything new.,Albert Einstein,
"Binlerce içi boş sözden daha iyidir, huzur getiren tek bir kelimedir.",Better than a thousand hollow words is one word that brings peace.,Buddha,
Harekete geçmeye ve tepki vermemeye karar verdiğimizde olasılıklar çoktur.,The possibilities are numerous once we decide to act and not react.,George Bernard Shaw,
Neredeyse her şey hiçlikten gelir.,Almost everything comes from nothing.,Henri Amiel,
Korktuğunuz şey yerine bildiğinizi dinleyin.,Listen to what you know instead of what you fear.,Richard Bach,
"Başkasının aracılığıyla yaşamak, kendinizi tamamlamaktan daha kolaydır.",It is easier to live through someone else than to become complete yourself.,Betty Friedan,
"Kötü bir durumdaysanız endişelenmeyin, bu değişecektir. Eğer iyi bir durumdaysanız, değişeceğinden endişelenmeyin.","If you're in a bad situation, don't worry it'll change. If you're in a good situation, don't worry it'll change.",John Simone,
"Başarısızlığın bir kişi değil, bir olay olduğunu unutmayın.","Remember that failure is an event, not a person.",Zig Ziglar,
Kendiniz olmanıza izin vermeyecek bir ilişkiye razı olmayın.,Don't settle for a relationship that won't let you be yourself.,Oprah Winfrey,
"İnsanın koşulların yarattığı bir yaratık olduğunu söylemek yerine, koşulların mimarının insan olduğunu söylemek daha doğru olacaktır.","Instead of saying that man is the creature of circumstance, it would be nearer the mark to say that man is the architect of circumstance.",Thomas Carlyle,
"Her zaman yaptığınız şeyi yaparsanız, her zaman elde ettiğinizi elde edersiniz.","If you do what you've always done, you'll get what youve always gotten.",Tony Robbins,
"İlmin üç derecesi vardır; fikir, ilim ve aydınlanma. Birincinin aracı ya da aracı anlamdır; ikincisi diyalektik; üçüncüsü, sezgi.","Knowledge has three degrees, opinion, science, illumination. The means or instrument of the first is sense; of the second, dialectic; of the third, intuition.",Plotinus,
Asla yaşamıyoruz; her zaman yaşama beklentisi içindeyiz.,We never live; we are always in the expectation of living.,Voltaire,
"Gülün dikeni var diye şikayet edebilirsin, dikenin gülü var diye sevinebilirsin.","You can complain because roses have thorns, or you can rejoice because thorns have roses.",Ziggy,
Herkes için tek bir büyük kozmik anlam yoktur; yalnızca her birimizin hayatımıza kattığı anlam vardır.,"There is not one big cosmic meaning for all, there is only the meaning we each give to our life.",Anais Nin,
Harcamaktan keyif aldığınız zaman boşa gitmemiştir.,Time you enjoyed wasting was not wasted.,John Lennon,
Bu bir beyefendinin son sınavıdır: kendisi için hiçbir değeri olmayacak olanlara duyduğu saygı.,This is the final test of a gentleman: his respect for those who can be of no possible value to him.,William Lyon Phelps,
Öğrenmeye en çok ihtiyaç duyduğunuz şeyi en iyi siz öğretirsiniz.,You teach best what you most need to learn.,Richard Bach,
"Cesur bir aptallık eylemi değil, başkalarının geri adım atmak yerine ileri gitmek istemediği durumlarda harekete geçme niteliği ve içsel gücüdür.",Bold is not the act of foolishness but the attribute and inner strength to act when others will not so as to move forward not backward.,Byron Pulsifer,
İnce buz üzerinde kayarken güvenliğimiz hızımızdadır.,In skating over thin ice our safety is in our speed.,Ralph Emerson,
"Misyonunuzu keşfettiğinizde, onun talebini hissedeceksiniz. Sizi coşkuyla ve üzerinde çalışmaya başlama konusunda yakıcı bir arzuyla dolduracak.","When you discover your mission, you will feel its demand. It will fill you with enthusiasm and a burning desire to get to work on it.",W. Clement Stone,
Asla gerçekleştirebileceğinizden fazlasını vaat etmeyin.,Never promise more than you can perform.,Publilius Syrus,
"Eğer istediğinin peşinden gitmezsen, ona asla sahip olamazsın. Sormazsanız cevap her zaman hayırdır. Eğer ileri adım atmazsanız hep aynı yerdesiniz.","If you don't go after what you want, you'll never have it. If you don't ask, the answer is always no. If you don't step forward, you're always in the same place.",Nora Roberts,
Zihnimizin kabul ettiklerimiz dışında hiçbir sınırlaması yoktur.,There are no limitations to the mind except those we acknowledge.,Napoleon Hill,
"Bilim yoluyla kanıtlarız, ancak sezgi yoluyla keşfederiz.","It is through science that we prove, but through intuition that we discover.",Jules Poincare,
"Vedalar sizi yıldırmasın. Tekrar buluşmadan önce bir veda gereklidir. Dost olanlar için, anlar ya da ömürler sonra tekrar buluşmak kaçınılmazdır.","Don't be dismayed by good-byes. A farewell is necessary before you can meet again. And meeting again, after moments or lifetimes, is certain for those who are friends.",Richard Bach,
"Eğer hayatınızdaki biri sizinle sizin kendinizle konuştuğunuz gibi konuşsaydı, onu uzun zaman önce terk etmiş olurdunuz.","If someone in your life talked to you the way you talk to yourself, you would have left them long ago.",Carla Gordon,
"Kozmos ne ahlaki ne de ahlak dışıdır; sadece insanlar öyledir. Dünyayı hareket ettirmek isteyen, önce kendisini hareket ettirmeli.",The cosmos is neither moral or immoral; only people are. He who would move the world must first move himself.,Edward Ericson,
Bugün kaybederseniz yarın kazanın. Bu hiç bitmeyen meydan okuma ruhunda bir galibin kalbi vardır.,"If you lose today, win tomorrow. In this never-ending spirit of challenge is the heart of a victor.",Daisaku Ikeda,
Eğer değişirsek her şeyin daha iyiye gidip gitmeyeceğini söyleyemem; Daha iyi olmak istiyorlarsa değişmeleri gerektiğini söyleyebilirim.,I cannot say whether things will get better if we change; what I can say is they must change if they are to get better.,Georg Lichtenberg,
Başkalarını tanıyan bilgedir. Kendini bilen aydınlanır.,He who knows others is wise. He who knows himself is enlightened.,Lao Tzu,
Geleceğinizi tahmin etmenin en iyi yolu onu yaratmaktır.,The best way to predict your future is to create it.,Peter Drucker,
"Bir bahçe her zaman, tıpkı hayatın kendisi gibi, birkaç zafere karşı bir dizi kayıptır.","A garden is always a series of losses set against a few triumphs, like life itself.",May Sarton,
"Eğer gerçekler daha sonra bilgi ve bilgeliği üreten tohumlarsa, o zaman duygular ve duyuların izlenimleri de tohumların büyümesi gereken verimli topraklardır.","If facts are the seeds that later produce knowledge and wisdom, then the emotions and the impressions of the senses are the fertile soil in which the seeds must grow.",Rachel Carson,
Hareketi asla eylemle karıştırmayın.,Never mistake motion for action.,Ernest Hemingway,
"İnsanın inanacak bir şeye, tüm kalbiyle coşku duyabileceği bir şeye ihtiyacı vardır. Kişinin hayatının bir anlamı olduğunu, bu dünyada kendisine ihtiyaç duyulduğunu hissetmesi gerekir.","One needs something to believe in, something for which one can have whole-hearted enthusiasm. One needs to feel that ones life has meaning, that one is needed in this world.",Hannah Senesh,
"Kendi görüşlerinde çok ısrarcı olan kişi, kendisiyle aynı fikirde olan çok az kişi bulur.","One who is too insistent on his own views, finds few to agree with him.",Lao Tzu,
"Meditasyon, düşüncelerin sonsuz farkındalıkta veya Saf bilinçte nesneleşmeden çözülmesi, düşünmeden bilme, sonluluğu sonsuzlukla birleştirmedir.","Meditation is the dissolution of thoughts in eternal awareness or Pure consciousness without objectification, knowing without thinking, merging finitude in infinity.",Voltaire,
İyi içgüdüler genellikle kafanız bunu anlamadan çok önce size ne yapmanız gerektiğini söyler.,Good instincts usually tell you what to do long before your head has figured it out.,Michael Burke,
"Gündüz rüya görenler, yalnızca gece rüya görenlerin gözünden kaçan pek çok şeyin farkındadır.",Those who dream by day are cognizant of many things which escape those who dream only by night.,Edgar Allan Poe,
"Kendi yolumuzu aydınlatmadan, başkasının yolunu aydınlatmak için bir meşale tutamayız.",We cannot hold a torch to light another's path without brightening our own.,Ben Sweetland,
"Nazik sözler kısa ve söylenmesi kolay olabilir, ancak yankıları gerçekten sonsuzdur.","Kind words can be short and easy to speak, but their echoes are truly endless.",Mother Teresa,
"Acılarınızı değil, sevinçlerinizi sayın. Düşmanlarınız yerine dostlarınızı sayın.",Count your joys instead of your woes. Count your friends instead of your foes.,,
Hayaller gerçek oluyor. Bu olasılık olmasaydı doğa bizi bunlara sahip olmaya teşvik etmezdi.,"Dreams come true. Without that possibility, nature would not incite us to have them.",John Updike,
Hayal gücü bizi çoğu zaman hiç var olmamış dünyalara taşır. Ama o olmadan hiçbir yere varamayız.,Imagination will often carry us to worlds that never were. But without it we go nowhere.,Carl Sagan,
"Bir mutluluk kapısı kapanınca diğeri açılır; ama çoğu zaman kapalı kapıya o kadar uzun süre bakarız ki, bizim için açılan kapıyı görmeyiz.","When one door of happiness closes, another opens; but often we look so long at the closed door that we do not see the one which has been opened for us.",Helen Keller,
Başarılarınızın yüksekliği inançlarınızın derinliğine eşit olacaktır.,The height of your accomplishments will equal the depth of your convictions.,William Scolavino,
"Güçlü olmaya, gücümü vizyonumun hizmetinde kullanmaya cesaret ettiğimde, korkup korkmadığımın önemi giderek azalıyor.","When I dare to be powerful, to use my strength in the service of my vision, then it becomes less and less important whether I am afraid.",Audre Lorde,
"Bazen kaderimiz kışın meyve veren bir ağaca benzer. O dalların yeniden yeşerip çiçek açacağını kim düşünürdü ama biz umuyoruz, bunu biliyoruz.","Sometimes our fate resembles a fruit tree in winter. Who would think that those branches would turn green again and blossom, but we hope it, we know it.",Johann Wolfgang von Goethe,
Kaybettik çünkü kendimize kaybettiğimizi söyledik.,We lost because we told ourselves we lost.,Leo Tolstoy,
"Başarı, imkansızı, mümkün olanı kanıtlayanlar tarafından belirlenir.","Success is determined by those whom prove the impossible, possible.",James Pence,
"Kazanan en hızlı arabaya sahip olan değil, kaybetmeyi reddedendir.",The winner ain't the one with the fastest car it's the one who refuses to lose.,Dale Earnhardt,
"Hiç kimse, çenesini kapalı tutan kişiden daha iyi bir dile hakim olamaz.",No one has a finer command of language than the person who keeps his mouth shut.,Sam Rayburn,
"Hiç hata yapmayan tek kişi, hiçbir şey yapmayan kişidir.",The only person who never makes mistakes is the person who never does anything.,Denis Waitley,
"Hayat, sen başka planlar yapmakla meşgulken başına gelenlerdir.",Life is what happens to you while you're busy making other plans.,John Lennon,
"Keşif, herkesin gördüğünü görmek ve kimsenin düşünmediğini düşünmekten ibarettir.",Discovery consists of seeing what everybody has seen and thinking what nobody else has thought.,Jonathan Swift,
İliminiz varsa bırakın başkaları da onun mumlarını yaksın.,"If you have knowledge, let others light their candles in it.",Margaret Fuller,
Bir insanın zaten bildiğini sandığı bir şeyi öğrenmesi imkansızdır.,It is impossible for a man to learn what he thinks he already knows.,Epictetus,
Kendinizi bir çukurda bulursanız yapmanız gereken ilk şey kazmayı bırakmaktır.,"If you find yourself in a hole, the first thing to do is stop digging.",Will Rogers,
"Duyduğumuz her şey bir fikirdir, gerçek değil. Gördüğümüz her şey bir bakış açısıdır, gerçek değil.","Everything we hear is an opinion, not a fact. Everything we see is a perspective, not the truth.",Marcus Aurelius,
"Başarının anahtarı olan altı temel nitelik: Samimiyet, kişisel bütünlük, tevazu, nezaket, bilgelik, yardımseverlik.","Six essential qualities that are the key to success: Sincerity, personal integrity, humility, courtesy, wisdom, charity.",William Menninger,
Olan her ne ise onunla ak ve zihninin özgür olmasına izin ver. Yaptığınız her şeyi kabul ederek merkezde kalın. Bu son noktadır.,Flow with whatever is happening and let your mind be free. Stay centred by accepting whatever you are doing. This is the ultimate.,Chuang Tzu,
Hiçbir şey insanın çok erken vazgeçtiği ve dünyayı kurtarabilecek harcanmamış bir çabayı geride bıraktığı korkusundan daha kötü olamaz.,"Nothing could be worse than the fear that one had given up too soon, and left one unexpended effort that might have saved the world.",Jane Addams,
"Başlayın, cesur olun ve bilge olmaya cesaret edin.","Begin, be bold, and venture to be wise.",Horace,
Mucizeler anlarda gelir. Hazır ve istekli olun.,Miracles come in moments. Be ready and willing.,Wayne Dyer,
Dünyanın harikaları sayısızdır ama hiçbiri insandan daha harika değildir.,"Numberless are the worlds wonders, but none more wonderful than man.",Sophocles,
"Neşe ya da iyi huy da öyle; ne kadar harcanırsa, o kadar çok kalır.","So is cheerfulness, or a good temper, the more it is spent, the more remains.",Ralph Emerson,
"Kendimizi mutlu etmenin gerçek yolu, işimizi sevmek ve ondan zevk almaktır.",The true way to render ourselves happy is to love our work and find in it our pleasure.,Francoise de Motteville,
"Bir başkasını yargıladığınızda onu değil, kendinizi tanımlarsınız.","When you judge another, you do not define them, you define yourself.",Wayne Dyer,
Sınırlamalarınızı tartışın ve onların sizin olduğundan emin olun.,"Argue for your limitations, and sure enough they're yours.",Richard Bach,
"Başkalarının iyiliğini güvence altına almak isteyen, kendi iyiliğini zaten güvence altına almıştır.","He who wishes to secure the good of others, has already secured his own.",Confucius,
"Gelecek opak bir aynadır. Ona bakmaya çalışan herkes, yaşlı ve endişeli bir yüzün belirsiz hatlarından başka bir şey görmüyor.",The future is an opaque mirror. Anyone who tries to look into it sees nothing but the dim outlines of an old and worried face.,Jim Bishop,
Başkaları hakkında bizi rahatsız eden her şey kendimizi daha iyi anlamamıza yol açabilir.,Everything that irritates us about others can lead us to a better understanding of ourselves.,Carl Jung,
Yarı gerçeğe dikkat edin. Yanlış yarıyı yakalamış olabilirsiniz.,Beware of the half truth. You may have gotten hold of the wrong half.,,
"Hayatta yapabileceğiniz en büyük hata, sürekli olarak bir hata yapacağınızdan korkmaktır.",The greatest mistake you can make in life is to be continually fearing you will make one.,Elbert Hubbard,
Söylemediğim hiçbir şeyden dolayı asla incinmedim.,I have never been hurt by anything I didn't say.,Calvin Coolidge,
"Kendinizi istediğiniz gibi yapamayacağınız için, başkalarını onların olmasını istediğiniz gibi yapamayacağınız için öfkelenmeyin.","Be not angry that you cannot make others as you wish them to be, since you cannot make yourself as you wish to be.",Thomas Kempis,
"Üstün olmayı arzulayan kişi, kendi içinde en mükemmel olan şeylerde çaba göstermelidir.",One that desires to excel should endeavour in those things that are in themselves most excellent.,Epictetus,
"Eğer hata yaptıysanız, sizin için her zaman bir şans daha vardır. İstediğiniz an yeni bir başlangıç ​​yapabilirsiniz.","If you have made mistakes, there is always another chance for you. You may have a fresh start any moment you choose.",Mary Pickford,
"Dağların doruklarında bulacağınız tek Zen, oraya getirdiğiniz Zen'dir.",The only Zen you find on the tops of mountains is the Zen you bring up there.,Robert Pirsig,
"Güçlü insanlar da zayıf insanlar kadar hata yapar. Fark, güçlü insanların hatalarını kabul etmesi, onlara gülmesi ve onlardan ders almasıdır. Bu şekilde güçlü oluyorlar.","Strong people make as many mistakes as weak people. Difference is that strong people admit their mistakes, laugh at them, learn from them. That is how they become strong.",Richard Needham,
"Amacınızı bilmek, yönlü bir hayat yaşamaktır ve bu yönde huzur ve sükunet bulunur.","To know your purpose is to live a life of direction, and in that direction is found peace and tranquillity.",Byron Pulsifer,
Kimsenin üstüne çıkmadan da dik durabilirsin. Kurbanlarınız olmadan da kazanan olabilirsiniz.,You can stand tall without standing on someone. You can be a victor without having victims.,Harriet Woods,
Kötü zamanların bilimsel bir değeri vardır. Bunlar iyi bir öğrencinin kaçırmayacağı fırsatlardır.,Bad times have a scientific value. These are occasions a good learner would not miss.,Ralph Emerson,
"Seni engelleyen kim olduğun değil, kim olmadığını düşündüğündür.","It's not who you are that holds you back, it's who you think you're not.",,
"Yeterince yeterli olduğunu bilen, her zaman yeterli olacaktır.",He who knows that enough is enough will always have enough.,Lao Tzu,
Bir arkadaşa sahip olmanın tek yolu arkadaş olmaktır.,The only way to have a friend is to be one.,Ralph Emerson,
Vizyonunuz ancak kendi kalbinizin içine bakabildiğinizde netleşecektir. Dışarıya bakan rüya görür; İçeri bakan uyanır.,"Your vision will become clear only when you can look into your own heart. Who looks outside, dreams; who looks inside, awakes.",Carl Jung,
"Hiçbir zaman her şeyi yapmak için yeterli zaman yoktur, ancak her zaman en önemli şeyi yapmak için yeterli zaman vardır.","There is never enough time to do everything, but there is always enough time to do the most important thing.",Brian Tracy,
"Ne olursan ol, ne olmuşsan odur. Şimdi ne yaparsan o olacaksın.",What you are is what you have been. What you'll be is what you do now.,Buddha,
"İnsan doğasında, tüm kötülüklerden tüm iyiliği çıkarmaya yönelik doğal bir eğilim kesinlikle vardır.",There surely is in human nature an inherent propensity to extract all the good out of all the evil.,Benjamin Haydon,
Ne gördüğümüz esas olarak ne aradığımıza bağlıdır.,What we see depends mainly on what we look for.,John Lubbock,
Bir gram duygu bir ton gerçeğe eşittir.,An ounce of emotion is equal to a ton of facts.,John Junor,
"Kendimizi yeniden keşfetmek ve hayatlarımızı özgünlükle yaşamak istiyorsak, bize hizmet etmeyen şeylere ve insanlara HAYIR deme cesaretini bulmamız gerekiyor.",We need to find the courage to say NO to the things and people that are not serving us if we want to rediscover ourselves and live our lives with authenticity.,Barbara De Angelis,
Başlama sanatı büyüktür ama bitirme sanatı daha büyüktür.,"Great is the art of beginning, but greater is the art of ending.",Lazurus Long,
"Basitçe söylemek gerekirse, bazı şeylerin veya insanların sizi mutsuz ettiğine inanırsınız, ancak bu doğru değildir. Kendini mutsuz ediyorsun.","Simply put, you believer that things or people make you unhappy, but this is not accurate. You make yourself unhappy.",Wayne Dyer,
Sen yapmadığın sürece hiçbir şey işe yaramayacak.,Nothing will work unless you do.,Maya Angelou,
Mutluluğa ve başarıya ulaşma yeteneğimiz kanatlarımızın gücüne bağlıdır.,Our ability to achieve happiness and success depends on the strength of our wings.,Catherine Pulsifer,
Arkadaşlarınızın ve her gün gördüğünüz insanların çoğunun baskın düşüncesine karşı çıkmak belki de gerçekleştirebileceğiniz en zor kahramanlık eylemidir.,"To go against the dominant thinking of your friends, of most of the people you see every day, is perhaps the most difficult act of heroism you can perform.",Theodore H. White,
"Şükran geçmişimizi anlamlandırır, bugüne huzur getirir ve yarına dair bir vizyon yaratır.","Gratitude makes sense of our past, brings peace for today, and creates a vision for tomorrow.",Melody Beattie,
Her hayata yağmur yağmalıdır ama yağmur hayat veren olabilir ve yağmurun güneş ışığı üretmesini sağlayan şey tamamen sizin tavrınızdır.,Into each life rain must fall but rain can be the giver of life and it is all in your attitude that makes rain produce sunshine.,Byron Pulsifer,
"Hepimiz kendimizi ideallerimize göre yargılama eğilimindeyiz; diğerleri, eylemleriyle.","We are all inclined to judge ourselves by our ideals; others, by their acts.",Harold Nicolson,
Deneyimi akıllıca kullanırsanız hiçbir şey zaman kaybı değildir.,Nothing is a waste of time if you use the experience wisely.,Rodin,
"Eğer bir yol diğerinden daha iyiyse, bunun doğanın yolu olduğundan emin olabilirsiniz.","If one way be better than another, that you may be sure is natures way.",Aristotle,
"İşte kazanmak için sahip olunması gereken bir nitelik: amacın kesinliği, ne istediğinin bilgisi ve ona sahip olmak için yakıcı bir arzu.","Here is one quality that one must possess to win, and that is definiteness of purpose, the knowledge of what one wants, and a burning desire to possess it.",Napoleon Hill,
Kaderimizi yıldızlarda değil kendi içimizde tutarız.,It is not in the stars to hold our destiny but in ourselves.,William Shakespeare,
"Karar verme gücünü kullanmak size, hayatınızın herhangi bir bölümünü bir anda değiştirmek için her türlü bahaneyi aşma kapasitesini verir.",Using the power of decision gives you the capacity to get past any excuse to change any and every part of your life in an instant.,Tony Robbins,
Bazen bize dağıtılan kartlar her zaman adil olmayabilir. Ancak gülümsemeye devam etmeli ve yolunuza devam etmelisiniz.,Sometimes the cards we are dealt are not always fair. However you must keep smiling and moving on.,Tom Jackson,